id,sales
0,15
1,13
2,14
3,15
4,20
5,19
6,22
7,15
8,13
9,14
10,14
11,13
12,14
13,23
14,12
15,14
16,14
17,14
18,18
19,18
20,22
21,11
22,15
23,15
24,15
25,14
26,16
27,21
28,12
29,16
30,15
31,16
32,21
33,23
34,23
35,14
36,15
37,16
38,15
39,17
40,18
41,21
42,11
43,15
44,18
45,17
46,16
47,19
48,20
49,9
50,15
51,17
52,17
53,16
54,18
55,22
56,12
57,16
58,16
59,19
60,19
61,18
62,20
63,14
64,14
65,17
66,16
67,18
68,17
69,20
70,16
71,19
72,21
73,21
74,20
75,19
76,22
77,15
78,16
79,20
80,20
81,21
82,21
83,21
84,18
85,17
86,16
87,16
88,19
89,19
90,17
91,19
92,19
93,20
94,26
95,25
96,24
97,18
98,20
99,20
100,21
101,26
102,24
103,23
104,17
105,21
106,21
107,21
108,28
109,25
110,23
111,17
112,18
113,17
114,17
115,25
116,22
117,22
118,17
119,18
120,18
121,24
122,26
123,27
124,29
125,17
126,22
127,23
128,25
129,27
130,29
131,30
132,16
133,25
134,25
135,24
136,25
137,26
138,28
139,18
140,19
141,19
142,20
143,29
144,28
145,29
146,19
147,20
148,19
149,27
150,32
151,36
152,36
153,21
154,24
155,24
156,26
157,31
158,32
159,32
160,21
161,24
162,24
163,25
164,27
165,30
166,30
167,20
168,24
169,25
170,25
171,30
172,31
173,34
174,20
175,26
176,26
177,26
178,28
179,30
180,15
181,18
182,19
183,21
184,19
185,21
186,21
187,17
188,18
189,19
190,21
191,19
192,20
193,20
194,17
195,20
196,21
197,21
198,20
199,22
200,22
201,17
202,19
203,18
204,18
205,20
206,21
207,21
208,17
209,18
210,18
211,24
212,26
213,27
214,25
215,17
216,22
217,22
218,24
219,22
220,24
221,24
222,17
223,23
224,23
225,22
226,21
227,22
228,23
229,17
230,19
231,19
232,20
233,22
234,23
235,24
236,17
237,20
238,19
239,21
240,25
241,26
242,25
243,21
244,23
245,23
246,22
247,26
248,28
249,30
250,21
251,23
252,23
253,23
254,28
255,28
256,27
257,19
258,22
259,22
260,20
261,30
262,29
263,27
264,21
265,23
266,25
267,24
268,30
269,31
270,16
271,18
272,17
273,17
274,22
275,23
276,22
277,15
278,19
279,18
280,19
281,19
282,19
283,18
284,16
285,19
286,18
287,18
288,20
289,20
290,19
291,16
292,17
293,17
294,18
295,20
296,20
297,19
298,13
299,14
300,15
301,18
302,24
303,25
304,24
305,15
306,18
307,19
308,18
309,19
310,20
311,22
312,16
313,17
314,16
315,18
316,19
317,20
318,21
319,13
320,16
321,17
322,18
323,19
324,20
325,22
326,13
327,15
328,16
329,21
330,26
331,25
332,24
333,20
334,21
335,22
336,22
337,25
338,25
339,26
340,19
341,22
342,22
343,22
344,26
345,26
346,26
347,19
348,21
349,21
350,20
351,28
352,27
353,25
354,20
355,22
356,22
357,22
358,22
359,23
360,8
361,9
362,11
363,12
364,14
365,14
366,14
367,12
368,13
369,13
370,13
371,14
372,14
373,14
374,10
375,11
376,14
377,14
378,13
379,13
380,14
381,10
382,11
383,12
384,12
385,14
386,15
387,16
388,11
389,9
390,10
391,14
392,15
393,15
394,15
395,11
396,12
397,13
398,13
399,16
400,18
401,20
402,11
403,12
404,13
405,13
406,17
407,20
408,20
409,13
410,13
411,13
412,13
413,17
414,19
415,19
416,11
417,13
418,14
419,18
420,18
421,19
422,18
423,14
424,13
425,14
426,14
427,17
428,18
429,19
430,15
431,15
432,16
433,16
434,20
435,19
436,19
437,13
438,14
439,16
440,16
441,16
442,15
443,17
444,13
445,14
446,17
447,17
448,18
449,19
450,9
451,9
452,11
453,11
454,14
455,14
456,14
457,11
458,12
459,12
460,12
461,14
462,14
463,15
464,10
465,11
466,13
467,14
468,14
469,14
470,15
471,10
472,11
473,12
474,12
475,15
476,16
477,17
478,10
479,9
480,10
481,14
482,14
483,14
484,15
485,10
486,13
487,13
488,13
489,15
490,18
491,18
492,10
493,13
494,13
495,13
496,16
497,18
498,18
499,12
500,13
501,12
502,11
503,16
504,17
505,17
506,10
507,13
508,13
509,17
510,18
511,19
512,18
513,14
514,12
515,13
516,15
517,17
518,17
519,18
520,14
521,14
522,15
523,15
524,20
525,19
526,19
527,13
528,14
529,16
530,17
531,20
532,20
533,20
534,13
535,15
536,17
537,17
538,20
539,21
540,7
541,8
542,10
543,10
544,13
545,13
546,15
547,9
548,10
549,12
550,13
551,13
552,13
553,14
554,9
555,10
556,13
557,13
558,13
559,13
560,13
561,8
562,9
563,12
564,12
565,13
566,13
567,13
568,9
569,9
570,10
571,15
572,11
573,12
574,14
575,7
576,13
577,15
578,15
579,15
580,16
581,17
582,8
583,13
584,14
585,13
586,15
587,16
588,16
589,10
590,13
591,11
592,11
593,15
594,14
595,14
596,10
597,12
598,13
599,16
600,19
601,19
602,17
603,13
604,11
605,14
606,14
607,16
608,17
609,19
610,13
611,14
612,15
613,15
614,20
615,19
616,18
617,10
618,12
619,15
620,16
621,17
622,16
623,17
624,12
625,13
626,15
627,15
628,18
629,19
630,18
631,19
632,19
633,20
634,20
635,20
636,20
637,17
638,18
639,19
640,19
641,21
642,24
643,26
644,16
645,18
646,19
647,19
648,22
649,22
650,23
651,17
652,17
653,17
654,16
655,21
656,22
657,24
658,19
659,21
660,20
661,18
662,25
663,27
664,29
665,16
666,19
667,20
668,26
669,25
670,25
671,26
672,18
673,20
674,20
675,24
676,22
677,23
678,24
679,15
680,21
681,21
682,26
683,25
684,26
685,26
686,16
687,21
688,22
689,31
690,32
691,34
692,32
693,23
694,26
695,27
696,27
697,31
698,34
699,30
700,22
701,26
702,30
703,30
704,26
705,32
706,29
707,23
708,24
709,29
710,30
711,22
712,25
713,26
714,25
715,25
716,24
717,25
718,29
719,31
720,17
721,17
722,17
723,17
724,19
725,21
726,21
727,17
728,17
729,18
730,17
731,20
732,22
733,22
734,14
735,15
736,17
737,17
738,21
739,21
740,20
741,15
742,16
743,14
744,13
745,20
746,20
747,22
748,17
749,17
750,15
751,16
752,19
753,21
754,23
755,17
756,18
757,18
758,17
759,23
760,23
761,24
762,20
763,20
764,19
765,18
766,22
767,23
768,24
769,16
770,19
771,19
772,19
773,24
774,26
775,25
776,15
777,16
778,17
779,23
780,24
781,28
782,28
783,16
784,21
785,22
786,24
787,27
788,30
789,30
790,17
791,22
792,22
793,24
794,24
795,29
796,30
797,19
798,25
799,23
800,23
801,20
802,22
803,23
804,20
805,22
806,20
807,22
808,27
809,28
810,16
811,17
812,17
813,19
814,20
815,21
816,20
817,16
818,17
819,17
820,17
821,24
822,26
823,25
824,14
825,16
826,17
827,18
828,21
829,20
830,20
831,14
832,15
833,14
834,13
835,20
836,19
837,21
838,16
839,17
840,16
841,16
842,22
843,24
844,25
845,16
846,17
847,18
848,17
849,23
850,25
851,25
852,20
853,20
854,20
855,19
856,21
857,22
858,24
859,18
860,21
861,21
862,21
863,25
864,25
865,24
866,16
867,19
868,19
869,23
870,25
871,31
872,31
873,19
874,21
875,23
876,24
877,26
878,32
879,32
880,19
881,22
882,23
883,25
884,25
885,30
886,29
887,20
888,25
889,25
890,24
891,21
892,24
893,24
894,19
895,22
896,22
897,23
898,28
899,30
900,28
901,36
902,38
903,41
904,42
905,43
906,49
907,29
908,38
909,40
910,41
911,39
912,38
913,44
914,26
915,37
916,39
917,44
918,44
919,45
920,47
921,28
922,37
923,39
924,40
925,38
926,40
927,44
928,30
929,36
930,37
931,43
932,45
933,45
934,46
935,37
936,37
937,39
938,44
939,45
940,45
941,47
942,39
943,40
944,41
945,47
946,48
947,48
948,50
949,36
950,36
951,37
952,48
953,48
954,47
955,48
956,38
957,38
958,38
959,52
960,57
961,59
962,61
963,43
964,51
965,52
966,50
967,56
968,55
969,58
970,46
971,52
972,52
973,50
974,55
975,56
976,60
977,41
978,45
979,43
980,47
981,57
982,56
983,59
984,40
985,45
986,45
987,48
988,57
989,57
990,46
991,50
992,49
993,57
994,58
995,60
996,65
997,50
998,54
999,54
1000,56
1001,58
1002,61
1003,65
1004,49
1005,52
1006,52
1007,55
1008,57
1009,60
1010,63
1011,48
1012,51
1013,51
1014,55
1015,57
1016,58
1017,61
1018,48
1019,53
1020,53
1021,63
1022,67
1023,67
1024,71
1025,50
1026,60
1027,60
1028,65
1029,69
1030,72
1031,76
1032,51
1033,58
1034,58
1035,65
1036,69
1037,72
1038,77
1039,49
1040,57
1041,57
1042,65
1043,70
1044,73
1045,77
1046,47
1047,55
1048,57
1049,80
1050,76
1051,86
1052,91
1053,59
1054,73
1055,75
1056,78
1057,76
1058,86
1059,91
1060,59
1061,71
1062,73
1063,74
1064,76
1065,85
1066,89
1067,57
1068,69
1069,72
1070,75
1071,78
1072,83
1073,84
1074,59
1075,70
1076,72
1077,78
1078,81
1079,84
1080,36
1081,47
1082,47
1083,51
1084,53
1085,53
1086,55
1087,39
1088,47
1089,48
1090,51
1091,54
1092,53
1093,54
1094,40
1095,45
1096,45
1097,50
1098,54
1099,54
1100,56
1101,40
1102,44
1103,44
1104,49
1105,53
1106,54
1107,57
1108,40
1109,46
1110,47
1111,54
1112,57
1113,60
1114,67
1115,42
1116,52
1117,52
1118,53
1119,59
1120,65
1121,72
1122,44
1123,51
1124,50
1125,52
1126,58
1127,67
1128,71
1129,46
1130,50
1131,50
1132,51
1133,54
1134,65
1135,70
1136,46
1137,49
1138,50
1139,66
1140,72
1141,74
1142,79
1143,52
1144,60
1145,60
1146,66
1147,72
1148,74
1149,79
1150,50
1151,61
1152,61
1153,65
1154,71
1155,74
1156,81
1157,50
1158,62
1159,62
1160,63
1161,70
1162,74
1163,83
1164,52
1165,64
1166,63
1167,64
1168,67
1169,72
1170,34
1171,42
1172,42
1173,45
1174,48
1175,48
1176,54
1177,36
1178,42
1179,43
1180,45
1181,47
1182,48
1183,54
1184,38
1185,41
1186,41
1187,46
1188,51
1189,51
1190,58
1191,38
1192,41
1193,40
1194,46
1195,51
1196,52
1197,59
1198,38
1199,43
1200,43
1201,49
1202,54
1203,58
1204,67
1205,41
1206,45
1207,46
1208,51
1209,57
1210,62
1211,69
1212,43
1213,45
1214,45
1215,49
1216,56
1217,62
1218,66
1219,44
1220,45
1221,44
1222,49
1223,52
1224,60
1225,65
1226,44
1227,45
1228,46
1229,60
1230,69
1231,70
1232,73
1233,53
1234,55
1235,56
1236,60
1237,69
1238,72
1239,74
1240,51
1241,55
1242,56
1243,59
1244,69
1245,72
1246,76
1247,51
1248,56
1249,56
1250,59
1251,67
1252,71
1253,76
1254,51
1255,57
1256,57
1257,59
1258,66
1259,70
1260,25
1261,27
1262,29
1263,31
1264,34
1265,36
1266,39
1267,27
1268,32
1269,32
1270,35
1271,39
1272,38
1273,39
1274,27
1275,30
1276,31
1277,35
1278,37
1279,36
1280,37
1281,26
1282,31
1283,32
1284,36
1285,37
1286,36
1287,38
1288,28
1289,32
1290,32
1291,35
1292,39
1293,41
1294,43
1295,29
1296,35
1297,34
1298,38
1299,41
1300,46
1301,47
1302,31
1303,36
1304,35
1305,38
1306,40
1307,46
1308,46
1309,29
1310,38
1311,37
1312,39
1313,39
1314,48
1315,47
1316,29
1317,39
1318,40
1319,48
1320,52
1321,54
1322,54
1323,32
1324,45
1325,45
1326,45
1327,48
1328,50
1329,53
1330,36
1331,46
1332,46
1333,45
1334,48
1335,51
1336,55
1337,38
1338,45
1339,45
1340,43
1341,47
1342,50
1343,54
1344,37
1345,42
1346,42
1347,44
1348,55
1349,55
1350,25
1351,28
1352,29
1353,29
1354,32
1355,35
1356,40
1357,28
1358,31
1359,31
1360,32
1361,38
1362,38
1363,42
1364,28
1365,29
1366,30
1367,33
1368,36
1369,36
1370,40
1371,27
1372,29
1373,31
1374,33
1375,36
1376,37
1377,41
1378,29
1379,30
1380,31
1381,33
1382,39
1383,41
1384,45
1385,29
1386,35
1387,34
1388,37
1389,41
1390,45
1391,47
1392,33
1393,36
1394,36
1395,37
1396,39
1397,45
1398,46
1399,29
1400,38
1401,37
1402,38
1403,36
1404,47
1405,48
1406,29
1407,39
1408,40
1409,42
1410,50
1411,53
1412,53
1413,32
1414,43
1415,43
1416,41
1417,48
1418,49
1419,52
1420,36
1421,44
1422,44
1423,42
1424,47
1425,49
1426,55
1427,37
1428,43
1429,43
1430,41
1431,47
1432,50
1433,56
1434,36
1435,42
1436,42
1437,44
1438,56
1439,56
1440,25
1441,27
1442,29
1443,28
1444,29
1445,33
1446,36
1447,28
1448,28
1449,30
1450,31
1451,33
1452,35
1453,37
1454,27
1455,27
1456,29
1457,31
1458,32
1459,34
1460,34
1461,26
1462,28
1463,30
1464,30
1465,31
1466,33
1467,35
1468,28
1469,30
1470,31
1471,29
1472,33
1473,37
1474,38
1475,26
1476,31
1477,31
1478,34
1479,38
1480,40
1481,40
1482,31
1483,31
1484,31
1485,33
1486,37
1487,41
1488,41
1489,29
1490,32
1491,32
1492,31
1493,35
1494,45
1495,44
1496,29
1497,33
1498,37
1499,38
1500,43
1501,47
1502,47
1503,29
1504,37
1505,37
1506,37
1507,45
1508,47
1509,47
1510,30
1511,38
1512,38
1513,38
1514,45
1515,46
1516,46
1517,29
1518,36
1519,37
1520,38
1521,44
1522,44
1523,44
1524,27
1525,37
1526,37
1527,41
1528,48
1529,48
1530,37
1531,54
1532,53
1533,50
1534,61
1535,65
1536,68
1537,37
1538,51
1539,52
1540,53
1541,57
1542,57
1543,58
1544,38
1545,50
1546,51
1547,52
1548,57
1549,58
1550,62
1551,37
1552,47
1553,47
1554,51
1555,56
1556,57
1557,59
1558,39
1559,49
1560,50
1561,61
1562,67
1563,69
1564,73
1565,51
1566,59
1567,59
1568,65
1569,64
1570,63
1571,71
1572,51
1573,59
1574,58
1575,66
1576,65
1577,66
1578,69
1579,51
1580,52
1581,52
1582,66
1583,67
1584,66
1585,71
1586,50
1587,52
1588,53
1589,73
1590,84
1591,86
1592,87
1593,55
1594,70
1595,68
1596,73
1597,77
1598,82
1599,87
1600,52
1601,64
1602,61
1603,69
1604,73
1605,79
1606,87
1607,51
1608,65
1609,63
1610,72
1611,72
1612,77
1613,85
1614,46
1615,67
1616,66
1617,71
1618,73
1619,79
1620,35
1621,44
1622,43
1623,47
1624,54
1625,57
1626,55
1627,35
1628,46
1629,46
1630,48
1631,53
1632,57
1633,57
1634,36
1635,42
1636,42
1637,45
1638,51
1639,56
1640,58
1641,33
1642,44
1643,43
1644,47
1645,50
1646,54
1647,55
1648,38
1649,44
1650,46
1651,52
1652,53
1653,60
1654,60
1655,43
1656,51
1657,49
1658,49
1659,52
1660,59
1661,58
1662,40
1663,49
1664,49
1665,48
1666,53
1667,63
1668,69
1669,40
1670,49
1671,48
1672,49
1673,55
1674,61
1675,68
1676,36
1677,51
1678,50
1679,63
1680,75
1681,77
1682,73
1683,54
1684,53
1685,55
1686,63
1687,68
1688,71
1689,72
1690,52
1691,56
1692,57
1693,63
1694,68
1695,71
1696,72
1697,50
1698,58
1699,56
1700,67
1701,74
1702,74
1703,73
1704,44
1705,54
1706,54
1707,60
1708,66
1709,69
1710,38
1711,46
1712,46
1713,49
1714,54
1715,57
1716,58
1717,39
1718,49
1719,49
1720,51
1721,54
1722,58
1723,60
1724,39
1725,46
1726,46
1727,49
1728,54
1729,57
1730,61
1731,37
1732,45
1733,45
1734,49
1735,55
1736,57
1737,60
1738,40
1739,46
1740,48
1741,54
1742,61
1743,62
1744,62
1745,47
1746,51
1747,50
1748,50
1749,62
1750,62
1751,60
1752,39
1753,49
1754,49
1755,49
1756,63
1757,66
1758,68
1759,39
1760,49
1761,49
1762,52
1763,64
1764,64
1765,66
1766,39
1767,53
1768,53
1769,67
1770,78
1771,81
1772,78
1773,56
1774,55
1775,56
1776,67
1777,69
1778,74
1779,74
1780,53
1781,56
1782,57
1783,67
1784,69
1785,74
1786,76
1787,53
1788,59
1789,59
1790,72
1791,78
1792,79
1793,76
1794,47
1795,58
1796,59
1797,63
1798,69
1799,73
1800,22
1801,21
1802,21
1803,24
1804,26
1805,27
1806,30
1807,21
1808,20
1809,21
1810,24
1811,28
1812,28
1813,28
1814,22
1815,24
1816,25
1817,26
1818,29
1819,30
1820,32
1821,20
1822,20
1823,21
1824,21
1825,29
1826,28
1827,30
1828,23
1829,25
1830,25
1831,24
1832,28
1833,27
1834,32
1835,23
1836,26
1837,25
1838,25
1839,33
1840,31
1841,32
1842,25
1843,26
1844,24
1845,25
1846,30
1847,31
1848,34
1849,24
1850,26
1851,26
1852,24
1853,30
1854,31
1855,32
1856,25
1857,27
1858,26
1859,36
1860,34
1861,35
1862,35
1863,25
1864,30
1865,33
1866,34
1867,33
1868,35
1869,35
1870,27
1871,33
1872,34
1873,32
1874,33
1875,37
1876,37
1877,24
1878,29
1879,29
1880,30
1881,38
1882,40
1883,41
1884,28
1885,30
1886,29
1887,30
1888,36
1889,38
1890,29
1891,33
1892,35
1893,38
1894,37
1895,41
1896,42
1897,29
1898,33
1899,35
1900,38
1901,37
1902,40
1903,41
1904,29
1905,32
1906,34
1907,38
1908,38
1909,41
1910,43
1911,30
1912,32
1913,35
1914,40
1915,44
1916,45
1917,44
1918,33
1919,34
1920,36
1921,42
1922,45
1923,46
1924,47
1925,28
1926,33
1927,37
1928,41
1929,43
1930,44
1931,45
1932,33
1933,34
1934,37
1935,41
1936,44
1937,45
1938,46
1939,32
1940,33
1941,35
1942,40
1943,45
1944,47
1945,49
1946,32
1947,33
1948,35
1949,46
1950,51
1951,52
1952,54
1953,38
1954,46
1955,46
1956,46
1957,54
1958,55
1959,58
1960,38
1961,45
1962,45
1963,45
1964,58
1965,59
1966,60
1967,37
1968,45
1969,45
1970,45
1971,51
1972,50
1973,50
1974,38
1975,44
1976,43
1977,45
1978,54
1979,54
1980,27
1981,31
1982,31
1983,32
1984,34
1985,35
1986,38
1987,26
1988,33
1989,33
1990,32
1991,35
1992,36
1993,38
1994,25
1995,30
1996,30
1997,30
1998,35
1999,36
2000,37
2001,26
2002,29
2003,30
2004,32
2005,33
2006,34
2007,36
2008,27
2009,31
2010,32
2011,34
2012,37
2013,39
2014,39
2015,25
2016,33
2017,34
2018,35
2019,38
2020,40
2021,41
2022,29
2023,33
2024,33
2025,34
2026,38
2027,40
2028,40
2029,27
2030,32
2031,32
2032,31
2033,34
2034,35
2035,36
2036,29
2037,32
2038,32
2039,42
2040,41
2041,45
2042,49
2043,36
2044,42
2045,42
2046,43
2047,45
2048,48
2049,49
2050,35
2051,41
2052,40
2053,41
2054,44
2055,49
2056,52
2057,37
2058,43
2059,42
2060,41
2061,44
2062,48
2063,51
2064,36
2065,42
2066,41
2067,43
2068,46
2069,49
2070,24
2071,27
2072,28
2073,30
2074,33
2075,34
2076,38
2077,24
2078,30
2079,30
2080,31
2081,34
2082,34
2083,37
2084,24
2085,27
2086,27
2087,29
2088,33
2089,33
2090,35
2091,26
2092,26
2093,27
2094,29
2095,31
2096,32
2097,34
2098,27
2099,28
2100,29
2101,32
2102,33
2103,34
2104,35
2105,25
2106,32
2107,32
2108,33
2109,36
2110,36
2111,38
2112,29
2113,32
2114,31
2115,32
2116,36
2117,37
2118,38
2119,28
2120,31
2121,30
2122,31
2123,34
2124,36
2125,37
2126,29
2127,31
2128,30
2129,39
2130,40
2131,41
2132,49
2133,35
2134,37
2135,37
2136,40
2137,43
2138,44
2139,48
2140,34
2141,36
2142,36
2143,39
2144,41
2145,44
2146,51
2147,35
2148,37
2149,37
2150,39
2151,42
2152,44
2153,51
2154,35
2155,37
2156,38
2157,40
2158,42
2159,45
2160,18
2161,21
2162,21
2163,21
2164,21
2165,23
2166,23
2167,15
2168,18
2169,18
2170,21
2171,22
2172,24
2173,23
2174,16
2175,18
2176,18
2177,21
2178,21
2179,22
2180,22
2181,16
2182,16
2183,16
2184,23
2185,22
2186,23
2187,23
2188,18
2189,18
2190,18
2191,23
2192,24
2193,28
2194,30
2195,15
2196,19
2197,20
2198,26
2199,25
2200,26
2201,27
2202,18
2203,20
2204,19
2205,22
2206,24
2207,27
2208,27
2209,18
2210,19
2211,19
2212,22
2213,23
2214,26
2215,27
2216,20
2217,20
2218,20
2219,25
2220,30
2221,33
2222,35
2223,22
2224,26
2225,27
2226,25
2227,27
2228,30
2229,32
2230,23
2231,26
2232,26
2233,25
2234,29
2235,34
2236,35
2237,25
2238,27
2239,27
2240,28
2241,29
2242,32
2243,33
2244,25
2245,27
2246,26
2247,26
2248,30
2249,32
2250,18
2251,19
2252,18
2253,23
2254,22
2255,22
2256,23
2257,16
2258,18
2259,18
2260,22
2261,22
2262,23
2263,23
2264,17
2265,18
2266,18
2267,22
2268,21
2269,22
2270,22
2271,16
2272,16
2273,16
2274,23
2275,22
2276,23
2277,23
2278,17
2279,18
2280,19
2281,25
2282,24
2283,28
2284,30
2285,15
2286,19
2287,21
2288,27
2289,26
2290,26
2291,27
2292,19
2293,20
2294,20
2295,23
2296,25
2297,26
2298,27
2299,18
2300,19
2301,20
2302,23
2303,24
2304,26
2305,27
2306,20
2307,21
2308,21
2309,25
2310,31
2311,34
2312,35
2313,17
2314,26
2315,27
2316,25
2317,26
2318,30
2319,31
2320,19
2321,26
2322,26
2323,25
2324,29
2325,34
2326,36
2327,20
2328,27
2329,27
2330,27
2331,30
2332,33
2333,34
2334,23
2335,26
2336,26
2337,27
2338,30
2339,32
2340,18
2341,18
2342,18
2343,19
2344,19
2345,18
2346,20
2347,15
2348,18
2349,18
2350,18
2351,19
2352,18
2353,21
2354,16
2355,18
2356,18
2357,18
2358,18
2359,17
2360,20
2361,16
2362,16
2363,16
2364,20
2365,20
2366,19
2367,20
2368,17
2369,18
2370,19
2371,24
2372,21
2373,22
2374,23
2375,15
2376,19
2377,21
2378,27
2379,23
2380,23
2381,23
2382,19
2383,21
2384,21
2385,22
2386,22
2387,22
2388,21
2389,17
2390,19
2391,20
2392,21
2393,23
2394,24
2395,23
2396,19
2397,20
2398,20
2399,22
2400,29
2401,30
2402,32
2403,17
2404,24
2405,25
2406,24
2407,25
2408,26
2409,27
2410,17
2411,25
2412,25
2413,25
2414,28
2415,29
2416,30
2417,17
2418,25
2419,25
2420,26
2421,30
2422,29
2423,30
2424,19
2425,26
2426,26
2427,28
2428,30
2429,30
2430,32
2431,31
2432,30
2433,29
2434,32
2435,35
2436,37
2437,28
2438,29
2439,28
2440,31
2441,35
2442,37
2443,37
2444,27
2445,28
2446,29
2447,31
2448,38
2449,36
2450,36
2451,30
2452,30
2453,29
2454,32
2455,39
2456,40
2457,40
2458,31
2459,33
2460,31
2461,36
2462,35
2463,40
2464,43
2465,29
2466,31
2467,31
2468,34
2469,36
2470,40
2471,43
2472,34
2473,33
2474,33
2475,35
2476,40
2477,47
2478,47
2479,33
2480,34
2481,38
2482,43
2483,39
2484,43
2485,43
2486,35
2487,35
2488,39
2489,48
2490,48
2491,48
2492,54
2493,40
2494,39
2495,39
2496,46
2497,46
2498,47
2499,50
2500,38
2501,39
2502,39
2503,47
2504,46
2505,50
2506,53
2507,38
2508,40
2509,40
2510,47
2511,47
2512,51
2513,57
2514,34
2515,39
2516,39
2517,43
2518,44
2519,50
2520,26
2521,25
2522,25
2523,26
2524,31
2525,35
2526,39
2527,24
2528,25
2529,27
2530,28
2531,31
2532,35
2533,38
2534,24
2535,26
2536,28
2537,29
2538,34
2539,34
2540,38
2541,26
2542,27
2543,28
2544,30
2545,32
2546,36
2547,39
2548,22
2549,23
2550,27
2551,32
2552,33
2553,37
2554,43
2555,28
2556,27
2557,32
2558,32
2559,37
2560,40
2561,43
2562,27
2563,28
2564,34
2565,34
2566,37
2567,39
2568,42
2569,27
2570,28
2571,35
2572,33
2573,31
2574,34
2575,40
2576,28
2577,30
2578,33
2579,43
2580,46
2581,46
2582,46
2583,34
2584,36
2585,36
2586,39
2587,44
2588,44
2589,44
2590,26
2591,39
2592,38
2593,41
2594,43
2595,44
2596,43
2597,28
2598,38
2599,37
2600,39
2601,38
2602,42
2603,44
2604,28
2605,37
2606,37
2607,37
2608,38
2609,42
2610,26
2611,26
2612,27
2613,27
2614,31
2615,34
2616,38
2617,25
2618,27
2619,30
2620,31
2621,31
2622,34
2623,37
2624,24
2625,27
2626,31
2627,30
2628,34
2629,35
2630,38
2631,28
2632,29
2633,31
2634,31
2635,32
2636,37
2637,41
2638,22
2639,24
2640,29
2641,33
2642,34
2643,37
2644,40
2645,29
2646,29
2647,31
2648,32
2649,37
2650,38
2651,38
2652,28
2653,29
2654,32
2655,32
2656,37
2657,38
2658,37
2659,28
2660,29
2661,33
2662,33
2663,33
2664,32
2665,35
2666,28
2667,30
2668,32
2669,42
2670,50
2671,50
2672,53
2673,34
2674,36
2675,35
2676,37
2677,49
2678,48
2679,49
2680,27
2681,40
2682,40
2683,41
2684,44
2685,48
2686,51
2687,30
2688,39
2689,39
2690,39
2691,42
2692,48
2693,51
2694,28
2695,38
2696,37
2697,36
2698,41
2699,48
2700,13
2701,14
2702,14
2703,13
2704,14
2705,18
2706,18
2707,11
2708,15
2709,16
2710,15
2711,16
2712,18
2713,18
2714,13
2715,15
2716,15
2717,13
2718,16
2719,17
2720,23
2721,15
2722,16
2723,15
2724,14
2725,15
2726,17
2727,20
2728,14
2729,13
2730,12
2731,15
2732,17
2733,18
2734,19
2735,14
2736,14
2737,14
2738,13
2739,19
2740,21
2741,22
2742,14
2743,13
2744,13
2745,14
2746,19
2747,21
2748,23
2749,13
2750,14
2751,14
2752,16
2753,15
2754,15
2755,19
2756,14
2757,15
2758,18
2759,20
2760,21
2761,19
2762,18
2763,14
2764,17
2765,18
2766,22
2767,22
2768,21
2769,20
2770,16
2771,18
2772,19
2773,21
2774,21
2775,21
2776,22
2777,17
2778,20
2779,21
2780,21
2781,21
2782,22
2783,23
2784,18
2785,19
2786,19
2787,19
2788,18
2789,19
2790,18
2791,20
2792,19
2793,18
2794,21
2795,22
2796,23
2797,17
2798,20
2799,20
2800,19
2801,23
2802,24
2803,25
2804,18
2805,21
2806,21
2807,22
2808,24
2809,25
2810,25
2811,20
2812,23
2813,22
2814,23
2815,21
2816,22
2817,21
2818,20
2819,25
2820,25
2821,22
2822,25
2823,27
2824,27
2825,19
2826,20
2827,20
2828,20
2829,25
2830,27
2831,27
2832,22
2833,23
2834,23
2835,23
2836,26
2837,28
2838,27
2839,20
2840,22
2841,22
2842,23
2843,28
2844,32
2845,32
2846,20
2847,22
2848,28
2849,25
2850,30
2851,33
2852,34
2853,25
2854,26
2855,25
2856,26
2857,30
2858,33
2859,34
2860,28
2861,28
2862,28
2863,26
2864,28
2865,33
2866,35
2867,26
2868,27
2869,27
2870,26
2871,29
2872,33
2873,35
2874,23
2875,24
2876,24
2877,27
2878,28
2879,31
2880,16
2881,19
2882,19
2883,19
2884,18
2885,21
2886,26
2887,15
2888,19
2889,19
2890,20
2891,16
2892,18
2893,22
2894,15
2895,18
2896,18
2897,19
2898,21
2899,22
2900,24
2901,15
2902,18
2903,19
2904,18
2905,21
2906,21
2907,22
2908,13
2909,17
2910,17
2911,21
2912,24
2913,24
2914,27
2915,13
2916,19
2917,19
2918,20
2919,22
2920,23
2921,23
2922,14
2923,18
2924,18
2925,20
2926,22
2927,22
2928,23
2929,15
2930,18
2931,18
2932,20
2933,24
2934,24
2935,24
2936,15
2937,19
2938,20
2939,22
2940,27
2941,27
2942,28
2943,17
2944,22
2945,21
2946,22
2947,30
2948,30
2949,30
2950,19
2951,21
2952,21
2953,22
2954,31
2955,31
2956,31
2957,21
2958,22
2959,22
2960,23
2961,32
2962,32
2963,31
2964,19
2965,21
2966,21
2967,25
2968,29
2969,29
2970,17
2971,18
2972,18
2973,18
2974,17
2975,18
2976,22
2977,16
2978,16
2979,16
2980,18
2981,17
2982,17
2983,21
2984,15
2985,16
2986,16
2987,18
2988,20
2989,20
2990,23
2991,14
2992,16
2993,17
2994,17
2995,19
2996,19
2997,24
2998,11
2999,15
3000,15
3001,20
3002,21
3003,22
3004,25
3005,13
3006,16
3007,16
3008,18
3009,21
3010,22
3011,23
3012,14
3013,17
3014,16
3015,19
3016,22
3017,22
3018,23
3019,13
3020,16
3021,16
3022,19
3023,20
3024,21
3025,24
3026,13
3027,17
3028,18
3029,21
3030,23
3031,23
3032,25
3033,16
3034,18
3035,18
3036,22
3037,25
3038,25
3039,27
3040,17
3041,21
3042,22
3043,22
3044,25
3045,25
3046,26
3047,19
3048,23
3049,23
3050,23
3051,26
3052,27
3053,28
3054,16
3055,20
3056,21
3057,20
3058,22
3059,23
3060,12
3061,12
3062,12
3063,12
3064,13
3065,13
3066,14
3067,10
3068,10
3069,11
3070,11
3071,15
3072,15
3073,15
3074,9
3075,11
3076,12
3077,12
3078,12
3079,12
3080,13
3081,9
3082,14
3083,13
3084,11
3085,12
3086,13
3087,14
3088,8
3089,13
3090,14
3091,15
3092,16
3093,16
3094,17
3095,10
3096,13
3097,14
3098,15
3099,13
3100,14
3101,17
3102,8
3103,13
3104,14
3105,15
3106,16
3107,16
3108,18
3109,9
3110,13
3111,13
3112,16
3113,15
3114,16
3115,19
3116,12
3117,13
3118,14
3119,20
3120,19
3121,20
3122,19
3123,12
3124,15
3125,16
3126,19
3127,18
3128,18
3129,17
3130,15
3131,17
3132,16
3133,19
3134,20
3135,19
3136,18
3137,14
3138,14
3139,14
3140,22
3141,23
3142,21
3143,18
3144,16
3145,15
3146,16
3147,20
3148,18
3149,17
3150,11
3151,11
3152,12
3153,12
3154,14
3155,14
3156,14
3157,9
3158,10
3159,11
3160,11
3161,15
3162,16
3163,16
3164,9
3165,11
3166,11
3167,11
3168,12
3169,13
3170,13
3171,9
3172,11
3173,10
3174,9
3175,12
3176,14
3177,15
3178,8
3179,11
3180,13
3181,13
3182,17
3183,17
3184,17
3185,9
3186,12
3187,12
3188,12
3189,13
3190,15
3191,17
3192,8
3193,13
3194,13
3195,13
3196,15
3197,16
3198,17
3199,9
3200,12
3201,12
3202,13
3203,15
3204,16
3205,17
3206,12
3207,11
3208,13
3209,20
3210,19
3211,20
3212,18
3213,12
3214,14
3215,15
3216,19
3217,18
3218,17
3219,17
3220,14
3221,16
3222,16
3223,19
3224,19
3225,18
3226,18
3227,14
3228,14
3229,15
3230,20
3231,20
3232,19
3233,17
3234,15
3235,16
3236,16
3237,19
3238,18
3239,17
3240,11
3241,12
3242,12
3243,12
3244,13
3245,13
3246,14
3247,10
3248,10
3249,11
3250,11
3251,13
3252,13
3253,14
3254,9
3255,11
3256,11
3257,11
3258,12
3259,13
3260,13
3261,9
3262,11
3263,11
3264,10
3265,12
3266,13
3267,14
3268,8
3269,11
3270,12
3271,12
3272,16
3273,15
3274,15
3275,11
3276,12
3277,12
3278,12
3279,12
3280,13
3281,15
3282,8
3283,13
3284,13
3285,13
3286,12
3287,12
3288,14
3289,9
3290,12
3291,12
3292,12
3293,12
3294,12
3295,13
3296,12
3297,11
3298,12
3299,17
3300,17
3301,18
3302,19
3303,12
3304,14
3305,14
3306,16
3307,15
3308,16
3309,17
3310,12
3311,15
3312,15
3313,18
3314,17
3315,17
3316,16
3317,13
3318,14
3319,15
3320,16
3321,15
3322,16
3323,15
3324,13
3325,15
3326,15
3327,17
3328,16
3329,16
3330,16
3331,16
3332,17
3333,18
3334,22
3335,21
3336,22
3337,13
3338,19
3339,21
3340,21
3341,24
3342,23
3343,24
3344,15
3345,17
3346,16
3347,17
3348,24
3349,24
3350,24
3351,15
3352,20
3353,19
3354,19
3355,20
3356,20
3357,21
3358,15
3359,16
3360,17
3361,22
3362,23
3363,25
3364,27
3365,18
3366,22
3367,20
3368,22
3369,27
3370,27
3371,28
3372,16
3373,20
3374,19
3375,24
3376,28
3377,28
3378,26
3379,17
3380,18
3381,17
3382,21
3383,26
3384,26
3385,27
3386,16
3387,18
3388,20
3389,27
3390,24
3391,26
3392,27
3393,21
3394,21
3395,23
3396,24
3397,26
3398,28
3399,29
3400,20
3401,23
3402,24
3403,26
3404,31
3405,30
3406,30
3407,19
3408,26
3409,25
3410,26
3411,30
3412,31
3413,31
3414,20
3415,24
3416,22
3417,26
3418,26
3419,29
3420,15
3421,14
3422,15
3423,16
3424,14
3425,18
3426,20
3427,11
3428,17
3429,17
3430,18
3431,15
3432,19
3433,21
3434,13
3435,17
3436,17
3437,16
3438,19
3439,21
3440,22
3441,12
3442,17
3443,16
3444,16
3445,20
3446,18
3447,17
3448,13
3449,15
3450,16
3451,20
3452,18
3453,19
3454,20
3455,16
3456,19
3457,19
3458,19
3459,18
3460,19
3461,21
3462,11
3463,16
3464,17
3465,20
3466,20
3467,20
3468,20
3469,10
3470,17
3471,17
3472,19
3473,20
3474,20
3475,20
3476,12
3477,17
3478,18
3479,25
3480,26
3481,26
3482,26
3483,21
3484,20
3485,21
3486,20
3487,27
3488,29
3489,30
3490,17
3491,22
3492,23
3493,23
3494,28
3495,28
3496,27
3497,16
3498,22
3499,23
3500,23
3501,28
3502,29
3503,29
3504,19
3505,19
3506,20
3507,24
3508,24
3509,26
3510,15
3511,16
3512,16
3513,17
3514,21
3515,20
3516,20
3517,13
3518,18
3519,18
3520,20
3521,19
3522,19
3523,20
3524,15
3525,18
3526,18
3527,18
3528,22
3529,24
3530,25
3531,13
3532,18
3533,18
3534,17
3535,20
3536,19
3537,17
3538,14
3539,17
3540,18
3541,21
3542,21
3543,22
3544,23
3545,17
3546,20
3547,20
3548,20
3549,19
3550,20
3551,22
3552,17
3553,16
3554,17
3555,20
3556,21
3557,23
3558,26
3559,15
3560,17
3561,18
3562,20
3563,23
3564,23
3565,26
3566,16
3567,17
3568,18
3569,25
3570,26
3571,26
3572,25
3573,21
3574,25
3575,26
3576,25
3577,24
3578,27
3579,28
3580,19
3581,24
3582,24
3583,24
3584,26
3585,27
3586,27
3587,19
3588,28
3589,27
3590,24
3591,29
3592,29
3593,29
3594,19
3595,25
3596,23
3597,25
3598,25
3599,25
3600,14
3601,14
3602,14
3603,14
3604,15
3605,15
3606,15
3607,12
3608,14
3609,14
3610,14
3611,13
3612,14
3613,16
3614,10
3615,13
3616,15
3617,14
3618,14
3619,14
3620,13
3621,11
3622,14
3623,14
3624,13
3625,12
3626,13
3627,13
3628,9
3629,12
3630,11
3631,15
3632,13
3633,14
3634,14
3635,14
3636,14
3637,15
3638,14
3639,12
3640,16
3641,18
3642,10
3643,11
3644,11
3645,12
3646,20
3647,22
3648,21
3649,10
3650,15
3651,15
3652,16
3653,19
3654,20
3655,19
3656,11
3657,13
3658,14
3659,17
3660,16
3661,18
3662,20
3663,9
3664,12
3665,15
3666,19
3667,20
3668,21
3669,20
3670,11
3671,11
3672,15
3673,17
3674,17
3675,18
3676,18
3677,14
3678,16
3679,17
3680,17
3681,17
3682,18
3683,19
3684,14
3685,15
3686,13
3687,20
3688,21
3689,22
3690,11
3691,18
3692,18
3693,18
3694,18
3695,17
3696,18
3697,14
3698,18
3699,17
3700,16
3701,18
3702,18
3703,22
3704,15
3705,18
3706,19
3707,19
3708,23
3709,23
3710,23
3711,14
3712,18
3713,18
3714,18
3715,21
3716,21
3717,21
3718,16
3719,18
3720,18
3721,19
3722,20
3723,20
3724,24
3725,14
3726,19
3727,18
3728,18
3729,20
3730,19
3731,22
3732,15
3733,18
3734,18
3735,19
3736,22
3737,22
3738,25
3739,12
3740,16
3741,17
3742,20
3743,20
3744,21
3745,22
3746,13
3747,16
3748,18
3749,19
3750,25
3751,29
3752,29
3753,16
3754,19
3755,23
3756,24
3757,26
3758,26
3759,27
3760,15
3761,19
3762,22
3763,23
3764,25
3765,26
3766,27
3767,16
3768,21
3769,23
3770,24
3771,27
3772,29
3773,29
3774,16
3775,22
3776,24
3777,24
3778,25
3779,26
3780,11
3781,14
3782,14
3783,15
3784,18
3785,17
3786,17
3787,14
3788,14
3789,14
3790,15
3791,19
3792,19
3793,21
3794,14
3795,15
3796,15
3797,15
3798,22
3799,21
3800,21
3801,13
3802,15
3803,15
3804,15
3805,20
3806,20
3807,19
3808,14
3809,15
3810,14
3811,18
3812,20
3813,19
3814,21
3815,14
3816,16
3817,15
3818,15
3819,20
3820,19
3821,22
3822,14
3823,16
3824,16
3825,17
3826,21
3827,20
3828,23
3829,13
3830,16
3831,16
3832,16
3833,19
3834,19
3835,21
3836,12
3837,15
3838,17
3839,20
3840,21
3841,23
3842,26
3843,18
3844,19
3845,20
3846,23
3847,23
3848,21
3849,20
3850,15
3851,17
3852,20
3853,21
3854,21
3855,23
3856,24
3857,16
3858,18
3859,20
3860,21
3861,20
3862,21
3863,24
3864,18
3865,20
3866,22
3867,21
3868,19
3869,21
3870,13
3871,15
3872,15
3873,15
3874,13
3875,14
3876,18
3877,14
3878,14
3879,14
3880,14
3881,17
3882,19
3883,22
3884,13
3885,15
3886,14
3887,14
3888,17
3889,17
3890,20
3891,12
3892,14
3893,14
3894,14
3895,15
3896,16
3897,17
3898,13
3899,14
3900,13
3901,18
3902,18
3903,18
3904,22
3905,13
3906,15
3907,15
3908,15
3909,19
3910,20
3911,23
3912,13
3913,15
3914,15
3915,16
3916,19
3917,19
3918,23
3919,12
3920,16
3921,16
3922,16
3923,16
3924,18
3925,20
3926,12
3927,14
3928,14
3929,19
3930,19
3931,22
3932,24
3933,14
3934,15
3935,18
3936,23
3937,23
3938,22
3939,20
3940,14
3941,17
3942,19
3943,20
3944,21
3945,23
3946,24
3947,15
3948,17
3949,19
3950,20
3951,19
3952,20
3953,24
3954,15
3955,17
3956,19
3957,19
3958,18
3959,20
3960,11
3961,11
3962,10
3963,10
3964,13
3965,13
3966,14
3967,9
3968,9
3969,9
3970,10
3971,11
3972,12
3973,14
3974,10
3975,9
3976,9
3977,9
3978,12
3979,11
3980,11
3981,9
3982,10
3983,12
3984,13
3985,14
3986,14
3987,13
3988,9
3989,10
3990,10
3991,13
3992,10
3993,11
3994,12
3995,12
3996,12
3997,12
3998,13
3999,13
4000,15
4001,15
4002,11
4003,12
4004,12
4005,12
4006,11
4007,14
4008,16
4009,10
4010,10
4011,11
4012,12
4013,13
4014,14
4015,14
4016,9
4017,9
4018,10
4019,14
4020,13
4021,14
4022,16
4023,11
4024,14
4025,16
4026,15
4027,15
4028,15
4029,17
4030,13
4031,13
4032,11
4033,13
4034,16
4035,16
4036,18
4037,10
4038,14
4039,13
4040,14
4041,16
4042,16
4043,17
4044,11
4045,14
4046,14
4047,14
4048,16
4049,17
4050,10
4051,10
4052,10
4053,10
4054,13
4055,15
4056,15
4057,9
4058,9
4059,9
4060,10
4061,13
4062,14
4063,15
4064,10
4065,9
4066,9
4067,9
4068,11
4069,12
4070,12
4071,9
4072,10
4073,12
4074,13
4075,14
4076,14
4077,14
4078,9
4079,9
4080,10
4081,12
4082,10
4083,11
4084,12
4085,10
4086,10
4087,11
4088,12
4089,14
4090,16
4091,16
4092,10
4093,11
4094,12
4095,12
4096,11
4097,13
4098,16
4099,9
4100,9
4101,11
4102,11
4103,12
4104,12
4105,13
4106,9
4107,9
4108,10
4109,14
4110,13
4111,13
4112,15
4113,11
4114,15
4115,16
4116,15
4117,14
4118,15
4119,17
4120,11
4121,13
4122,11
4123,14
4124,15
4125,16
4126,17
4127,8
4128,13
4129,14
4130,15
4131,15
4132,15
4133,16
4134,7
4135,14
4136,14
4137,14
4138,15
4139,16
4140,10
4141,12
4142,12
4143,11
4144,11
4145,11
4146,14
4147,8
4148,10
4149,9
4150,9
4151,11
4152,12
4153,13
4154,9
4155,8
4156,7
4157,7
4158,8
4159,10
4160,12
4161,9
4162,10
4163,13
4164,13
4165,9
4166,11
4167,11
4168,8
4169,9
4170,10
4171,13
4172,8
4173,9
4174,11
4175,10
4176,10
4177,11
4178,13
4179,11
4180,13
4181,14
4182,9
4183,11
4184,12
4185,13
4186,9
4187,12
4188,14
4189,8
4190,9
4191,10
4192,11
4193,12
4194,14
4195,13
4196,9
4197,9
4198,10
4199,14
4200,13
4201,13
4202,13
4203,12
4204,15
4205,16
4206,16
4207,14
4208,14
4209,13
4210,12
4211,13
4212,12
4213,14
4214,14
4215,14
4216,14
4217,8
4218,12
4219,14
4220,15
4221,14
4222,12
4223,13
4224,7
4225,14
4226,15
4227,15
4228,15
4229,15
4230,13
4231,13
4232,13
4233,13
4234,23
4235,22
4236,21
4237,11
4238,15
4239,15
4240,15
4241,19
4242,19
4243,21
4244,15
4245,16
4246,14
4247,15
4248,21
4249,21
4250,21
4251,14
4252,17
4253,15
4254,14
4255,16
4256,17
4257,19
4258,15
4259,16
4260,15
4261,14
4262,21
4263,20
4264,19
4265,12
4266,17
4267,17
4268,17
4269,18
4270,19
4271,19
4272,12
4273,17
4274,17
4275,17
4276,22
4277,23
4278,25
4279,12
4280,18
4281,18
4282,18
4283,20
4284,21
4285,23
4286,15
4287,18
4288,19
4289,22
4290,23
4291,26
4292,25
4293,20
4294,20
4295,20
4296,23
4297,25
4298,25
4299,22
4300,16
4301,20
4302,20
4303,24
4304,22
4305,24
4306,26
4307,17
4308,19
4309,20
4310,21
4311,25
4312,27
4313,27
4314,16
4315,19
4316,22
4317,20
4318,23
4319,24
4320,13
4321,11
4322,11
4323,13
4324,16
4325,17
4326,19
4327,11
4328,15
4329,15
4330,14
4331,19
4332,19
4333,18
4334,15
4335,15
4336,14
4337,15
4338,18
4339,18
4340,18
4341,14
4342,16
4343,15
4344,15
4345,17
4346,17
4347,19
4348,15
4349,16
4350,15
4351,15
4352,19
4353,18
4354,19
4355,13
4356,18
4357,17
4358,17
4359,18
4360,17
4361,18
4362,12
4363,17
4364,17
4365,16
4366,19
4367,19
4368,19
4369,11
4370,17
4371,16
4372,17
4373,19
4374,18
4375,19
4376,14
4377,18
4378,19
4379,22
4380,23
4381,24
4382,24
4383,18
4384,21
4385,21
4386,23
4387,26
4388,23
4389,21
4390,13
4391,20
4392,20
4393,24
4394,22
4395,21
4396,24
4397,15
4398,21
4399,20
4400,19
4401,23
4402,24
4403,25
4404,16
4405,18
4406,18
4407,17
4408,21
4409,21
4410,14
4411,13
4412,13
4413,14
4414,19
4415,19
4416,21
4417,12
4418,16
4419,16
4420,15
4421,19
4422,19
4423,19
4424,16
4425,15
4426,15
4427,16
4428,17
4429,17
4430,19
4431,12
4432,16
4433,15
4434,15
4435,16
4436,16
4437,20
4438,13
4439,16
4440,16
4441,15
4442,18
4443,19
4444,21
4445,12
4446,18
4447,17
4448,17
4449,18
4450,20
4451,21
4452,12
4453,17
4454,17
4455,16
4456,21
4457,21
4458,25
4459,11
4460,17
4461,16
4462,17
4463,20
4464,19
4465,23
4466,12
4467,18
4468,19
4469,21
4470,21
4471,22
4472,22
4473,19
4474,17
4475,18
4476,22
4477,24
4478,22
4479,21
4480,16
4481,18
4482,20
4483,23
4484,22
4485,24
4486,26
4487,18
4488,22
4489,22
4490,20
4491,23
4492,25
4493,25
4494,19
4495,19
4496,19
4497,17
4498,23
4499,23
4500,30
4501,37
4502,38
4503,38
4504,37
4505,42
4506,46
4507,31
4508,37
4509,38
4510,38
4511,45
4512,46
4513,48
4514,30
4515,38
4516,39
4517,40
4518,44
4519,45
4520,47
4521,33
4522,39
4523,40
4524,40
4525,43
4526,44
4527,46
4528,33
4529,40
4530,40
4531,42
4532,45
4533,49
4534,50
4535,34
4536,41
4537,41
4538,41
4539,45
4540,50
4541,50
4542,33
4543,41
4544,42
4545,42
4546,46
4547,55
4548,56
4549,36
4550,41
4551,41
4552,41
4553,48
4554,54
4555,53
4556,35
4557,40
4558,40
4559,53
4560,66
4561,66
4562,67
4563,44
4564,50
4565,50
4566,51
4567,66
4568,66
4569,67
4570,45
4571,49
4572,49
4573,50
4574,61
4575,61
4576,62
4577,47
4578,50
4579,50
4580,50
4581,61
4582,61
4583,63
4584,45
4585,48
4586,49
4587,51
4588,61
4589,61
4590,44
4591,56
4592,56
4593,56
4594,61
4595,64
4596,65
4597,44
4598,56
4599,55
4600,56
4601,61
4602,64
4603,66
4604,44
4605,55
4606,55
4607,55
4608,63
4609,66
4610,67
4611,44
4612,55
4613,56
4614,56
4615,64
4616,66
4617,66
4618,46
4619,56
4620,56
4621,57
4622,65
4623,67
4624,68
4625,45
4626,57
4627,57
4628,57
4629,65
4630,69
4631,70
4632,46
4633,57
4634,57
4635,57
4636,65
4637,69
4638,70
4639,46
4640,57
4641,57
4642,57
4643,65
4644,69
4645,70
4646,47
4647,57
4648,57
4649,76
4650,83
4651,86
4652,86
4653,65
4654,74
4655,73
4656,76
4657,83
4658,85
4659,86
4660,65
4661,74
4662,74
4663,76
4664,83
4665,85
4666,86
4667,65
4668,75
4669,74
4670,77
4671,82
4672,84
4673,85
4674,65
4675,74
4676,75
4677,76
4678,84
4679,88
4680,39
4681,47
4682,47
4683,47
4684,56
4685,58
4686,58
4687,39
4688,47
4689,47
4690,47
4691,56
4692,58
4693,58
4694,39
4695,47
4696,47
4697,47
4698,56
4699,58
4700,58
4701,39
4702,47
4703,47
4704,47
4705,57
4706,58
4707,59
4708,40
4709,47
4710,47
4711,50
4712,58
4713,60
4714,60
4715,41
4716,49
4717,49
4718,49
4719,58
4720,60
4721,62
4722,41
4723,49
4724,49
4725,49
4726,58
4727,62
4728,63
4729,41
4730,49
4731,49
4732,49
4733,58
4734,62
4735,63
4736,41
4737,49
4738,49
4739,66
4740,69
4741,70
4742,75
4743,55
4744,65
4745,65
4746,66
4747,69
4748,70
4749,75
4750,56
4751,65
4752,65
4753,66
4754,69
4755,70
4756,75
4757,56
4758,65
4759,65
4760,66
4761,69
4762,70
4763,75
4764,56
4765,65
4766,66
4767,66
4768,71
4769,72
4770,36
4771,47
4772,47
4773,47
4774,52
4775,55
4776,55
4777,37
4778,47
4779,47
4780,47
4781,52
4782,55
4783,55
4784,36
4785,47
4786,47
4787,47
4788,53
4789,55
4790,56
4791,36
4792,47
4793,47
4794,47
4795,54
4796,55
4797,56
4798,37
4799,47
4800,47
4801,49
4802,55
4803,56
4804,57
4805,39
4806,48
4807,48
4808,48
4809,55
4810,57
4811,58
4812,39
4813,48
4814,48
4815,49
4816,56
4817,59
4818,59
4819,38
4820,48
4821,48
4822,49
4823,56
4824,59
4825,60
4826,38
4827,48
4828,48
4829,62
4830,67
4831,68
4832,72
4833,53
4834,61
4835,61
4836,63
4837,67
4838,68
4839,72
4840,53
4841,61
4842,61
4843,63
4844,67
4845,68
4846,72
4847,53
4848,61
4849,61
4850,63
4851,67
4852,68
4853,72
4854,53
4855,61
4856,62
4857,63
4858,69
4859,70
4860,27
4861,32
4862,32
4863,33
4864,35
4865,38
4866,40
4867,27
4868,32
4869,32
4870,33
4871,35
4872,38
4873,39
4874,25
4875,31
4876,32
4877,33
4878,35
4879,37
4880,38
4881,25
4882,31
4883,32
4884,33
4885,34
4886,37
4887,38
4888,25
4889,32
4890,32
4891,36
4892,40
4893,43
4894,43
4895,33
4896,34
4897,34
4898,36
4899,40
4900,43
4901,44
4902,30
4903,33
4904,34
4905,36
4906,40
4907,43
4908,45
4909,28
4910,34
4911,34
4912,37
4913,41
4914,44
4915,45
4916,28
4917,33
4918,34
4919,43
4920,48
4921,51
4922,52
4923,35
4924,42
4925,41
4926,44
4927,48
4928,51
4929,52
4930,34
4931,42
4932,41
4933,45
4934,48
4935,51
4936,52
4937,35
4938,42
4939,41
4940,44
4941,48
4942,51
4943,52
4944,34
4945,42
4946,42
4947,43
4948,48
4949,51
4950,26
4951,32
4952,33
4953,34
4954,35
4955,37
4956,39
4957,27
4958,32
4959,33
4960,33
4961,35
4962,37
4963,39
4964,25
4965,31
4966,32
4967,33
4968,35
4969,37
4970,38
4971,25
4972,31
4973,32
4974,33
4975,34
4976,37
4977,38
4978,25
4979,32
4980,33
4981,36
4982,39
4983,42
4984,43
4985,32
4986,34
4987,34
4988,36
4989,39
4990,42
4991,43
4992,30
4993,33
4994,34
4995,36
4996,39
4997,43
4998,44
4999,29
5000,34
5001,34
5002,37
5003,39
5004,43
5005,44
5006,28
5007,33
5008,34
5009,43
5010,48
5011,51
5012,53
5013,34
5014,41
5015,41
5016,44
5017,47
5018,51
5019,52
5020,34
5021,41
5022,41
5023,44
5024,47
5025,50
5026,52
5027,35
5028,41
5029,41
5030,43
5031,47
5032,51
5033,52
5034,34
5035,41
5036,41
5037,42
5038,47
5039,51
5040,25
5041,30
5042,31
5043,31
5044,33
5045,37
5046,39
5047,25
5048,29
5049,30
5050,31
5051,33
5052,37
5053,39
5054,25
5055,29
5056,30
5057,30
5058,33
5059,37
5060,39
5061,25
5062,29
5063,30
5064,30
5065,34
5066,37
5067,38
5068,25
5069,29
5070,29
5071,35
5072,34
5073,38
5074,39
5075,32
5076,31
5077,32
5078,33
5079,34
5080,38
5081,40
5082,30
5083,31
5084,32
5085,32
5086,34
5087,39
5088,40
5089,29
5090,31
5091,32
5092,33
5093,33
5094,38
5095,40
5096,28
5097,31
5098,31
5099,40
5100,43
5101,45
5102,47
5103,32
5104,36
5105,38
5106,39
5107,43
5108,46
5109,47
5110,31
5111,36
5112,38
5113,40
5114,43
5115,46
5116,47
5117,29
5118,36
5119,38
5120,41
5121,43
5122,46
5123,47
5124,33
5125,37
5126,40
5127,42
5128,43
5129,45
5130,41
5131,51
5132,51
5133,53
5134,59
5135,61
5136,64
5137,40
5138,51
5139,51
5140,52
5141,59
5142,61
5143,67
5144,41
5145,51
5146,51
5147,52
5148,58
5149,59
5150,66
5151,44
5152,50
5153,50
5154,51
5155,57
5156,58
5157,65
5158,46
5159,48
5160,48
5161,52
5162,63
5163,65
5164,68
5165,48
5166,55
5167,55
5168,57
5169,64
5170,65
5171,68
5172,50
5173,55
5174,55
5175,56
5176,63
5177,65
5178,70
5179,53
5180,55
5181,55
5182,57
5183,64
5184,68
5185,74
5186,51
5187,53
5188,53
5189,72
5190,72
5191,80
5192,81
5193,60
5194,61
5195,62
5196,73
5197,74
5198,79
5199,80
5200,62
5201,65
5202,66
5203,71
5204,74
5205,84
5206,86
5207,59
5208,68
5209,69
5210,72
5211,74
5212,84
5213,86
5214,57
5215,66
5216,68
5217,70
5218,73
5219,84
5220,37
5221,44
5222,44
5223,45
5224,52
5225,54
5226,59
5227,36
5228,44
5229,44
5230,44
5231,52
5232,54
5233,60
5234,37
5235,45
5236,45
5237,46
5238,51
5239,53
5240,60
5241,40
5242,45
5243,45
5244,46
5245,51
5246,53
5247,57
5248,41
5249,44
5250,44
5251,48
5252,53
5253,55
5254,60
5255,41
5256,48
5257,48
5258,49
5259,54
5260,55
5261,62
5262,42
5263,47
5264,47
5265,50
5266,54
5267,57
5268,67
5269,43
5270,47
5271,47
5272,50
5273,58
5274,64
5275,68
5276,43
5277,47
5278,47
5279,63
5280,72
5281,72
5282,73
5283,46
5284,56
5285,56
5286,63
5287,72
5288,73
5289,73
5290,46
5291,57
5292,57
5293,63
5294,70
5295,72
5296,73
5297,47
5298,58
5299,57
5300,63
5301,72
5302,73
5303,74
5304,47
5305,54
5306,56
5307,60
5308,72
5309,73
5310,39
5311,46
5312,46
5313,47
5314,53
5315,55
5316,60
5317,39
5318,45
5319,45
5320,46
5321,53
5322,56
5323,61
5324,40
5325,47
5326,47
5327,48
5328,52
5329,55
5330,62
5331,42
5332,48
5333,48
5334,48
5335,52
5336,55
5337,59
5338,42
5339,47
5340,47
5341,50
5342,53
5343,56
5344,62
5345,41
5346,50
5347,50
5348,51
5349,54
5350,56
5351,63
5352,42
5353,49
5354,50
5355,51
5356,54
5357,57
5358,66
5359,43
5360,50
5361,50
5362,52
5363,58
5364,62
5365,66
5366,43
5367,49
5368,50
5369,63
5370,72
5371,73
5372,74
5373,48
5374,63
5375,63
5376,63
5377,72
5378,73
5379,73
5380,48
5381,63
5382,62
5383,63
5384,72
5385,73
5386,74
5387,48
5388,59
5389,59
5390,62
5391,72
5392,74
5393,76
5394,50
5395,62
5396,63
5397,64
5398,73
5399,74
5400,30
5401,36
5402,37
5403,38
5404,37
5405,41
5406,45
5407,31
5408,36
5409,37
5410,37
5411,45
5412,46
5413,47
5414,30
5415,37
5416,39
5417,39
5418,43
5419,45
5420,46
5421,33
5422,39
5423,40
5424,40
5425,43
5426,44
5427,46
5428,33
5429,39
5430,40
5431,42
5432,45
5433,48
5434,49
5435,34
5436,41
5437,41
5438,41
5439,45
5440,48
5441,48
5442,34
5443,41
5444,41
5445,41
5446,46
5447,51
5448,53
5449,36
5450,41
5451,41
5452,41
5453,49
5454,50
5455,50
5456,35
5457,40
5458,40
5459,53
5460,65
5461,64
5462,65
5463,42
5464,49
5465,50
5466,50
5467,65
5468,65
5469,66
5470,43
5471,48
5472,48
5473,49
5474,60
5475,60
5476,62
5477,45
5478,49
5479,49
5480,50
5481,60
5482,60
5483,63
5484,44
5485,49
5486,49
5487,51
5488,60
5489,60
5490,44
5491,56
5492,56
5493,56
5494,62
5495,65
5496,66
5497,44
5498,55
5499,55
5500,55
5501,61
5502,64
5503,66
5504,44
5505,55
5506,55
5507,55
5508,63
5509,66
5510,67
5511,44
5512,55
5513,55
5514,56
5515,64
5516,66
5517,66
5518,46
5519,56
5520,56
5521,57
5522,64
5523,68
5524,69
5525,45
5526,57
5527,57
5528,57
5529,65
5530,69
5531,70
5532,46
5533,56
5534,56
5535,57
5536,65
5537,69
5538,70
5539,46
5540,57
5541,57
5542,57
5543,65
5544,69
5545,70
5546,47
5547,57
5548,57
5549,76
5550,83
5551,86
5552,86
5553,65
5554,74
5555,73
5556,75
5557,83
5558,85
5559,85
5560,65
5561,75
5562,74
5563,76
5564,83
5565,85
5566,85
5567,65
5568,75
5569,75
5570,77
5571,82
5572,84
5573,85
5574,65
5575,75
5576,75
5577,76
5578,84
5579,88
5580,39
5581,47
5582,47
5583,47
5584,56
5585,58
5586,58
5587,39
5588,47
5589,47
5590,47
5591,56
5592,58
5593,58
5594,39
5595,47
5596,47
5597,47
5598,56
5599,58
5600,58
5601,39
5602,47
5603,47
5604,47
5605,57
5606,58
5607,59
5608,39
5609,47
5610,47
5611,50
5612,58
5613,60
5614,60
5615,41
5616,49
5617,49
5618,49
5619,57
5620,60
5621,62
5622,41
5623,49
5624,49
5625,49
5626,58
5627,62
5628,63
5629,41
5630,49
5631,49
5632,49
5633,58
5634,63
5635,63
5636,41
5637,49
5638,49
5639,66
5640,69
5641,70
5642,75
5643,56
5644,65
5645,65
5646,66
5647,69
5648,70
5649,75
5650,57
5651,65
5652,65
5653,66
5654,69
5655,70
5656,75
5657,57
5658,65
5659,65
5660,66
5661,69
5662,70
5663,75
5664,57
5665,65
5666,66
5667,67
5668,71
5669,72
5670,36
5671,47
5672,47
5673,47
5674,52
5675,55
5676,55
5677,36
5678,47
5679,47
5680,47
5681,52
5682,55
5683,55
5684,36
5685,47
5686,47
5687,47
5688,53
5689,55
5690,56
5691,36
5692,47
5693,47
5694,47
5695,54
5696,55
5697,56
5698,36
5699,47
5700,47
5701,49
5702,55
5703,56
5704,57
5705,38
5706,48
5707,48
5708,48
5709,55
5710,57
5711,58
5712,38
5713,48
5714,48
5715,49
5716,55
5717,59
5718,59
5719,38
5720,48
5721,48
5722,49
5723,56
5724,59
5725,60
5726,38
5727,48
5728,48
5729,62
5730,67
5731,68
5732,72
5733,53
5734,61
5735,61
5736,63
5737,67
5738,68
5739,72
5740,53
5741,61
5742,61
5743,63
5744,67
5745,68
5746,72
5747,53
5748,61
5749,61
5750,63
5751,67
5752,68
5753,72
5754,53
5755,61
5756,62
5757,63
5758,69
5759,70
5760,26
5761,32
5762,32
5763,33
5764,35
5765,37
5766,39
5767,26
5768,32
5769,32
5770,33
5771,35
5772,38
5773,38
5774,25
5775,31
5776,32
5777,33
5778,35
5779,37
5780,37
5781,25
5782,31
5783,32
5784,33
5785,34
5786,37
5787,37
5788,25
5789,32
5790,33
5791,36
5792,41
5793,43
5794,43
5795,33
5796,34
5797,34
5798,36
5799,40
5800,43
5801,45
5802,30
5803,33
5804,34
5805,36
5806,40
5807,43
5808,45
5809,28
5810,34
5811,34
5812,37
5813,41
5814,44
5815,45
5816,28
5817,33
5818,34
5819,44
5820,48
5821,51
5822,52
5823,37
5824,41
5825,41
5826,45
5827,48
5828,50
5829,52
5830,35
5831,41
5832,41
5833,45
5834,48
5835,50
5836,51
5837,35
5838,41
5839,41
5840,45
5841,48
5842,50
5843,52
5844,33
5845,41
5846,41
5847,44
5848,48
5849,51
5850,26
5851,32
5852,33
5853,34
5854,35
5855,37
5856,38
5857,26
5858,32
5859,33
5860,33
5861,35
5862,37
5863,38
5864,25
5865,32
5866,32
5867,33
5868,35
5869,36
5870,37
5871,25
5872,32
5873,32
5874,33
5875,34
5876,36
5877,37
5878,25
5879,32
5880,33
5881,36
5882,40
5883,42
5884,43
5885,33
5886,34
5887,34
5888,36
5889,39
5890,42
5891,44
5892,30
5893,34
5894,34
5895,36
5896,39
5897,43
5898,44
5899,29
5900,34
5901,34
5902,37
5903,40
5904,43
5905,44
5906,28
5907,33
5908,34
5909,43
5910,48
5911,51
5912,52
5913,36
5914,40
5915,40
5916,44
5917,47
5918,51
5919,52
5920,34
5921,40
5922,40
5923,44
5924,47
5925,50
5926,52
5927,35
5928,40
5929,40
5930,44
5931,47
5932,50
5933,52
5934,34
5935,40
5936,41
5937,43
5938,47
5939,51
5940,25
5941,30
5942,31
5943,31
5944,32
5945,37
5946,38
5947,26
5948,30
5949,30
5950,31
5951,32
5952,37
5953,38
5954,25
5955,30
5956,30
5957,31
5958,32
5959,36
5960,38
5961,25
5962,30
5963,30
5964,31
5965,33
5966,36
5967,38
5968,25
5969,29
5970,30
5971,35
5972,35
5973,38
5974,40
5975,33
5976,31
5977,32
5978,33
5979,35
5980,39
5981,40
5982,30
5983,31
5984,32
5985,32
5986,35
5987,39
5988,41
5989,29
5990,32
5991,32
5992,33
5993,34
5994,38
5995,40
5996,28
5997,31
5998,31
5999,40
6000,42
6001,45
6002,46
6003,31
6004,37
6005,39
6006,39
6007,43
6008,46
6009,47
6010,30
6011,37
6012,39
6013,40
6014,43
6015,46
6016,47
6017,28
6018,36
6019,38
6020,41
6021,43
6022,45
6023,46
6024,33
6025,37
6026,40
6027,42
6028,43
6029,45
6030,40
6031,51
6032,50
6033,52
6034,59
6035,60
6036,64
6037,39
6038,50
6039,50
6040,52
6041,59
6042,61
6043,66
6044,39
6045,50
6046,50
6047,52
6048,59
6049,59
6050,65
6051,42
6052,50
6053,50
6054,51
6055,57
6056,58
6057,65
6058,45
6059,48
6060,48
6061,53
6062,67
6063,67
6064,68
6065,48
6066,56
6067,57
6068,58
6069,68
6070,68
6071,69
6072,50
6073,57
6074,57
6075,58
6076,67
6077,68
6078,74
6079,54
6080,56
6081,56
6082,59
6083,70
6084,71
6085,83
6086,52
6087,54
6088,54
6089,72
6090,73
6091,80
6092,81
6093,59
6094,60
6095,61
6096,73
6097,75
6098,80
6099,80
6100,62
6101,66
6102,66
6103,71
6104,74
6105,85
6106,87
6107,59
6108,70
6109,70
6110,72
6111,75
6112,85
6113,87
6114,56
6115,67
6116,68
6117,69
6118,73
6119,84
6120,37
6121,44
6122,44
6123,45
6124,52
6125,54
6126,60
6127,36
6128,43
6129,43
6130,44
6131,53
6132,54
6133,60
6134,37
6135,44
6136,45
6137,46
6138,51
6139,52
6140,60
6141,39
6142,45
6143,45
6144,46
6145,51
6146,53
6147,57
6148,42
6149,44
6150,44
6151,48
6152,53
6153,55
6154,60
6155,42
6156,48
6157,48
6158,49
6159,54
6160,55
6161,61
6162,42
6163,47
6164,47
6165,50
6166,55
6167,56
6168,66
6169,43
6170,47
6171,47
6172,50
6173,57
6174,62
6175,68
6176,43
6177,47
6178,47
6179,62
6180,70
6181,70
6182,71
6183,46
6184,57
6185,57
6186,63
6187,69
6188,69
6189,70
6190,46
6191,58
6192,58
6193,63
6194,68
6195,69
6196,71
6197,47
6198,59
6199,58
6200,63
6201,69
6202,70
6203,70
6204,46
6205,55
6206,56
6207,61
6208,67
6209,68
6210,40
6211,46
6212,46
6213,46
6214,53
6215,55
6216,61
6217,39
6218,45
6219,45
6220,46
6221,53
6222,55
6223,61
6224,40
6225,47
6226,47
6227,48
6228,52
6229,54
6230,62
6231,42
6232,48
6233,48
6234,48
6235,52
6236,54
6237,59
6238,43
6239,47
6240,47
6241,49
6242,54
6243,56
6244,61
6245,42
6246,50
6247,50
6248,51
6249,55
6250,56
6251,62
6252,42
6253,49
6254,49
6255,51
6256,55
6257,56
6258,66
6259,43
6260,49
6261,50
6262,51
6263,58
6264,60
6265,67
6266,44
6267,49
6268,50
6269,63
6270,70
6271,71
6272,73
6273,48
6274,64
6275,64
6276,65
6277,69
6278,70
6279,71
6280,47
6281,64
6282,63
6283,65
6284,69
6285,70
6286,72
6287,48
6288,62
6289,61
6290,64
6291,69
6292,70
6293,72
6294,49
6295,64
6296,64
6297,64
6298,68
6299,69
6300,40
6301,47
6302,48
6303,48
6304,59
6305,64
6306,63
6307,40
6308,47
6309,47
6310,49
6311,57
6312,62
6313,61
6314,40
6315,47
6316,47
6317,49
6318,58
6319,60
6320,60
6321,40
6322,47
6323,48
6324,49
6325,57
6326,60
6327,59
6328,39
6329,48
6330,49
6331,53
6332,60
6333,63
6334,63
6335,42
6336,51
6337,51
6338,54
6339,60
6340,64
6341,65
6342,42
6343,51
6344,52
6345,55
6346,60
6347,65
6348,67
6349,44
6350,52
6351,53
6352,55
6353,57
6354,66
6355,70
6356,44
6357,51
6358,52
6359,69
6360,72
6361,80
6362,81
6363,57
6364,66
6365,66
6366,69
6367,73
6368,81
6369,82
6370,58
6371,66
6372,67
6373,69
6374,72
6375,81
6376,83
6377,57
6378,69
6379,71
6380,71
6381,72
6382,82
6383,83
6384,59
6385,70
6386,71
6387,71
6388,75
6389,84
6390,57
6391,70
6392,70
6393,70
6394,82
6395,84
6396,84
6397,57
6398,69
6399,69
6400,70
6401,81
6402,83
6403,83
6404,56
6405,69
6406,69
6407,70
6408,81
6409,83
6410,83
6411,57
6412,70
6413,70
6414,70
6415,81
6416,83
6417,83
6418,60
6419,69
6420,70
6421,72
6422,87
6423,90
6424,91
6425,61
6426,72
6427,72
6428,73
6429,93
6430,94
6431,94
6432,61
6433,72
6434,72
6435,73
6436,93
6437,94
6438,94
6439,61
6440,72
6441,72
6442,73
6443,93
6444,94
6445,95
6446,61
6447,72
6448,72
6449,98
6450,104
6451,105
6452,106
6453,84
6454,95
6455,95
6456,98
6457,105
6458,105
6459,107
6460,84
6461,95
6462,95
6463,98
6464,105
6465,105
6466,107
6467,84
6468,94
6469,94
6470,98
6471,106
6472,106
6473,107
6474,84
6475,94
6476,96
6477,99
6478,106
6479,108
6480,54
6481,62
6482,62
6483,62
6484,74
6485,74
6486,76
6487,52
6488,61
6489,61
6490,61
6491,74
6492,74
6493,76
6494,52
6495,61
6496,61
6497,61
6498,74
6499,74
6500,76
6501,52
6502,61
6503,61
6504,61
6505,73
6506,73
6507,75
6508,54
6509,61
6510,62
6511,63
6512,77
6513,77
6514,79
6515,55
6516,62
6517,62
6518,63
6519,76
6520,76
6521,78
6522,56
6523,62
6524,63
6525,63
6526,76
6527,76
6528,78
6529,56
6530,63
6531,63
6532,63
6533,80
6534,81
6535,83
6536,58
6537,63
6538,63
6539,84
6540,94
6541,94
6542,95
6543,68
6544,83
6545,83
6546,84
6547,93
6548,94
6549,94
6550,67
6551,83
6552,83
6553,84
6554,93
6555,94
6556,94
6557,67
6558,82
6559,82
6560,83
6561,93
6562,93
6563,93
6564,67
6565,82
6566,83
6567,84
6568,94
6569,95
6570,51
6571,59
6572,59
6573,60
6574,70
6575,70
6576,73
6577,50
6578,58
6579,58
6580,60
6581,71
6582,71
6583,74
6584,50
6585,58
6586,58
6587,60
6588,71
6589,71
6590,74
6591,50
6592,58
6593,58
6594,60
6595,71
6596,71
6597,74
6598,52
6599,59
6600,60
6601,62
6602,75
6603,76
6604,78
6605,53
6606,60
6607,60
6608,61
6609,75
6610,76
6611,77
6612,54
6613,60
6614,60
6615,62
6616,75
6617,76
6618,77
6619,54
6620,60
6621,61
6622,62
6623,80
6624,80
6625,82
6626,56
6627,60
6628,60
6629,82
6630,94
6631,94
6632,95
6633,67
6634,79
6635,79
6636,81
6637,93
6638,94
6639,94
6640,66
6641,79
6642,79
6643,81
6644,93
6645,93
6646,94
6647,66
6648,79
6649,79
6650,81
6651,92
6652,93
6653,93
6654,67
6655,79
6656,81
6657,83
6658,94
6659,95
6660,31
6661,39
6662,39
6663,39
6664,46
6665,49
6666,50
6667,34
6668,42
6669,42
6670,42
6671,46
6672,49
6673,53
6674,34
6675,42
6676,43
6677,43
6678,46
6679,50
6680,53
6681,35
6682,43
6683,43
6684,44
6685,46
6686,50
6687,53
6688,33
6689,43
6690,44
6691,46
6692,47
6693,50
6694,56
6695,41
6696,44
6697,45
6698,45
6699,50
6700,53
6701,59
6702,41
6703,44
6704,44
6705,44
6706,52
6707,52
6708,57
6709,41
6710,45
6711,45
6712,45
6713,53
6714,53
6715,57
6716,41
6717,44
6718,44
6719,61
6720,66
6721,66
6722,68
6723,45
6724,53
6725,53
6726,60
6727,67
6728,67
6729,69
6730,45
6731,53
6732,53
6733,60
6734,66
6735,67
6736,69
6737,47
6738,54
6739,53
6740,60
6741,66
6742,67
6743,69
6744,47
6745,54
6746,54
6747,60
6748,67
6749,69
6750,30
6751,39
6752,39
6753,40
6754,44
6755,48
6756,48
6757,33
6758,42
6759,42
6760,42
6761,43
6762,48
6763,50
6764,32
6765,42
6766,43
6767,43
6768,43
6769,50
6770,51
6771,33
6772,43
6773,43
6774,44
6775,45
6776,50
6777,52
6778,32
6779,43
6780,44
6781,46
6782,46
6783,50
6784,53
6785,41
6786,44
6787,45
6788,45
6789,50
6790,53
6791,56
6792,41
6793,44
6794,44
6795,44
6796,52
6797,52
6798,54
6799,41
6800,44
6801,45
6802,45
6803,53
6804,53
6805,54
6806,41
6807,43
6808,43
6809,59
6810,63
6811,64
6812,67
6813,46
6814,52
6815,52
6816,58
6817,63
6818,64
6819,68
6820,46
6821,52
6822,52
6823,58
6824,62
6825,64
6826,69
6827,47
6828,53
6829,53
6830,58
6831,63
6832,65
6833,69
6834,48
6835,52
6836,53
6837,58
6838,64
6839,67
6840,30
6841,40
6842,40
6843,41
6844,43
6845,44
6846,45
6847,33
6848,42
6849,42
6850,42
6851,42
6852,45
6853,47
6854,32
6855,42
6856,42
6857,43
6858,42
6859,47
6860,50
6861,33
6862,42
6863,43
6864,43
6865,43
6866,47
6867,50
6868,31
6869,43
6870,44
6871,46
6872,45
6873,48
6874,51
6875,40
6876,44
6877,45
6878,45
6879,47
6880,49
6881,53
6882,40
6883,43
6884,44
6885,44
6886,49
6887,50
6888,53
6889,40
6890,44
6891,44
6892,45
6893,52
6894,52
6895,53
6896,39
6897,43
6898,43
6899,59
6900,62
6901,62
6902,63
6903,44
6904,52
6905,52
6906,58
6907,62
6908,62
6909,64
6910,42
6911,52
6912,52
6913,58
6914,62
6915,62
6916,64
6917,43
6918,53
6919,52
6920,58
6921,62
6922,62
6923,64
6924,44
6925,53
6926,53
6927,58
6928,63
6929,64
6930,56
6931,69
6932,69
6933,72
6934,77
6935,80
6936,81
6937,57
6938,65
6939,64
6940,65
6941,81
6942,82
6943,82
6944,53
6945,65
6946,65
6947,66
6948,83
6949,84
6950,84
6951,56
6952,66
6953,68
6954,70
6955,83
6956,84
6957,83
6958,59
6959,69
6960,70
6961,76
6962,93
6963,94
6964,94
6965,60
6966,72
6967,73
6968,77
6969,91
6970,91
6971,91
6972,59
6973,71
6974,72
6975,76
6976,89
6977,89
6978,90
6979,61
6980,72
6981,73
6982,75
6983,92
6984,92
6985,93
6986,62
6987,72
6988,72
6989,99
6990,107
6991,107
6992,111
6993,72
6994,92
6995,92
6996,99
6997,109
6998,110
6999,115
7000,71
7001,93
7002,93
7003,99
7004,108
7005,110
7006,115
7007,71
7008,94
7009,94
7010,100
7011,109
7012,109
7013,115
7014,73
7015,93
7016,93
7017,100
7018,110
7019,111
7020,46
7021,58
7022,58
7023,62
7024,66
7025,68
7026,74
7027,48
7028,57
7029,57
7030,60
7031,67
7032,69
7033,74
7034,48
7035,57
7036,58
7037,60
7038,64
7039,68
7040,73
7041,53
7042,57
7043,57
7044,61
7045,65
7046,68
7047,75
7048,51
7049,59
7050,60
7051,68
7052,69
7053,72
7054,76
7055,53
7056,62
7057,62
7058,69
7059,78
7060,78
7061,78
7062,53
7063,62
7064,62
7065,68
7066,78
7067,77
7068,78
7069,57
7070,62
7071,62
7072,67
7073,73
7074,76
7075,79
7076,56
7077,61
7078,61
7079,86
7080,88
7081,92
7082,92
7083,63
7084,78
7085,78
7086,80
7087,86
7088,92
7089,94
7090,60
7091,80
7092,80
7093,81
7094,87
7095,92
7096,94
7097,57
7098,80
7099,80
7100,81
7101,88
7102,92
7103,93
7104,59
7105,81
7106,81
7107,81
7108,87
7109,91
7110,46
7111,60
7112,60
7113,63
7114,69
7115,72
7116,75
7117,49
7118,59
7119,59
7120,62
7121,70
7122,72
7123,75
7124,48
7125,59
7126,60
7127,61
7128,65
7129,69
7130,75
7131,53
7132,59
7133,59
7134,63
7135,66
7136,71
7137,78
7138,50
7139,61
7140,62
7141,69
7142,72
7143,75
7144,81
7145,53
7146,62
7147,62
7148,70
7149,80
7150,82
7151,83
7152,53
7153,62
7154,62
7155,69
7156,80
7157,82
7158,84
7159,57
7160,63
7161,63
7162,69
7163,78
7164,81
7165,84
7166,56
7167,62
7168,61
7169,87
7170,93
7171,97
7172,99
7173,68
7174,79
7175,79
7176,81
7177,91
7178,96
7179,99
7180,65
7181,81
7182,81
7183,82
7184,90
7185,95
7186,98
7187,64
7188,81
7189,80
7190,82
7191,91
7192,95
7193,98
7194,68
7195,81
7196,82
7197,81
7198,89
7199,94
7200,26
7201,32
7202,32
7203,34
7204,38
7205,38
7206,40
7207,26
7208,32
7209,32
7210,34
7211,42
7212,43
7213,44
7214,27
7215,34
7216,34
7217,36
7218,41
7219,42
7220,44
7221,30
7222,35
7223,35
7224,35
7225,44
7226,44
7227,45
7228,33
7229,34
7230,33
7231,36
7232,46
7233,47
7234,48
7235,35
7236,35
7237,34
7238,35
7239,47
7240,47
7241,48
7242,36
7243,38
7244,38
7245,37
7246,45
7247,45
7248,48
7249,36
7250,38
7251,37
7252,36
7253,45
7254,45
7255,49
7256,37
7257,37
7258,36
7259,49
7260,50
7261,51
7262,54
7263,38
7264,40
7265,42
7266,49
7267,50
7268,50
7269,54
7270,41
7271,44
7272,45
7273,50
7274,50
7275,50
7276,54
7277,39
7278,42
7279,43
7280,47
7281,48
7282,49
7283,56
7284,38
7285,41
7286,43
7287,48
7288,46
7289,47
7290,39
7291,50
7292,50
7293,51
7294,56
7295,57
7296,59
7297,39
7298,50
7299,50
7300,49
7301,55
7302,56
7303,58
7304,40
7305,49
7306,49
7307,49
7308,53
7309,54
7310,59
7311,41
7312,49
7313,49
7314,49
7315,54
7316,55
7317,63
7318,42
7319,52
7320,53
7321,53
7322,60
7323,61
7324,63
7325,41
7326,54
7327,54
7328,54
7329,60
7330,61
7331,64
7332,41
7333,55
7334,55
7335,54
7336,59
7337,60
7338,65
7339,41
7340,55
7341,55
7342,54
7343,59
7344,60
7345,66
7346,43
7347,55
7348,55
7349,65
7350,75
7351,80
7352,81
7353,51
7354,61
7355,61
7356,64
7357,75
7358,80
7359,81
7360,50
7361,64
7362,64
7363,66
7364,76
7365,81
7366,83
7367,50
7368,63
7369,63
7370,65
7371,76
7372,82
7373,83
7374,50
7375,64
7376,65
7377,66
7378,76
7379,82
7380,36
7381,39
7382,39
7383,39
7384,54
7385,56
7386,56
7387,34
7388,39
7389,39
7390,39
7391,53
7392,54
7393,54
7394,34
7395,39
7396,39
7397,39
7398,51
7399,53
7400,54
7401,34
7402,39
7403,40
7404,40
7405,50
7406,52
7407,54
7408,36
7409,42
7410,44
7411,46
7412,53
7413,55
7414,56
7415,38
7416,47
7417,47
7418,46
7419,53
7420,55
7421,56
7422,37
7423,46
7424,46
7425,46
7426,52
7427,53
7428,55
7429,37
7430,46
7431,46
7432,46
7433,52
7434,54
7435,56
7436,37
7437,45
7438,45
7439,61
7440,59
7441,60
7442,65
7443,55
7444,60
7445,60
7446,60
7447,60
7448,61
7449,66
7450,55
7451,61
7452,61
7453,62
7454,61
7455,62
7456,66
7457,55
7458,61
7459,61
7460,61
7461,61
7462,62
7463,66
7464,55
7465,61
7466,61
7467,61
7468,62
7469,63
7470,36
7471,38
7472,38
7473,38
7474,43
7475,47
7476,49
7477,34
7478,38
7479,38
7480,38
7481,44
7482,47
7483,49
7484,34
7485,38
7486,38
7487,38
7488,44
7489,49
7490,52
7491,34
7492,38
7493,38
7494,39
7495,43
7496,48
7497,50
7498,36
7499,40
7500,42
7501,45
7502,47
7503,50
7504,51
7505,38
7506,45
7507,45
7508,45
7509,47
7510,50
7511,52
7512,37
7513,45
7514,45
7515,45
7516,47
7517,51
7518,53
7519,37
7520,44
7521,44
7522,44
7523,48
7524,51
7525,53
7526,37
7527,43
7528,43
7529,57
7530,59
7531,59
7532,64
7533,51
7534,57
7535,57
7536,57
7537,59
7538,60
7539,65
7540,50
7541,58
7542,58
7543,58
7544,61
7545,62
7546,65
7547,50
7548,57
7549,57
7550,58
7551,60
7552,62
7553,66
7554,51
7555,57
7556,58
7557,58
7558,62
7559,64
7560,20
7561,29
7562,29
7563,31
7564,36
7565,36
7566,34
7567,25
7568,28
7569,28
7570,31
7571,34
7572,34
7573,33
7574,23
7575,28
7576,29
7577,31
7578,33
7579,34
7580,34
7581,21
7582,27
7583,28
7584,29
7585,32
7586,34
7587,34
7588,20
7589,29
7590,29
7591,31
7592,37
7593,40
7594,42
7595,26
7596,31
7597,31
7598,31
7599,34
7600,37
7601,41
7602,27
7603,32
7604,32
7605,32
7606,35
7607,36
7608,40
7609,23
7610,33
7611,33
7612,34
7613,35
7614,37
7615,41
7616,25
7617,35
7618,34
7619,40
7620,39
7621,45
7622,46
7623,32
7624,36
7625,39
7626,39
7627,38
7628,47
7629,48
7630,32
7631,35
7632,39
7633,39
7634,39
7635,47
7636,48
7637,33
7638,36
7639,39
7640,40
7641,39
7642,48
7643,49
7644,32
7645,37
7646,40
7647,41
7648,40
7649,48
7650,21
7651,29
7652,29
7653,31
7654,36
7655,36
7656,34
7657,25
7658,28
7659,28
7660,31
7661,34
7662,34
7663,33
7664,24
7665,28
7666,29
7667,31
7668,33
7669,34
7670,34
7671,22
7672,27
7673,27
7674,29
7675,32
7676,33
7677,33
7678,22
7679,29
7680,29
7681,31
7682,36
7683,37
7684,39
7685,26
7686,31
7687,31
7688,31
7689,34
7690,36
7691,40
7692,28
7693,32
7694,32
7695,32
7696,35
7697,36
7698,40
7699,24
7700,32
7701,32
7702,33
7703,35
7704,37
7705,41
7706,26
7707,34
7708,33
7709,40
7710,40
7711,45
7712,47
7713,33
7714,35
7715,39
7716,39
7717,39
7718,47
7719,49
7720,33
7721,35
7722,38
7723,39
7724,40
7725,48
7726,49
7727,35
7728,35
7729,39
7730,39
7731,40
7732,48
7733,50
7734,34
7735,36
7736,40
7737,40
7738,40
7739,48
7740,21
7741,28
7742,28
7743,30
7744,29
7745,30
7746,31
7747,24
7748,26
7749,27
7750,30
7751,29
7752,30
7753,31
7754,23
7755,27
7756,28
7757,30
7758,29
7759,30
7760,31
7761,22
7762,26
7763,27
7764,28
7765,29
7766,29
7767,30
7768,21
7769,27
7770,28
7771,29
7772,30
7773,32
7774,37
7775,25
7776,29
7777,29
7778,29
7779,32
7780,34
7781,39
7782,27
7783,30
7784,30
7785,30
7786,35
7787,36
7788,39
7789,24
7790,31
7791,31
7792,31
7793,37
7794,37
7795,39
7796,26
7797,31
7798,30
7799,39
7800,37
7801,42
7802,42
7803,32
7804,36
7805,39
7806,38
7807,36
7808,43
7809,42
7810,31
7811,36
7812,38
7813,38
7814,36
7815,42
7816,42
7817,33
7818,36
7819,39
7820,38
7821,36
7822,42
7823,43
7824,33
7825,37
7826,39
7827,39
7828,38
7829,44
7830,37
7831,46
7832,46
7833,48
7834,49
7835,52
7836,52
7837,38
7838,45
7839,44
7840,47
7841,48
7842,57
7843,58
7844,40
7845,44
7846,45
7847,47
7848,50
7849,59
7850,61
7851,41
7852,53
7853,54
7854,55
7855,47
7856,53
7857,55
7858,40
7859,46
7860,46
7861,55
7862,56
7863,57
7864,63
7865,41
7866,56
7867,56
7868,58
7869,61
7870,58
7871,65
7872,41
7873,54
7874,54
7875,54
7876,63
7877,60
7878,69
7879,42
7880,51
7881,50
7882,50
7883,61
7884,58
7885,69
7886,45
7887,47
7888,46
7889,64
7890,68
7891,70
7892,69
7893,51
7894,57
7895,57
7896,65
7897,67
7898,71
7899,72
7900,49
7901,57
7902,57
7903,65
7904,68
7905,72
7906,72
7907,47
7908,57
7909,57
7910,65
7911,68
7912,72
7913,73
7914,51
7915,59
7916,60
7917,64
7918,69
7919,74
7920,36
7921,41
7922,41
7923,41
7924,41
7925,44
7926,48
7927,38
7928,41
7929,40
7930,40
7931,45
7932,47
7933,49
7934,33
7935,40
7936,41
7937,43
7938,46
7939,47
7940,49
7941,32
7942,40
7943,40
7944,40
7945,44
7946,47
7947,50
7948,36
7949,36
7950,36
7951,42
7952,48
7953,51
7954,54
7955,35
7956,42
7957,42
7958,42
7959,54
7960,56
7961,57
7962,38
7963,41
7964,41
7965,42
7966,54
7967,55
7968,53
7969,38
7970,42
7971,43
7972,44
7973,51
7974,53
7975,53
7976,39
7977,43
7978,43
7979,59
7980,58
7981,58
7982,63
7983,50
7984,55
7985,54
7986,60
7987,59
7988,60
7989,66
7990,44
7991,55
7992,55
7993,58
7994,61
7995,61
7996,65
7997,43
7998,53
7999,53
8000,58
8001,60
8002,60
8003,65
8004,48
8005,55
8006,55
8007,58
8008,63
8009,66
8010,36
8011,40
8012,40
8013,40
8014,43
8015,48
8016,50
8017,37
8018,41
8019,40
8020,40
8021,47
8022,51
8023,52
8024,33
8025,40
8026,41
8027,43
8028,47
8029,51
8030,52
8031,32
8032,40
8033,40
8034,40
8035,46
8036,52
8037,53
8038,35
8039,37
8040,36
8041,42
8042,51
8043,54
8044,55
8045,35
8046,42
8047,42
8048,43
8049,55
8050,56
8051,57
8052,38
8053,41
8054,41
8055,42
8056,55
8057,55
8058,55
8059,37
8060,42
8061,43
8062,44
8063,54
8064,55
8065,56
8066,40
8067,44
8068,43
8069,60
8070,59
8071,60
8072,65
8073,52
8074,56
8075,56
8076,60
8077,60
8078,61
8079,67
8080,46
8081,57
8082,56
8083,59
8084,63
8085,63
8086,68
8087,46
8088,57
8089,56
8090,59
8091,64
8092,64
8093,70
8094,49
8095,57
8096,57
8097,59
8098,67
8099,69
8100,38
8101,46
8102,46
8103,46
8104,56
8105,56
8106,59
8107,37
8108,46
8109,46
8110,46
8111,56
8112,57
8113,61
8114,37
8115,46
8116,46
8117,46
8118,56
8119,57
8120,60
8121,37
8122,46
8123,46
8124,46
8125,56
8126,56
8127,60
8128,38
8129,47
8130,48
8131,49
8132,57
8133,57
8134,60
8135,38
8136,49
8137,50
8138,50
8139,57
8140,57
8141,60
8142,39
8143,50
8144,50
8145,50
8146,57
8147,58
8148,61
8149,41
8150,50
8151,50
8152,50
8153,57
8154,58
8155,60
8156,42
8157,50
8158,50
8159,59
8160,67
8161,70
8162,77
8163,57
8164,59
8165,59
8166,60
8167,67
8168,70
8169,77
8170,57
8171,59
8172,59
8173,60
8174,67
8175,70
8176,77
8177,56
8178,58
8179,59
8180,60
8181,68
8182,70
8183,77
8184,57
8185,59
8186,60
8187,61
8188,69
8189,71
8190,57
8191,66
8192,66
8193,66
8194,76
8195,77
8196,77
8197,57
8198,66
8199,66
8200,66
8201,76
8202,77
8203,77
8204,57
8205,66
8206,66
8207,66
8208,76
8209,77
8210,77
8211,57
8212,66
8213,66
8214,66
8215,76
8216,77
8217,77
8218,58
8219,66
8220,67
8221,67
8222,82
8223,84
8224,85
8225,59
8226,67
8227,67
8228,67
8229,83
8230,84
8231,85
8232,59
8233,67
8234,67
8235,67
8236,83
8237,84
8238,86
8239,59
8240,67
8241,67
8242,67
8243,83
8244,84
8245,86
8246,59
8247,67
8248,67
8249,91
8250,95
8251,100
8252,100
8253,78
8254,88
8255,88
8256,90
8257,95
8258,100
8259,100
8260,78
8261,88
8262,88
8263,90
8264,95
8265,100
8266,100
8267,78
8268,88
8269,88
8270,90
8271,95
8272,100
8273,100
8274,78
8275,88
8276,89
8277,91
8278,97
8279,102
8280,49
8281,58
8282,58
8283,58
8284,65
8285,66
8286,66
8287,49
8288,58
8289,58
8290,58
8291,66
8292,66
8293,66
8294,49
8295,58
8296,58
8297,58
8298,66
8299,66
8300,66
8301,49
8302,58
8303,58
8304,58
8305,66
8306,66
8307,66
8308,49
8309,58
8310,58
8311,59
8312,72
8313,73
8314,73
8315,49
8316,59
8317,59
8318,59
8319,72
8320,73
8321,73
8322,49
8323,59
8324,59
8325,59
8326,72
8327,73
8328,73
8329,49
8330,59
8331,59
8332,59
8333,72
8334,73
8335,73
8336,49
8337,59
8338,59
8339,77
8340,85
8341,87
8342,88
8343,65
8344,76
8345,76
8346,77
8347,85
8348,87
8349,88
8350,65
8351,76
8352,76
8353,77
8354,85
8355,87
8356,88
8357,65
8358,76
8359,76
8360,78
8361,85
8362,87
8363,88
8364,65
8365,76
8366,77
8367,78
8368,87
8369,89
8370,47
8371,56
8372,56
8373,56
8374,64
8375,64
8376,64
8377,48
8378,56
8379,56
8380,56
8381,64
8382,64
8383,64
8384,47
8385,56
8386,56
8387,56
8388,64
8389,64
8390,64
8391,47
8392,56
8393,56
8394,56
8395,64
8396,64
8397,65
8398,48
8399,56
8400,57
8401,58
8402,70
8403,71
8404,72
8405,48
8406,58
8407,58
8408,58
8409,71
8410,71
8411,72
8412,48
8413,58
8414,58
8415,58
8416,71
8417,71
8418,72
8419,48
8420,58
8421,58
8422,58
8423,71
8424,71
8425,72
8426,48
8427,58
8428,58
8429,77
8430,85
8431,86
8432,87
8433,65
8434,76
8435,76
8436,77
8437,85
8438,86
8439,87
8440,65
8441,76
8442,76
8443,77
8444,85
8445,86
8446,87
8447,65
8448,76
8449,76
8450,77
8451,85
8452,86
8453,86
8454,64
8455,76
8456,77
8457,78
8458,86
8459,88
8460,30
8461,39
8462,39
8463,40
8464,47
8465,48
8466,49
8467,30
8468,39
8469,39
8470,40
8471,47
8472,48
8473,49
8474,30
8475,39
8476,39
8477,40
8478,47
8479,48
8480,49
8481,30
8482,39
8483,39
8484,39
8485,47
8486,48
8487,48
8488,31
8489,40
8490,41
8491,42
8492,50
8493,51
8494,52
8495,35
8496,42
8497,42
8498,43
8499,50
8500,51
8501,52
8502,36
8503,42
8504,42
8505,43
8506,50
8507,51
8508,52
8509,36
8510,42
8511,42
8512,43
8513,51
8514,51
8515,52
8516,36
8517,42
8518,42
8519,52
8520,57
8521,61
8522,64
8523,45
8524,50
8525,50
8526,52
8527,56
8528,61
8529,64
8530,45
8531,50
8532,50
8533,52
8534,56
8535,61
8536,64
8537,45
8538,50
8539,50
8540,52
8541,56
8542,60
8543,64
8544,44
8545,50
8546,51
8547,52
8548,57
8549,61
8550,30
8551,39
8552,39
8553,39
8554,47
8555,48
8556,49
8557,30
8558,39
8559,39
8560,39
8561,46
8562,48
8563,48
8564,30
8565,39
8566,39
8567,39
8568,46
8569,48
8570,48
8571,30
8572,39
8573,39
8574,39
8575,46
8576,47
8577,48
8578,31
8579,40
8580,40
8581,42
8582,49
8583,50
8584,51
8585,34
8586,42
8587,42
8588,43
8589,50
8590,50
8591,51
8592,34
8593,42
8594,42
8595,43
8596,49
8597,50
8598,51
8599,34
8600,42
8601,42
8602,43
8603,50
8604,50
8605,51
8606,34
8607,42
8608,42
8609,52
8610,57
8611,61
8612,64
8613,45
8614,50
8615,50
8616,52
8617,56
8618,61
8619,64
8620,45
8621,50
8622,50
8623,51
8624,56
8625,61
8626,64
8627,45
8628,50
8629,50
8630,51
8631,56
8632,60
8633,64
8634,44
8635,50
8636,51
8637,52
8638,57
8639,61
8640,29
8641,35
8642,35
8643,35
8644,44
8645,45
8646,46
8647,29
8648,35
8649,35
8650,35
8651,44
8652,45
8653,46
8654,29
8655,35
8656,35
8657,35
8658,43
8659,45
8660,45
8661,29
8662,35
8663,35
8664,36
8665,43
8666,45
8667,45
8668,30
8669,38
8670,39
8671,40
8672,46
8673,47
8674,48
8675,34
8676,40
8677,40
8678,40
8679,46
8680,48
8681,48
8682,34
8683,40
8684,40
8685,40
8686,47
8687,48
8688,48
8689,34
8690,40
8691,40
8692,40
8693,47
8694,48
8695,49
8696,34
8697,40
8698,40
8699,52
8700,56
8701,60
8702,63
8703,43
8704,50
8705,50
8706,51
8707,56
8708,61
8709,64
8710,43
8711,49
8712,49
8713,51
8714,56
8715,61
8716,64
8717,43
8718,49
8719,49
8720,51
8721,55
8722,60
8723,64
8724,43
8725,49
8726,50
8727,51
8728,56
8729,61
8730,54
8731,61
8732,61
8733,63
8734,68
8735,70
8736,77
8737,52
8738,61
8739,61
8740,63
8741,69
8742,71
8743,76
8744,53
8745,61
8746,61
8747,63
8748,69
8749,72
8750,77
8751,53
8752,62
8753,62
8754,62
8755,70
8756,72
8757,77
8758,53
8759,61
8760,61
8761,69
8762,80
8763,83
8764,87
8765,59
8766,69
8767,68
8768,70
8769,80
8770,85
8771,87
8772,60
8773,72
8774,72
8775,73
8776,79
8777,85
8778,88
8779,61
8780,72
8781,71
8782,73
8783,77
8784,82
8785,88
8786,59
8787,72
8788,71
8789,86
8790,90
8791,91
8792,95
8793,69
8794,83
8795,83
8796,86
8797,95
8798,97
8799,99
8800,69
8801,82
8802,82
8803,86
8804,96
8805,97
8806,99
8807,67
8808,82
8809,82
8810,86
8811,95
8812,96
8813,98
8814,67
8815,82
8816,83
8817,86
8818,93
8819,94
8820,47
8821,55
8822,55
8823,59
8824,62
8825,63
8826,71
8827,48
8828,56
8829,56
8830,59
8831,62
8832,63
8833,69
8834,48
8835,56
8836,56
8837,59
8838,65
8839,65
8840,69
8841,48
8842,56
8843,56
8844,59
8845,65
8846,65
8847,69
8848,49
8849,56
8850,56
8851,60
8852,69
8853,71
8854,78
8855,53
8856,58
8857,58
8858,60
8859,69
8860,72
8861,80
8862,53
8863,59
8864,59
8865,60
8866,70
8867,72
8868,80
8869,53
8870,59
8871,59
8872,61
8873,69
8874,72
8875,80
8876,53
8877,59
8878,59
8879,73
8880,81
8881,87
8882,88
8883,67
8884,73
8885,73
8886,73
8887,81
8888,87
8889,88
8890,67
8891,73
8892,73
8893,73
8894,81
8895,86
8896,88
8897,65
8898,73
8899,73
8900,73
8901,82
8902,86
8903,87
8904,64
8905,73
8906,73
8907,73
8908,82
8909,85
8910,47
8911,55
8912,55
8913,59
8914,62
8915,63
8916,74
8917,48
8918,56
8919,56
8920,60
8921,62
8922,63
8923,72
8924,48
8925,56
8926,56
8927,60
8928,65
8929,66
8930,71
8931,48
8932,57
8933,57
8934,60
8935,65
8936,65
8937,71
8938,49
8939,56
8940,56
8941,61
8942,70
8943,72
8944,79
8945,53
8946,59
8947,59
8948,61
8949,71
8950,74
8951,80
8952,53
8953,59
8954,59
8955,62
8956,71
8957,74
8958,81
8959,53
8960,60
8961,60
8962,62
8963,72
8964,74
8965,81
8966,53
8967,60
8968,60
8969,73
8970,82
8971,88
8972,89
8973,68
8974,73
8975,73
8976,73
8977,82
8978,88
8979,89
8980,68
8981,73
8982,73
8983,73
8984,82
8985,87
8986,89
8987,66
8988,73
8989,73
8990,73
8991,82
8992,87
8993,89
8994,65
8995,73
8996,74
8997,74
8998,83
8999,87
9000,38
9001,45
9002,45
9003,46
9004,54
9005,55
9006,58
9007,37
9008,45
9009,45
9010,46
9011,54
9012,55
9013,59
9014,37
9015,45
9016,45
9017,46
9018,54
9019,55
9020,59
9021,37
9022,45
9023,45
9024,46
9025,54
9026,55
9027,58
9028,37
9029,47
9030,48
9031,49
9032,55
9033,56
9034,59
9035,38
9036,49
9037,50
9038,50
9039,55
9040,56
9041,59
9042,38
9043,50
9044,50
9045,50
9046,55
9047,56
9048,60
9049,40
9050,50
9051,50
9052,50
9053,55
9054,56
9055,60
9056,40
9057,50
9058,50
9059,59
9060,66
9061,69
9062,76
9063,56
9064,58
9065,59
9066,60
9067,67
9068,69
9069,76
9070,56
9071,58
9072,59
9073,60
9074,67
9075,70
9076,76
9077,55
9078,58
9079,58
9080,60
9081,67
9082,70
9083,76
9084,56
9085,58
9086,59
9087,61
9088,68
9089,71
9090,57
9091,66
9092,66
9093,66
9094,75
9095,76
9096,77
9097,57
9098,66
9099,66
9100,66
9101,75
9102,76
9103,77
9104,57
9105,66
9106,66
9107,66
9108,75
9109,76
9110,76
9111,57
9112,66
9113,66
9114,66
9115,75
9116,76
9117,76
9118,58
9119,66
9120,67
9121,67
9122,82
9123,84
9124,85
9125,59
9126,67
9127,67
9128,67
9129,83
9130,84
9131,85
9132,59
9133,67
9134,67
9135,67
9136,83
9137,84
9138,86
9139,59
9140,67
9141,67
9142,67
9143,83
9144,84
9145,86
9146,59
9147,67
9148,67
9149,91
9150,95
9151,99
9152,100
9153,78
9154,88
9155,88
9156,90
9157,95
9158,99
9159,100
9160,78
9161,88
9162,88
9163,90
9164,95
9165,99
9166,100
9167,78
9168,88
9169,88
9170,90
9171,95
9172,99
9173,100
9174,78
9175,88
9176,89
9177,91
9178,97
9179,101
9180,49
9181,58
9182,58
9183,58
9184,65
9185,66
9186,66
9187,48
9188,58
9189,58
9190,58
9191,66
9192,66
9193,66
9194,48
9195,58
9196,58
9197,58
9198,66
9199,66
9200,66
9201,48
9202,58
9203,58
9204,58
9205,66
9206,66
9207,66
9208,48
9209,58
9210,58
9211,59
9212,72
9213,73
9214,73
9215,48
9216,59
9217,59
9218,59
9219,72
9220,73
9221,73
9222,48
9223,59
9224,59
9225,59
9226,72
9227,73
9228,73
9229,48
9230,59
9231,59
9232,59
9233,72
9234,73
9235,73
9236,49
9237,59
9238,59
9239,77
9240,85
9241,87
9242,88
9243,64
9244,76
9245,76
9246,77
9247,85
9248,87
9249,88
9250,64
9251,76
9252,76
9253,77
9254,85
9255,87
9256,88
9257,64
9258,76
9259,76
9260,78
9261,85
9262,87
9263,88
9264,64
9265,76
9266,77
9267,78
9268,87
9269,89
9270,47
9271,56
9272,56
9273,56
9274,64
9275,64
9276,64
9277,47
9278,56
9279,56
9280,56
9281,64
9282,64
9283,64
9284,47
9285,56
9286,56
9287,56
9288,64
9289,64
9290,64
9291,47
9292,56
9293,56
9294,56
9295,64
9296,64
9297,65
9298,47
9299,56
9300,57
9301,58
9302,70
9303,71
9304,72
9305,47
9306,58
9307,58
9308,58
9309,71
9310,71
9311,72
9312,47
9313,58
9314,58
9315,58
9316,71
9317,71
9318,72
9319,47
9320,58
9321,58
9322,58
9323,71
9324,71
9325,72
9326,47
9327,58
9328,58
9329,77
9330,85
9331,86
9332,87
9333,63
9334,75
9335,75
9336,77
9337,85
9338,86
9339,87
9340,63
9341,75
9342,75
9343,77
9344,85
9345,86
9346,87
9347,63
9348,75
9349,75
9350,77
9351,85
9352,86
9353,86
9354,63
9355,76
9356,77
9357,78
9358,86
9359,88
9360,30
9361,39
9362,39
9363,39
9364,44
9365,45
9366,45
9367,30
9368,39
9369,39
9370,39
9371,44
9372,45
9373,45
9374,30
9375,39
9376,39
9377,39
9378,44
9379,44
9380,45
9381,30
9382,38
9383,38
9384,39
9385,44
9386,44
9387,45
9388,31
9389,39
9390,40
9391,42
9392,48
9393,48
9394,49
9395,36
9396,42
9397,42
9398,43
9399,48
9400,49
9401,49
9402,36
9403,42
9404,42
9405,43
9406,48
9407,48
9408,49
9409,36
9410,42
9411,42
9412,43
9413,48
9414,48
9415,49
9416,36
9417,42
9418,42
9419,51
9420,56
9421,58
9422,62
9423,45
9424,50
9425,50
9426,51
9427,55
9428,59
9429,62
9430,45
9431,50
9432,50
9433,51
9434,55
9435,59
9436,63
9437,45
9438,50
9439,50
9440,51
9441,55
9442,59
9443,62
9444,44
9445,50
9446,50
9447,51
9448,56
9449,59
9450,30
9451,38
9452,38
9453,39
9454,44
9455,45
9456,45
9457,30
9458,38
9459,38
9460,39
9461,44
9462,45
9463,45
9464,30
9465,39
9466,39
9467,39
9468,44
9469,44
9470,45
9471,30
9472,38
9473,38
9474,39
9475,44
9476,44
9477,45
9478,31
9479,39
9480,40
9481,41
9482,48
9483,48
9484,49
9485,34
9486,42
9487,42
9488,43
9489,48
9490,49
9491,49
9492,34
9493,42
9494,42
9495,43
9496,47
9497,48
9498,49
9499,34
9500,42
9501,42
9502,43
9503,47
9504,48
9505,49
9506,34
9507,42
9508,42
9509,51
9510,55
9511,58
9512,62
9513,45
9514,50
9515,50
9516,51
9517,55
9518,59
9519,62
9520,45
9521,50
9522,50
9523,51
9524,55
9525,59
9526,63
9527,45
9528,50
9529,50
9530,51
9531,55
9532,59
9533,62
9534,44
9535,50
9536,50
9537,51
9538,56
9539,59
9540,29
9541,34
9542,34
9543,34
9544,40
9545,41
9546,42
9547,30
9548,35
9549,34
9550,35
9551,40
9552,41
9553,42
9554,30
9555,35
9556,35
9557,35
9558,40
9559,41
9560,41
9561,29
9562,35
9563,35
9564,36
9565,40
9566,41
9567,41
9568,31
9569,38
9570,39
9571,40
9572,43
9573,44
9574,45
9575,34
9576,40
9577,40
9578,40
9579,44
9580,45
9581,46
9582,34
9583,40
9584,40
9585,40
9586,44
9587,45
9588,45
9589,34
9590,40
9591,40
9592,40
9593,44
9594,46
9595,46
9596,34
9597,40
9598,40
9599,51
9600,55
9601,58
9602,61
9603,43
9604,49
9605,49
9606,51
9607,55
9608,59
9609,62
9610,43
9611,49
9612,49
9613,50
9614,55
9615,59
9616,62
9617,43
9618,49
9619,49
9620,50
9621,54
9622,58
9623,62
9624,43
9625,49
9626,50
9627,50
9628,55
9629,59
9630,53
9631,60
9632,60
9633,62
9634,68
9635,69
9636,75
9637,52
9638,60
9639,60
9640,62
9641,69
9642,70
9643,74
9644,52
9645,60
9646,60
9647,61
9648,69
9649,71
9650,75
9651,52
9652,60
9653,60
9654,61
9655,69
9656,71
9657,75
9658,52
9659,60
9660,60
9661,69
9662,80
9663,83
9664,84
9665,56
9666,68
9667,68
9668,70
9669,80
9670,83
9671,85
9672,57
9673,72
9674,71
9675,73
9676,79
9677,82
9678,86
9679,58
9680,71
9681,71
9682,72
9683,76
9684,80
9685,86
9686,56
9687,72
9688,71
9689,85
9690,90
9691,91
9692,95
9693,68
9694,83
9695,83
9696,85
9697,94
9698,96
9699,98
9700,68
9701,81
9702,81
9703,85
9704,95
9705,96
9706,98
9707,66
9708,81
9709,81
9710,85
9711,94
9712,95
9713,97
9714,66
9715,81
9716,81
9717,85
9718,93
9719,94
9720,46
9721,54
9722,54
9723,58
9724,61
9725,62
9726,70
9727,47
9728,55
9729,55
9730,58
9731,62
9732,63
9733,67
9734,47
9735,55
9736,55
9737,58
9738,64
9739,65
9740,67
9741,47
9742,56
9743,56
9744,59
9745,64
9746,65
9747,68
9748,47
9749,56
9750,56
9751,59
9752,67
9753,69
9754,77
9755,51
9756,58
9757,58
9758,60
9759,68
9760,69
9761,78
9762,51
9763,59
9764,59
9765,60
9766,68
9767,69
9768,78
9769,51
9770,59
9771,59
9772,61
9773,68
9774,69
9775,79
9776,50
9777,59
9778,59
9779,71
9780,80
9781,84
9782,85
9783,66
9784,70
9785,70
9786,71
9787,80
9788,84
9789,85
9790,65
9791,70
9792,70
9793,71
9794,79
9795,83
9796,85
9797,63
9798,70
9799,70
9800,71
9801,79
9802,83
9803,85
9804,63
9805,70
9806,71
9807,72
9808,80
9809,83
9810,46
9811,54
9812,54
9813,59
9814,61
9815,62
9816,73
9817,47
9818,55
9819,55
9820,59
9821,62
9822,63
9823,71
9824,47
9825,55
9826,55
9827,59
9828,64
9829,66
9830,70
9831,48
9832,56
9833,56
9834,60
9835,64
9836,65
9837,71
9838,47
9839,56
9840,56
9841,61
9842,69
9843,71
9844,78
9845,51
9846,59
9847,58
9848,61
9849,69
9850,72
9851,79
9852,51
9853,59
9854,59
9855,61
9856,69
9857,72
9858,80
9859,51
9860,60
9861,60
9862,62
9863,70
9864,73
9865,80
9866,51
9867,60
9868,60
9869,71
9870,81
9871,86
9872,88
9873,67
9874,70
9875,70
9876,71
9877,81
9878,86
9879,88
9880,67
9881,70
9882,70
9883,71
9884,81
9885,85
9886,87
9887,64
9888,70
9889,70
9890,71
9891,81
9892,85
9893,87
9894,64
9895,70
9896,71
9897,72
9898,82
9899,85
9900,38
9901,45
9902,45
9903,46
9904,54
9905,55
9906,58
9907,37
9908,45
9909,45
9910,46
9911,54
9912,55
9913,59
9914,37
9915,45
9916,45
9917,46
9918,54
9919,55
9920,59
9921,37
9922,45
9923,45
9924,46
9925,54
9926,55
9927,58
9928,37
9929,47
9930,48
9931,48
9932,54
9933,55
9934,59
9935,38
9936,49
9937,50
9938,50
9939,55
9940,56
9941,59
9942,38
9943,50
9944,50
9945,50
9946,55
9947,56
9948,60
9949,40
9950,50
9951,50
9952,50
9953,55
9954,56
9955,60
9956,40
9957,50
9958,50
9959,59
9960,67
9961,69
9962,76
9963,56
9964,58
9965,59
9966,60
9967,67
9968,69
9969,76
9970,56
9971,58
9972,59
9973,60
9974,67
9975,70
9976,76
9977,55
9978,58
9979,58
9980,60
9981,67
9982,69
9983,76
9984,57
9985,58
9986,59
9987,61
9988,68
9989,71
9990,57
9991,66
9992,66
9993,66
9994,75
9995,76
9996,77
9997,57
9998,66
9999,66
10000,66
10001,75
10002,76
10003,77
10004,57
10005,66
10006,66
10007,66
10008,75
10009,76
10010,76
10011,57
10012,66
10013,66
10014,66
10015,75
10016,76
10017,76
10018,58
10019,66
10020,67
10021,67
10022,82
10023,84
10024,85
10025,59
10026,67
10027,67
10028,67
10029,83
10030,84
10031,85
10032,59
10033,67
10034,67
10035,67
10036,83
10037,84
10038,86
10039,59
10040,67
10041,67
10042,67
10043,83
10044,84
10045,86
10046,59
10047,67
10048,67
10049,91
10050,95
10051,99
10052,100
10053,78
10054,88
10055,88
10056,90
10057,95
10058,99
10059,100
10060,78
10061,88
10062,88
10063,90
10064,95
10065,99
10066,99
10067,78
10068,88
10069,88
10070,90
10071,95
10072,99
10073,99
10074,78
10075,88
10076,89
10077,91
10078,97
10079,101
10080,49
10081,58
10082,58
10083,58
10084,65
10085,66
10086,66
10087,48
10088,58
10089,58
10090,58
10091,66
10092,66
10093,66
10094,48
10095,58
10096,58
10097,58
10098,66
10099,66
10100,66
10101,48
10102,58
10103,58
10104,58
10105,66
10106,66
10107,66
10108,48
10109,58
10110,58
10111,59
10112,72
10113,73
10114,73
10115,48
10116,59
10117,59
10118,59
10119,72
10120,73
10121,73
10122,48
10123,59
10124,59
10125,59
10126,72
10127,73
10128,73
10129,48
10130,59
10131,59
10132,59
10133,72
10134,73
10135,73
10136,49
10137,59
10138,59
10139,77
10140,85
10141,87
10142,88
10143,64
10144,76
10145,76
10146,77
10147,85
10148,87
10149,88
10150,64
10151,76
10152,76
10153,77
10154,85
10155,87
10156,88
10157,64
10158,76
10159,76
10160,78
10161,85
10162,87
10163,88
10164,64
10165,76
10166,77
10167,78
10168,87
10169,89
10170,47
10171,56
10172,56
10173,56
10174,64
10175,64
10176,64
10177,47
10178,56
10179,56
10180,56
10181,64
10182,64
10183,64
10184,47
10185,56
10186,56
10187,56
10188,64
10189,64
10190,64
10191,47
10192,56
10193,56
10194,56
10195,64
10196,64
10197,65
10198,47
10199,56
10200,57
10201,58
10202,70
10203,71
10204,72
10205,47
10206,58
10207,58
10208,58
10209,71
10210,71
10211,72
10212,47
10213,58
10214,58
10215,58
10216,71
10217,71
10218,72
10219,47
10220,58
10221,58
10222,58
10223,71
10224,71
10225,72
10226,47
10227,58
10228,58
10229,77
10230,85
10231,86
10232,87
10233,64
10234,75
10235,75
10236,77
10237,85
10238,86
10239,87
10240,64
10241,75
10242,75
10243,77
10244,85
10245,86
10246,87
10247,64
10248,75
10249,75
10250,77
10251,85
10252,86
10253,86
10254,64
10255,76
10256,77
10257,78
10258,86
10259,88
10260,30
10261,39
10262,39
10263,39
10264,44
10265,44
10266,45
10267,31
10268,39
10269,39
10270,39
10271,44
10272,44
10273,45
10274,31
10275,39
10276,39
10277,39
10278,44
10279,44
10280,45
10281,31
10282,38
10283,38
10284,39
10285,44
10286,44
10287,45
10288,32
10289,39
10290,40
10291,42
10292,48
10293,48
10294,49
10295,36
10296,42
10297,42
10298,43
10299,48
10300,49
10301,49
10302,36
10303,42
10304,42
10305,43
10306,48
10307,48
10308,49
10309,36
10310,42
10311,42
10312,43
10313,48
10314,48
10315,49
10316,36
10317,42
10318,42
10319,51
10320,55
10321,58
10322,62
10323,45
10324,50
10325,50
10326,51
10327,55
10328,59
10329,62
10330,45
10331,50
10332,50
10333,51
10334,55
10335,59
10336,62
10337,45
10338,50
10339,50
10340,51
10341,55
10342,58
10343,62
10344,44
10345,50
10346,50
10347,51
10348,55
10349,59
10350,30
10351,38
10352,38
10353,39
10354,44
10355,44
10356,45
10357,31
10358,38
10359,38
10360,39
10361,44
10362,44
10363,45
10364,31
10365,39
10366,39
10367,39
10368,44
10369,44
10370,45
10371,31
10372,38
10373,38
10374,39
10375,44
10376,44
10377,45
10378,32
10379,39
10380,40
10381,41
10382,48
10383,48
10384,49
10385,34
10386,42
10387,42
10388,43
10389,48
10390,49
10391,49
10392,34
10393,42
10394,42
10395,43
10396,47
10397,48
10398,49
10399,34
10400,42
10401,42
10402,43
10403,47
10404,48
10405,49
10406,34
10407,42
10408,42
10409,51
10410,55
10411,58
10412,62
10413,45
10414,50
10415,50
10416,51
10417,55
10418,59
10419,62
10420,45
10421,50
10422,50
10423,51
10424,55
10425,59
10426,62
10427,45
10428,50
10429,50
10430,51
10431,55
10432,58
10433,62
10434,44
10435,50
10436,50
10437,51
10438,55
10439,59
10440,30
10441,34
10442,34
10443,34
10444,40
10445,42
10446,42
10447,30
10448,35
10449,34
10450,35
10451,40
10452,42
10453,42
10454,30
10455,35
10456,35
10457,35
10458,40
10459,41
10460,42
10461,30
10462,35
10463,35
10464,36
10465,40
10466,41
10467,42
10468,31
10469,38
10470,39
10471,40
10472,43
10473,44
10474,45
10475,34
10476,40
10477,40
10478,40
10479,44
10480,45
10481,45
10482,34
10483,40
10484,40
10485,40
10486,44
10487,44
10488,45
10489,34
10490,40
10491,40
10492,40
10493,44
10494,45
10495,46
10496,34
10497,40
10498,40
10499,50
10500,54
10501,58
10502,61
10503,43
10504,49
10505,49
10506,50
10507,54
10508,58
10509,62
10510,43
10511,49
10512,49
10513,50
10514,54
10515,58
10516,62
10517,43
10518,49
10519,49
10520,50
10521,54
10522,58
10523,62
10524,43
10525,49
10526,50
10527,50
10528,55
10529,58
10530,53
10531,60
10532,60
10533,62
10534,68
10535,69
10536,72
10537,52
10538,60
10539,60
10540,62
10541,69
10542,70
10543,71
10544,53
10545,60
10546,60
10547,61
10548,69
10549,71
10550,72
10551,53
10552,60
10553,60
10554,61
10555,69
10556,71
10557,73
10558,52
10559,60
10560,60
10561,69
10562,79
10563,82
10564,83
10565,56
10566,69
10567,68
10568,70
10569,79
10570,82
10571,84
10572,57
10573,72
10574,72
10575,73
10576,78
10577,82
10578,85
10579,58
10580,72
10581,71
10582,72
10583,75
10584,79
10585,85
10586,56
10587,72
10588,71
10589,86
10590,90
10591,91
10592,95
10593,69
10594,82
10595,82
10596,85
10597,94
10598,96
10599,99
10600,68
10601,81
10602,81
10603,85
10604,95
10605,96
10606,99
10607,65
10608,81
10609,81
10610,85
10611,94
10612,95
10613,98
10614,65
10615,81
10616,81
10617,85
10618,93
10619,94
10620,44
10621,54
10622,54
10623,58
10624,61
10625,62
10626,70
10627,45
10628,55
10629,55
10630,58
10631,61
10632,62
10633,68
10634,45
10635,55
10636,55
10637,58
10638,64
10639,65
10640,68
10641,46
10642,56
10643,56
10644,58
10645,64
10646,64
10647,68
10648,46
10649,56
10650,56
10651,59
10652,67
10653,69
10654,73
10655,51
10656,58
10657,58
10658,60
10659,67
10660,69
10661,75
10662,51
10663,59
10664,59
10665,60
10666,67
10667,69
10668,75
10669,50
10670,59
10671,59
10672,61
10673,67
10674,69
10675,75
10676,50
10677,59
10678,59
10679,71
10680,80
10681,84
10682,85
10683,66
10684,70
10685,70
10686,71
10687,80
10688,84
10689,85
10690,65
10691,70
10692,70
10693,71
10694,80
10695,83
10696,85
10697,62
10698,70
10699,70
10700,71
10701,80
10702,83
10703,85
10704,62
10705,70
10706,71
10707,71
10708,80
10709,83
10710,45
10711,54
10712,54
10713,59
10714,61
10715,62
10716,73
10717,46
10718,55
10719,55
10720,59
10721,61
10722,63
10723,71
10724,46
10725,55
10726,55
10727,59
10728,64
10729,65
10730,70
10731,46
10732,56
10733,56
10734,60
10735,64
10736,65
10737,71
10738,46
10739,56
10740,56
10741,61
10742,69
10743,71
10744,75
10745,51
10746,59
10747,58
10748,61
10749,69
10750,72
10751,76
10752,51
10753,59
10754,59
10755,61
10756,69
10757,72
10758,76
10759,51
10760,60
10761,60
10762,62
10763,70
10764,72
10765,76
10766,51
10767,60
10768,60
10769,71
10770,81
10771,86
10772,88
10773,67
10774,70
10775,70
10776,71
10777,81
10778,86
10779,88
10780,66
10781,70
10782,70
10783,71
10784,81
10785,85
10786,87
10787,63
10788,70
10789,70
10790,71
10791,81
10792,85
10793,87
10794,63
10795,70
10796,71
10797,72
10798,82
10799,85
10800,48
10801,54
10802,54
10803,58
10804,62
10805,63
10806,65
10807,48
10808,53
10809,54
10810,58
10811,62
10812,63
10813,65
10814,49
10815,54
10816,54
10817,58
10818,61
10819,62
10820,63
10821,49
10822,54
10823,54
10824,58
10825,60
10826,61
10827,63
10828,51
10829,55
10830,55
10831,60
10832,73
10833,73
10834,75
10835,51
10836,56
10837,57
10838,62
10839,73
10840,73
10841,76
10842,52
10843,59
10844,60
10845,63
10846,73
10847,73
10848,75
10849,52
10850,59
10851,59
10852,62
10853,73
10854,73
10855,71
10856,51
10857,58
10858,59
10859,74
10860,85
10861,86
10862,87
10863,63
10864,67
10865,68
10866,74
10867,85
10868,86
10869,87
10870,63
10871,68
10872,69
10873,75
10874,87
10875,89
10876,90
10877,63
10878,68
10879,70
10880,76
10881,87
10882,89
10883,90
10884,66
10885,71
10886,73
10887,76
10888,84
10889,86
10890,65
10891,76
10892,76
10893,77
10894,88
10895,89
10896,89
10897,65
10898,76
10899,76
10900,77
10901,89
10902,89
10903,89
10904,65
10905,76
10906,76
10907,77
10908,88
10909,88
10910,89
10911,65
10912,77
10913,77
10914,77
10915,87
10916,88
10917,88
10918,66
10919,77
10920,77
10921,78
10922,92
10923,93
10924,98
10925,67
10926,79
10927,79
10928,79
10929,95
10930,97
10931,99
10932,66
10933,80
10934,80
10935,80
10936,95
10937,97
10938,99
10939,66
10940,80
10941,80
10942,80
10943,95
10944,97
10945,99
10946,66
10947,80
10948,80
10949,108
10950,116
10951,123
10952,123
10953,88
10954,102
10955,103
10956,108
10957,116
10958,125
10959,125
10960,88
10961,102
10962,103
10963,108
10964,116
10965,125
10966,125
10967,88
10968,102
10969,103
10970,108
10971,116
10972,125
10973,125
10974,88
10975,102
10976,105
10977,108
10978,119
10979,127
10980,60
10981,70
10982,70
10983,71
10984,81
10985,81
10986,84
10987,60
10988,70
10989,70
10990,71
10991,80
10992,81
10993,84
10994,60
10995,70
10996,70
10997,71
10998,80
10999,81
11000,84
11001,61
11002,71
11003,71
11004,71
11005,80
11006,81
11007,85
11008,61
11009,71
11010,71
11011,72
11012,84
11013,85
11014,89
11015,61
11016,72
11017,72
11018,73
11019,85
11020,86
11021,90
11022,61
11023,72
11024,72
11025,73
11026,85
11027,86
11028,90
11029,61
11030,72
11031,72
11032,73
11033,86
11034,86
11035,91
11036,61
11037,72
11038,72
11039,93
11040,103
11041,103
11042,104
11043,75
11044,91
11045,91
11046,93
11047,104
11048,104
11049,105
11050,76
11051,91
11052,91
11053,93
11054,104
11055,104
11056,105
11057,75
11058,91
11059,91
11060,93
11061,103
11062,103
11063,104
11064,74
11065,91
11066,92
11067,94
11068,105
11069,105
11070,56
11071,65
11072,65
11073,66
11074,74
11075,75
11076,82
11077,55
11078,65
11079,65
11080,66
11081,74
11082,75
11083,82
11084,55
11085,65
11086,65
11087,66
11088,74
11089,75
11090,82
11091,56
11092,65
11093,65
11094,66
11095,74
11096,75
11097,82
11098,56
11099,65
11100,66
11101,67
11102,75
11103,76
11104,84
11105,57
11106,67
11107,67
11108,67
11109,77
11110,78
11111,84
11112,57
11113,67
11114,67
11115,67
11116,77
11117,78
11118,84
11119,57
11120,67
11121,67
11122,68
11123,77
11124,78
11125,85
11126,59
11127,68
11128,68
11129,92
11130,102
11131,102
11132,104
11133,75
11134,89
11135,90
11136,92
11137,103
11138,103
11139,104
11140,75
11141,89
11142,90
11143,92
11144,103
11145,103
11146,104
11147,74
11148,89
11149,90
11150,92
11151,103
11152,103
11153,104
11154,74
11155,89
11156,91
11157,94
11158,105
11159,105
11160,40
11161,45
11162,45
11163,47
11164,49
11165,54
11166,58
11167,40
11168,45
11169,46
11170,47
11171,50
11172,55
11173,58
11174,38
11175,45
11176,46
11177,47
11178,50
11179,55
11180,57
11181,38
11182,45
11183,45
11184,47
11185,50
11186,54
11187,57
11188,41
11189,45
11190,45
11191,48
11192,53
11193,58
11194,61
11195,44
11196,48
11197,48
11198,50
11199,53
11200,58
11201,61
11202,44
11203,48
11204,49
11205,50
11206,53
11207,58
11208,61
11209,45
11210,50
11211,50
11212,50
11213,57
11214,63
11215,64
11216,44
11217,49
11218,49
11219,63
11220,68
11221,73
11222,77
11223,53
11224,61
11225,61
11226,64
11227,69
11228,73
11229,75
11230,52
11231,61
11232,61
11233,64
11234,70
11235,73
11236,75
11237,54
11238,61
11239,61
11240,64
11241,72
11242,73
11243,74
11244,53
11245,60
11246,60
11247,64
11248,73
11249,75
11250,40
11251,44
11252,45
11253,46
11254,50
11255,54
11256,58
11257,40
11258,45
11259,45
11260,46
11261,50
11262,55
11263,58
11264,37
11265,45
11266,45
11267,46
11268,50
11269,55
11270,58
11271,38
11272,44
11273,45
11274,46
11275,50
11276,54
11277,58
11278,41
11279,44
11280,45
11281,47
11282,53
11283,57
11284,60
11285,43
11286,47
11287,47
11288,49
11289,53
11290,58
11291,61
11292,44
11293,47
11294,48
11295,48
11296,53
11297,58
11298,61
11299,45
11300,49
11301,49
11302,50
11303,56
11304,63
11305,64
11306,44
11307,49
11308,49
11309,63
11310,66
11311,72
11312,76
11313,53
11314,61
11315,61
11316,63
11317,67
11318,72
11319,73
11320,52
11321,61
11322,61
11323,64
11324,68
11325,72
11326,74
11327,54
11328,61
11329,61
11330,63
11331,70
11332,72
11333,73
11334,53
11335,59
11336,60
11337,64
11338,72
11339,74
11340,38
11341,43
11342,43
11343,44
11344,48
11345,48
11346,49
11347,38
11348,43
11349,43
11350,45
11351,48
11352,50
11353,51
11354,35
11355,43
11356,43
11357,45
11358,49
11359,51
11360,51
11361,36
11362,43
11363,43
11364,45
11365,49
11366,50
11367,51
11368,38
11369,43
11370,44
11371,46
11372,52
11373,53
11374,55
11375,42
11376,46
11377,46
11378,48
11379,53
11380,55
11381,57
11382,41
11383,46
11384,47
11385,48
11386,52
11387,55
11388,57
11389,41
11390,49
11391,49
11392,50
11393,54
11394,58
11395,58
11396,40
11397,48
11398,49
11399,58
11400,65
11401,72
11402,75
11403,50
11404,54
11405,54
11406,58
11407,67
11408,71
11409,72
11410,49
11411,54
11412,54
11413,58
11414,68
11415,71
11416,73
11417,50
11418,53
11419,53
11420,57
11421,69
11422,71
11423,71
11424,48
11425,53
11426,54
11427,58
11428,71
11429,73
11430,68
11431,80
11432,74
11433,74
11434,86
11435,94
11436,96
11437,67
11438,73
11439,73
11440,74
11441,85
11442,93
11443,96
11444,64
11445,72
11446,73
11447,74
11448,79
11449,91
11450,93
11451,63
11452,72
11453,73
11454,75
11455,79
11456,90
11457,93
11458,62
11459,77
11460,78
11461,87
11462,96
11463,98
11464,102
11465,64
11466,74
11467,74
11468,77
11469,93
11470,100
11471,105
11472,68
11473,74
11474,74
11475,76
11476,90
11477,99
11478,105
11479,73
11480,75
11481,75
11482,78
11483,89
11484,99
11485,105
11486,71
11487,76
11488,77
11489,102
11490,111
11491,112
11492,118
11493,83
11494,96
11495,95
11496,103
11497,110
11498,113
11499,119
11500,83
11501,96
11502,95
11503,103
11504,117
11505,120
11506,125
11507,83
11508,96
11509,95
11510,105
11511,117
11512,120
11513,123
11514,81
11515,98
11516,97
11517,105
11518,116
11519,118
11520,57
11521,65
11522,65
11523,66
11524,80
11525,79
11526,80
11527,55
11528,64
11529,64
11530,66
11531,80
11532,79
11533,81
11534,54
11535,64
11536,64
11537,66
11538,78
11539,79
11540,81
11541,53
11542,65
11543,65
11544,67
11545,78
11546,77
11547,76
11548,56
11549,67
11550,67
11551,72
11552,91
11553,90
11554,90
11555,58
11556,69
11557,69
11558,71
11559,90
11560,89
11561,85
11562,60
11563,69
11564,68
11565,71
11566,85
11567,86
11568,83
11569,59
11570,70
11571,69
11572,71
11573,82
11574,84
11575,84
11576,59
11577,69
11578,69
11579,92
11580,102
11581,104
11582,106
11583,72
11584,86
11585,86
11586,92
11587,102
11588,104
11589,108
11590,75
11591,85
11592,85
11593,93
11594,102
11595,104
11596,107
11597,79
11598,85
11599,85
11600,93
11601,102
11602,104
11603,107
11604,77
11605,84
11606,86
11607,93
11608,100
11609,103
11610,60
11611,67
11612,67
11613,69
11614,80
11615,80
11616,84
11617,58
11618,67
11619,67
11620,70
11621,80
11622,80
11623,84
11624,56
11625,67
11626,67
11627,70
11628,78
11629,80
11630,85
11631,56
11632,68
11633,67
11634,70
11635,78
11636,79
11637,82
11638,63
11639,70
11640,69
11641,73
11642,92
11643,92
11644,95
11645,64
11646,70
11647,70
11648,72
11649,92
11650,91
11651,91
11652,64
11653,70
11654,69
11655,72
11656,87
11657,88
11658,87
11659,64
11660,72
11661,71
11662,74
11663,83
11664,85
11665,88
11666,65
11667,72
11668,71
11669,96
11670,103
11671,105
11672,108
11673,73
11674,88
11675,88
11676,95
11677,103
11678,106
11679,109
11680,77
11681,88
11682,88
11683,96
11684,103
11685,106
11686,108
11687,81
11688,88
11689,87
11690,96
11691,103
11692,105
11693,108
11694,79
11695,88
11696,89
11697,96
11698,101
11699,104
11700,29
11701,33
11702,34
11703,36
11704,43
11705,43
11706,48
11707,29
11708,36
11709,36
11710,38
11711,41
11712,41
11713,47
11714,30
11715,36
11716,36
11717,38
11718,41
11719,41
11720,46
11721,34
11722,36
11723,36
11724,38
11725,43
11726,43
11727,45
11728,34
11729,38
11730,38
11731,44
11732,48
11733,49
11734,51
11735,39
11736,43
11737,43
11738,44
11739,47
11740,49
11741,50
11742,39
11743,43
11744,43
11745,44
11746,52
11747,52
11748,55
11749,41
11750,41
11751,41
11752,40
11753,48
11754,47
11755,48
11756,39
11757,38
11758,38
11759,48
11760,47
11761,59
11762,57
11763,44
11764,47
11765,49
11766,48
11767,49
11768,58
11769,62
11770,44
11771,48
11772,49
11773,49
11774,54
11775,60
11776,64
11777,45
11778,50
11779,50
11780,50
11781,56
11782,61
11783,62
11784,45
11785,46
11786,46
11787,48
11788,57
11789,62
11790,49
11791,51
11792,52
11793,52
11794,61
11795,62
11796,69
11797,49
11798,52
11799,52
11800,53
11801,61
11802,62
11803,68
11804,49
11805,52
11806,53
11807,53
11808,61
11809,63
11810,69
11811,51
11812,55
11813,55
11814,55
11815,61
11816,63
11817,69
11818,52
11819,56
11820,59
11821,61
11822,64
11823,66
11824,72
11825,50
11826,62
11827,61
11828,61
11829,67
11830,67
11831,71
11832,51
11833,62
11834,61
11835,61
11836,69
11837,70
11838,74
11839,51
11840,61
11841,60
11842,61
11843,69
11844,71
11845,74
11846,51
11847,62
11848,61
11849,76
11850,85
11851,87
11852,94
11853,57
11854,70
11855,72
11856,76
11857,80
11858,83
11859,90
11860,59
11861,70
11862,72
11863,75
11864,79
11865,81
11866,88
11867,62
11868,72
11869,73
11870,76
11871,79
11872,81
11873,87
11874,63
11875,72
11876,73
11877,75
11878,81
11879,84
11880,42
11881,47
11882,47
11883,48
11884,52
11885,56
11886,58
11887,42
11888,47
11889,47
11890,48
11891,52
11892,55
11893,59
11894,42
11895,47
11896,47
11897,48
11898,52
11899,56
11900,59
11901,42
11902,47
11903,47
11904,48
11905,51
11906,56
11907,59
11908,40
11909,48
11910,48
11911,49
11912,58
11913,62
11914,62
11915,42
11916,49
11917,49
11918,51
11919,58
11920,61
11921,62
11922,42
11923,50
11924,50
11925,52
11926,57
11927,61
11928,62
11929,41
11930,51
11931,51
11932,52
11933,55
11934,61
11935,63
11936,42
11937,51
11938,51
11939,63
11940,67
11941,72
11942,74
11943,54
11944,62
11945,63
11946,64
11947,68
11948,73
11949,74
11950,54
11951,63
11952,63
11953,64
11954,67
11955,72
11956,75
11957,54
11958,63
11959,63
11960,64
11961,66
11962,72
11963,75
11964,54
11965,62
11966,64
11967,64
11968,68
11969,74
11970,42
11971,45
11972,45
11973,45
11974,52
11975,55
11976,57
11977,42
11978,45
11979,45
11980,45
11981,52
11982,55
11983,58
11984,41
11985,45
11986,45
11987,45
11988,51
11989,55
11990,58
11991,42
11992,45
11993,45
11994,45
11995,51
11996,55
11997,58
11998,40
11999,45
12000,45
12001,46
12002,57
12003,60
12004,61
12005,43
12006,48
12007,48
12008,48
12009,56
12010,60
12011,61
12012,42
12013,49
12014,49
12015,49
12016,55
12017,60
12018,61
12019,42
12020,49
12021,49
12022,49
12023,55
12024,60
12025,62
12026,42
12027,49
12028,49
12029,58
12030,64
12031,69
12032,70
12033,51
12034,56
12035,57
12036,59
12037,64
12038,69
12039,70
12040,51
12041,57
12042,58
12043,59
12044,64
12045,69
12046,70
12047,51
12048,57
12049,59
12050,60
12051,63
12052,69
12053,70
12054,51
12055,57
12056,59
12057,60
12058,64
12059,70
12060,24
12061,34
12062,34
12063,34
12064,42
12065,42
12066,42
12067,24
12068,34
12069,35
12070,35
12071,42
12072,41
12073,42
12074,23
12075,33
12076,32
12077,33
12078,39
12079,37
12080,38
12081,24
12082,32
12083,32
12084,32
12085,38
12086,38
12087,41
12088,25
12089,32
12090,33
12091,39
12092,45
12093,45
12094,44
12095,25
12096,34
12097,35
12098,36
12099,43
12100,44
12101,44
12102,28
12103,35
12104,35
12105,37
12106,44
12107,45
12108,44
12109,31
12110,35
12111,35
12112,35
12113,44
12114,44
12115,43
12116,30
12117,38
12118,38
12119,46
12120,52
12121,56
12122,58
12123,40
12124,43
12125,44
12126,45
12127,45
12128,54
12129,56
12130,40
12131,43
12132,43
12133,46
12134,44
12135,54
12136,55
12137,33
12138,39
12139,40
12140,44
12141,46
12142,53
12143,54
12144,32
12145,39
12146,39
12147,43
12148,46
12149,52
12150,28
12151,34
12152,34
12153,34
12154,40
12155,40
12156,40
12157,28
12158,34
12159,34
12160,35
12161,37
12162,37
12163,37
12164,26
12165,32
12166,32
12167,33
12168,37
12169,37
12170,37
12171,26
12172,31
12173,32
12174,32
12175,37
12176,38
12177,40
12178,27
12179,32
12180,32
12181,38
12182,43
12183,44
12184,43
12185,27
12186,34
12187,35
12188,36
12189,39
12190,42
12191,43
12192,28
12193,35
12194,35
12195,36
12196,39
12197,43
12198,44
12199,31
12200,34
12201,35
12202,35
12203,40
12204,44
12205,43
12206,30
12207,37
12208,38
12209,42
12210,53
12211,55
12212,56
12213,35
12214,41
12215,42
12216,42
12217,45
12218,52
12219,55
12220,36
12221,40
12222,40
12223,42
12224,45
12225,52
12226,53
12227,32
12228,39
12229,40
12230,42
12231,46
12232,52
12233,53
12234,31
12235,38
12236,39
12237,41
12238,46
12239,51
12240,27
12241,34
12242,33
12243,34
12244,37
12245,36
12246,36
12247,27
12248,34
12249,34
12250,34
12251,35
12252,34
12253,33
12254,25
12255,32
12256,32
12257,33
12258,37
12259,37
12260,36
12261,25
12262,31
12263,31
12264,31
12265,36
12266,36
12267,36
12268,26
12269,31
12270,32
12271,37
12272,38
12273,38
12274,38
12275,25
12276,34
12277,34
12278,35
12279,37
12280,42
12281,42
12282,26
12283,35
12284,35
12285,36
12286,37
12287,42
12288,42
12289,28
12290,34
12291,34
12292,33
12293,38
12294,42
12295,41
12296,27
12297,37
12298,37
12299,41
12300,42
12301,45
12302,47
12303,34
12304,40
12305,41
12306,40
12307,40
12308,45
12309,47
12310,35
12311,38
12312,38
12313,39
12314,41
12315,47
12316,49
12317,33
12318,37
12319,38
12320,38
12321,41
12322,48
12323,50
12324,32
12325,37
12326,38
12327,38
12328,37
12329,47
12330,47
12331,51
12332,52
12333,52
12334,61
12335,60
12336,61
12337,46
12338,50
12339,52
12340,53
12341,58
12342,56
12343,64
12344,44
12345,51
12346,52
12347,54
12348,59
12349,60
12350,65
12351,42
12352,53
12353,54
12354,56
12355,57
12356,60
12357,64
12358,42
12359,52
12360,52
12361,57
12362,63
12363,64
12364,75
12365,45
12366,58
12367,59
12368,63
12369,61
12370,62
12371,77
12372,44
12373,57
12374,57
12375,60
12376,59
12377,60
12378,71
12379,48
12380,54
12381,55
12382,59
12383,59
12384,60
12385,73
12386,51
12387,55
12388,57
12389,73
12390,77
12391,80
12392,81
12393,57
12394,64
12395,66
12396,71
12397,78
12398,80
12399,79
12400,57
12401,65
12402,66
12403,78
12404,72
12405,79
12406,85
12407,56
12408,63
12409,64
12410,78
12411,74
12412,81
12413,87
12414,49
12415,63
12416,64
12417,79
12418,73
12419,80
12420,37
12421,44
12422,44
12423,47
12424,51
12425,55
12426,54
12427,34
12428,44
12429,44
12430,46
12431,52
12432,54
12433,60
12434,32
12435,46
12436,46
12437,47
12438,56
12439,57
12440,57
12441,34
12442,45
12443,44
12444,44
12445,56
12446,56
12447,57
12448,34
12449,45
12450,45
12451,49
12452,58
12453,59
12454,65
12455,45
12456,47
12457,47
12458,49
12459,60
12460,60
12461,64
12462,45
12463,47
12464,48
12465,50
12466,54
12467,56
12468,63
12469,43
12470,49
12471,50
12472,52
12473,53
12474,55
12475,61
12476,47
12477,48
12478,48
12479,65
12480,63
12481,68
12482,72
12483,56
12484,62
12485,62
12486,61
12487,62
12488,68
12489,72
12490,56
12491,60
12492,60
12493,62
12494,63
12495,75
12496,80
12497,55
12498,61
12499,60
12500,63
12501,66
12502,76
12503,79
12504,49
12505,62
12506,61
12507,63
12508,67
12509,77
12510,41
12511,44
12512,46
12513,47
12514,52
12515,54
12516,53
12517,38
12518,45
12519,46
12520,47
12521,53
12522,55
12523,60
12524,35
12525,48
12526,49
12527,49
12528,57
12529,57
12530,57
12531,37
12532,48
12533,48
12534,48
12535,58
12536,57
12537,57
12538,37
12539,50
12540,51
12541,53
12542,64
12543,59
12544,64
12545,46
12546,52
12547,52
12548,53
12549,65
12550,59
12551,63
12552,46
12553,50
12554,50
12555,51
12556,67
12557,60
12558,63
12559,45
12560,50
12561,51
12562,51
12563,67
12564,62
12565,63
12566,48
12567,49
12568,50
12569,65
12570,67
12571,71
12572,78
12573,55
12574,61
12575,62
12576,62
12577,68
12578,72
12579,78
12580,55
12581,60
12582,60
12583,62
12584,67
12585,77
12586,83
12587,56
12588,60
12589,60
12590,64
12591,71
12592,78
12593,82
12594,51
12595,61
12596,60
12597,65
12598,72
12599,79
12600,53
12601,63
12602,63
12603,70
12604,77
12605,76
12606,75
12607,54
12608,59
12609,59
12610,66
12611,70
12612,70
12613,74
12614,53
12615,55
12616,55
12617,61
12618,69
12619,74
12620,75
12621,56
12622,60
12623,60
12624,63
12625,65
12626,67
12627,71
12628,55
12629,56
12630,56
12631,68
12632,77
12633,79
12634,81
12635,60
12636,62
12637,63
12638,67
12639,73
12640,72
12641,74
12642,61
12643,63
12644,65
12645,66
12646,69
12647,71
12648,75
12649,60
12650,66
12651,67
12652,67
12653,75
12654,76
12655,81
12656,60
12657,63
12658,58
12659,80
12660,90
12661,91
12662,98
12663,61
12664,77
12665,76
12666,77
12667,84
12668,84
12669,97
12670,58
12671,73
12672,73
12673,72
12674,81
12675,82
12676,97
12677,64
12678,75
12679,73
12680,73
12681,82
12682,85
12683,100
12684,66
12685,72
12686,70
12687,69
12688,91
12689,95
12690,72
12691,81
12692,81
12693,83
12694,98
12695,101
12696,102
12697,72
12698,81
12699,81
12700,81
12701,99
12702,101
12703,100
12704,74
12705,81
12706,81
12707,85
12708,95
12709,97
12710,101
12711,74
12712,81
12713,80
12714,84
12715,91
12716,91
12717,93
12718,71
12719,82
12720,82
12721,84
12722,110
12723,116
12724,118
12725,72
12726,85
12727,86
12728,85
12729,105
12730,109
12731,114
12732,72
12733,90
12734,90
12735,89
12736,103
12737,104
12738,107
12739,71
12740,83
12741,83
12742,88
12743,105
12744,108
12745,111
12746,70
12747,85
12748,86
12749,115
12750,132
12751,135
12752,137
12753,91
12754,103
12755,104
12756,108
12757,119
12758,122
12759,129
12760,87
12761,103
12762,108
12763,111
12764,119
12765,124
12766,134
12767,84
12768,97
12769,104
12770,108
12771,112
12772,120
12773,128
12774,88
12775,101
12776,106
12777,109
12778,111
12779,119
12780,66
12781,72
12782,72
12783,72
12784,76
12785,85
12786,92
12787,65
12788,72
12789,72
12790,71
12791,75
12792,85
12793,93
12794,60
12795,73
12796,73
12797,73
12798,77
12799,84
12800,91
12801,61
12802,73
12803,73
12804,73
12805,81
12806,86
12807,90
12808,60
12809,69
12810,70
12811,80
12812,78
12813,94
12814,101
12815,69
12816,80
12817,80
12818,84
12819,81
12820,94
12821,97
12822,69
12823,79
12824,79
12825,85
12826,87
12827,95
12828,96
12829,66
12830,80
12831,80
12832,84
12833,85
12834,90
12835,93
12836,65
12837,80
12838,80
12839,95
12840,115
12841,122
12842,125
12843,84
12844,92
12845,94
12846,96
12847,112
12848,122
12849,128
12850,83
12851,91
12852,93
12853,94
12854,106
12855,116
12856,119
12857,83
12858,90
12859,93
12860,94
12861,106
12862,116
12863,119
12864,89
12865,88
12866,91
12867,94
12868,107
12869,116
12870,53
12871,69
12872,68
12873,68
12874,72
12875,80
12876,83
12877,53
12878,69
12879,68
12880,68
12881,71
12882,81
12883,83
12884,51
12885,70
12886,67
12887,68
12888,72
12889,81
12890,82
12891,56
12892,71
12893,68
12894,67
12895,75
12896,80
12897,81
12898,55
12899,67
12900,66
12901,77
12902,74
12903,84
12904,86
12905,60
12906,74
12907,76
12908,83
12909,76
12910,85
12911,85
12912,62
12913,75
12914,76
12915,84
12916,83
12917,86
12918,86
12919,62
12920,74
12921,76
12922,83
12923,85
12924,87
12925,87
12926,61
12927,73
12928,75
12929,91
12930,107
12931,115
12932,118
12933,71
12934,90
12935,91
12936,91
12937,104
12938,115
12939,120
12940,73
12941,89
12942,90
12943,90
12944,101
12945,110
12946,111
12947,74
12948,87
12949,88
12950,92
12951,102
12952,110
12953,112
12954,78
12955,88
12956,92
12957,97
12958,102
12959,109
12960,41
12961,50
12962,49
12963,49
12964,53
12965,56
12966,60
12967,40
12968,47
12969,47
12970,50
12971,58
12972,61
12973,62
12974,43
12975,48
12976,48
12977,52
12978,55
12979,57
12980,58
12981,38
12982,44
12983,45
12984,52
12985,53
12986,58
12987,63
12988,37
12989,47
12990,47
12991,52
12992,59
12993,60
12994,63
12995,39
12996,47
12997,47
12998,50
12999,61
13000,61
13001,66
13002,42
13003,52
13004,52
13005,56
13006,60
13007,60
13008,64
13009,42
13010,52
13011,52
13012,56
13013,62
13014,63
13015,66
13016,45
13017,46
13018,46
13019,54
13020,71
13021,78
13022,78
13023,51
13024,60
13025,62
13026,60
13027,72
13028,77
13029,77
13030,54
13031,63
13032,66
13033,65
13034,68
13035,85
13036,84
13037,53
13038,60
13039,60
13040,67
13041,68
13042,80
13043,77
13044,52
13045,59
13046,58
13047,65
13048,72
13049,80
13050,41
13051,50
13052,50
13053,49
13054,51
13055,52
13056,54
13057,41
13058,46
13059,47
13060,50
13061,57
13062,59
13063,58
13064,46
13065,47
13066,48
13067,50
13068,55
13069,57
13070,58
13071,41
13072,43
13073,44
13074,49
13075,54
13076,55
13077,55
13078,40
13079,45
13080,46
13081,53
13082,57
13083,59
13084,59
13085,43
13086,47
13087,48
13088,51
13089,59
13090,61
13091,64
13092,44
13093,50
13094,50
13095,55
13096,58
13097,60
13098,63
13099,44
13100,51
13101,51
13102,56
13103,59
13104,62
13105,66
13106,44
13107,46
13108,47
13109,56
13110,67
13111,77
13112,81
13113,53
13114,60
13115,61
13116,62
13117,66
13118,76
13119,79
13120,56
13121,62
13122,63
13123,65
13124,66
13125,81
13126,81
13127,53
13128,61
13129,60
13130,67
13131,69
13132,76
13133,75
13134,52
13135,60
13136,59
13137,65
13138,71
13139,74
13140,37
13141,46
13142,47
13143,50
13144,49
13145,52
13146,53
13147,35
13148,43
13149,43
13150,47
13151,50
13152,52
13153,54
13154,42
13155,46
13156,47
13157,47
13158,45
13159,50
13160,54
13161,37
13162,42
13163,42
13164,46
13165,51
13166,53
13167,54
13168,35
13169,44
13170,45
13171,54
13172,56
13173,58
13174,58
13175,41
13176,46
13177,46
13178,49
13179,52
13180,56
13181,59
13182,42
13183,49
13184,50
13185,52
13186,56
13187,55
13188,55
13189,41
13190,49
13191,50
13192,52
13193,59
13194,61
13195,60
13196,42
13197,44
13198,46
13199,50
13200,68
13201,67
13202,70
13203,50
13204,57
13205,58
13206,59
13207,68
13208,66
13209,67
13210,52
13211,58
13212,60
13213,59
13214,69
13215,72
13216,76
13217,50
13218,57
13219,58
13220,60
13221,65
13222,69
13223,73
13224,50
13225,59
13226,59
13227,60
13228,60
13229,70
13230,68
13231,82
13232,84
13233,84
13234,87
13235,93
13236,101
13237,66
13238,77
13239,78
13240,80
13241,85
13242,92
13243,100
13244,66
13245,76
13246,74
13247,78
13248,86
13249,87
13250,98
13251,67
13252,80
13253,79
13254,81
13255,92
13256,92
13257,97
13258,72
13259,82
13260,82
13261,93
13262,109
13263,112
13264,116
13265,74
13266,92
13267,92
13268,82
13269,105
13270,107
13271,108
13272,72
13273,83
13274,85
13275,88
13276,99
13277,99
13278,104
13279,72
13280,82
13281,82
13282,85
13283,100
13284,102
13285,107
13286,73
13287,84
13288,84
13289,115
13290,121
13291,127
13292,132
13293,82
13294,101
13295,96
13296,102
13297,121
13298,129
13299,128
13300,82
13301,100
13302,98
13303,101
13304,119
13305,122
13306,127
13307,82
13308,106
13309,96
13310,98
13311,123
13312,126
13313,140
13314,90
13315,110
13316,104
13317,105
13318,126
13319,130
13320,56
13321,72
13322,75
13323,78
13324,78
13325,84
13326,83
13327,55
13328,75
13329,77
13330,77
13331,77
13332,79
13333,76
13334,54
13335,69
13336,69
13337,70
13338,72
13339,81
13340,77
13341,64
13342,66
13343,68
13344,68
13345,71
13346,79
13347,77
13348,58
13349,67
13350,68
13351,77
13352,88
13353,89
13354,90
13355,54
13356,74
13357,75
13358,74
13359,91
13360,90
13361,91
13362,60
13363,79
13364,79
13365,76
13366,89
13367,88
13368,89
13369,63
13370,70
13371,71
13372,70
13373,82
13374,82
13375,88
13376,62
13377,71
13378,71
13379,86
13380,98
13381,110
13382,111
13383,72
13384,79
13385,87
13386,90
13387,96
13388,110
13389,111
13390,78
13391,82
13392,85
13393,87
13394,99
13395,109
13396,104
13397,78
13398,81
13399,87
13400,89
13401,97
13402,104
13403,103
13404,86
13405,81
13406,84
13407,85
13408,101
13409,104
13410,57
13411,73
13412,75
13413,80
13414,74
13415,84
13416,91
13417,57
13418,72
13419,74
13420,77
13421,76
13422,83
13423,86
13424,63
13425,70
13426,70
13427,72
13428,73
13429,86
13430,86
13431,68
13432,69
13433,70
13434,70
13435,74
13436,84
13437,87
13438,61
13439,70
13440,70
13441,80
13442,87
13443,93
13444,95
13445,63
13446,80
13447,82
13448,81
13449,90
13450,98
13451,102
13452,63
13453,85
13454,85
13455,82
13456,88
13457,99
13458,103
13459,67
13460,74
13461,74
13462,73
13463,81
13464,85
13465,94
13466,65
13467,75
13468,76
13469,92
13470,109
13471,116
13472,120
13473,80
13474,98
13475,95
13476,96
13477,107
13478,113
13479,120
13480,85
13481,99
13482,96
13483,100
13484,115
13485,116
13486,116
13487,87
13488,97
13489,95
13490,99
13491,103
13492,112
13493,112
13494,90
13495,91
13496,89
13497,94
13498,102
13499,110
13500,12
13501,16
13502,17
13503,16
13504,15
13505,19
13506,20
13507,13
13508,16
13509,16
13510,15
13511,16
13512,20
13513,21
13514,13
13515,16
13516,16
13517,16
13518,17
13519,21
13520,22
13521,13
13522,16
13523,17
13524,17
13525,16
13526,19
13527,21
13528,11
13529,15
13530,16
13531,18
13532,20
13533,21
13534,21
13535,15
13536,19
13537,20
13538,20
13539,21
13540,21
13541,22
13542,18
13543,22
13544,23
13545,22
13546,22
13547,22
13548,25
13549,19
13550,20
13551,21
13552,21
13553,21
13554,21
13555,23
13556,17
13557,19
13558,21
13559,23
13560,28
13561,28
13562,29
13563,21
13564,23
13565,23
13566,24
13567,25
13568,25
13569,27
13570,20
13571,21
13572,21
13573,22
13574,26
13575,27
13576,29
13577,19
13578,19
13579,19
13580,19
13581,28
13582,31
13583,32
13584,19
13585,20
13586,20
13587,22
13588,26
13589,30
13590,17
13591,22
13592,22
13593,22
13594,27
13595,27
13596,28
13597,17
13598,23
13599,23
13600,23
13601,29
13602,29
13603,30
13604,19
13605,23
13606,23
13607,24
13608,29
13609,30
13610,32
13611,20
13612,23
13613,23
13614,23
13615,30
13616,28
13617,29
13618,20
13619,23
13620,23
13621,25
13622,31
13623,31
13624,33
13625,18
13626,25
13627,25
13628,25
13629,32
13630,32
13631,34
13632,20
13633,25
13634,25
13635,25
13636,33
13637,32
13638,34
13639,21
13640,24
13641,24
13642,25
13643,36
13644,36
13645,35
13646,23
13647,24
13648,24
13649,32
13650,36
13651,40
13652,43
13653,27
13654,31
13655,31
13656,32
13657,37
13658,41
13659,44
13660,28
13661,31
13662,30
13663,32
13664,35
13665,37
13666,41
13667,28
13668,31
13669,30
13670,32
13671,35
13672,37
13673,42
13674,28
13675,31
13676,32
13677,34
13678,33
13679,35
13680,19
13681,21
13682,20
13683,22
13684,27
13685,28
13686,28
13687,19
13688,21
13689,21
13690,22
13691,25
13692,25
13693,25
13694,18
13695,21
13696,21
13697,22
13698,25
13699,25
13700,26
13701,18
13702,21
13703,21
13704,21
13705,24
13706,26
13707,27
13708,19
13709,21
13710,21
13711,23
13712,28
13713,29
13714,30
13715,20
13716,22
13717,22
13718,24
13719,26
13720,26
13721,29
13722,18
13723,23
13724,23
13725,24
13726,27
13727,29
13728,30
13729,16
13730,22
13731,22
13732,23
13733,26
13734,28
13735,28
13736,19
13737,23
13738,23
13739,31
13740,32
13741,34
13742,36
13743,26
13744,28
13745,29
13746,30
13747,30
13748,32
13749,33
13750,26
13751,28
13752,29
13753,31
13754,30
13755,33
13756,34
13757,26
13758,27
13759,27
13760,31
13761,33
13762,35
13763,34
13764,25
13765,27
13766,30
13767,33
13768,31
13769,32
13770,19
13771,20
13772,20
13773,22
13774,21
13775,24
13776,24
13777,19
13778,20
13779,20
13780,23
13781,20
13782,21
13783,22
13784,19
13785,20
13786,20
13787,23
13788,21
13789,24
13790,25
13791,17
13792,20
13793,20
13794,22
13795,22
13796,25
13797,26
13798,18
13799,20
13800,20
13801,24
13802,23
13803,26
13804,27
13805,20
13806,22
13807,22
13808,25
13809,23
13810,25
13811,26
13812,19
13813,22
13814,22
13815,25
13816,24
13817,26
13818,26
13819,16
13820,21
13821,21
13822,24
13823,24
13824,26
13825,26
13826,17
13827,21
13828,21
13829,31
13830,31
13831,34
13832,35
13833,26
13834,28
13835,29
13836,30
13837,29
13838,32
13839,33
13840,26
13841,28
13842,29
13843,31
13844,29
13845,33
13846,34
13847,25
13848,27
13849,27
13850,31
13851,34
13852,36
13853,34
13854,24
13855,27
13856,29
13857,33
13858,30
13859,31
13860,12
13861,14
13862,14
13863,16
13864,14
13865,17
13866,16
13867,12
13868,15
13869,15
13870,16
13871,15
13872,17
13873,15
13874,13
13875,14
13876,14
13877,14
13878,14
13879,17
13880,17
13881,13
13882,14
13883,14
13884,14
13885,13
13886,16
13887,19
13888,13
13889,15
13890,16
13891,17
13892,15
13893,17
13894,20
13895,13
13896,16
13897,17
13898,17
13899,16
13900,18
13901,21
13902,14
13903,16
13904,15
13905,15
13906,16
13907,18
13908,20
13909,12
13910,15
13911,14
13912,13
13913,17
13914,18
13915,20
13916,15
13917,16
13918,16
13919,20
13920,21
13921,21
13922,21
13923,17
13924,19
13925,19
13926,19
13927,20
13928,20
13929,20
13930,15
13931,21
13932,21
13933,18
13934,20
13935,21
13936,22
13937,17
13938,17
13939,17
13940,17
13941,20
13942,22
13943,26
13944,14
13945,18
13946,19
13947,19
13948,21
13949,23
13950,13
13951,15
13952,15
13953,18
13954,17
13955,18
13956,16
13957,13
13958,16
13959,16
13960,17
13961,17
13962,17
13963,15
13964,13
13965,15
13966,15
13967,15
13968,16
13969,17
13970,17
13971,12
13972,14
13973,14
13974,15
13975,14
13976,17
13977,19
13978,12
13979,15
13980,15
13981,19
13982,15
13983,17
13984,20
13985,14
13986,17
13987,17
13988,18
13989,17
13990,19
13991,20
13992,14
13993,16
13994,15
13995,15
13996,17
13997,18
13998,20
13999,13
14000,15
14001,14
14002,13
14003,17
14004,18
14005,19
14006,16
14007,16
14008,16
14009,21
14010,21
14011,21
14012,21
14013,16
14014,19
14015,19
14016,20
14017,19
14018,19
14019,20
14020,15
14021,21
14022,21
14023,19
14024,20
14025,20
14026,21
14027,16
14028,18
14029,18
14030,17
14031,20
14032,20
14033,24
14034,14
14035,19
14036,19
14037,18
14038,22
14039,21
14040,10
14041,13
14042,13
14043,15
14044,14
14045,17
14046,16
14047,10
14048,14
14049,15
14050,16
14051,13
14052,16
14053,15
14054,10
14055,14
14056,14
14057,14
14058,14
14059,17
14060,16
14061,10
14062,13
14063,14
14064,14
14065,12
14066,15
14067,17
14068,11
14069,15
14070,16
14071,18
14072,12
14073,16
14074,18
14075,13
14076,15
14077,16
14078,17
14079,15
14080,18
14081,20
14082,12
14083,15
14084,15
14085,16
14086,15
14087,17
14088,19
14089,12
14090,15
14091,14
14092,13
14093,16
14094,17
14095,19
14096,15
14097,16
14098,15
14099,20
14100,21
14101,21
14102,23
14103,14
14104,18
14105,18
14106,19
14107,21
14108,21
14109,22
14110,12
14111,21
14112,20
14113,18
14114,21
14115,20
14116,22
14117,16
14118,18
14119,18
14120,17
14121,18
14122,18
14123,22
14124,15
14125,19
14126,19
14127,18
14128,19
14129,19
14130,21
14131,20
14132,20
14133,19
14134,22
14135,26
14136,30
14137,22
14138,22
14139,21
14140,22
14141,26
14142,27
14143,29
14144,22
14145,23
14146,24
14147,23
14148,24
14149,23
14150,25
14151,21
14152,22
14153,22
14154,22
14155,24
14156,26
14157,27
14158,20
14159,19
14160,19
14161,20
14162,26
14163,28
14164,32
14165,21
14166,23
14167,24
14168,28
14169,28
14170,32
14171,35
14172,24
14173,24
14174,25
14175,27
14176,26
14177,28
14178,31
14179,21
14180,22
14181,24
14182,29
14183,28
14184,30
14185,33
14186,22
14187,22
14188,23
14189,29
14190,34
14191,38
14192,37
14193,29
14194,33
14195,37
14196,37
14197,31
14198,35
14199,37
14200,27
14201,29
14202,32
14203,34
14204,31
14205,32
14206,32
14207,30
14208,32
14209,34
14210,35
14211,31
14212,33
14213,35
14214,31
14215,32
14216,34
14217,35
14218,31
14219,33
14220,19
14221,19
14222,19
14223,19
14224,20
14225,20
14226,21
14227,19
14228,19
14229,19
14230,22
14231,26
14232,26
14233,27
14234,20
14235,20
14236,21
14237,22
14238,25
14239,25
14240,25
14241,18
14242,20
14243,21
14244,22
14245,25
14246,26
14247,26
14248,19
14249,18
14250,19
14251,21
14252,25
14253,27
14254,29
14255,19
14256,19
14257,20
14258,22
14259,29
14260,31
14261,31
14262,20
14263,20
14264,21
14265,23
14266,26
14267,26
14268,25
14269,19
14270,20
14271,22
14272,23
14273,29
14274,29
14275,31
14276,22
14277,22
14278,22
14279,25
14280,31
14281,32
14282,36
14283,22
14284,22
14285,21
14286,22
14287,29
14288,30
14289,35
14290,23
14291,23
14292,23
14293,25
14294,28
14295,29
14296,32
14297,22
14298,25
14299,26
14300,29
14301,30
14302,29
14303,34
14304,22
14305,25
14306,26
14307,27
14308,30
14309,30
14310,20
14311,20
14312,20
14313,20
14314,21
14315,20
14316,21
14317,21
14318,21
14319,21
14320,23
14321,28
14322,27
14323,27
14324,21
14325,22
14326,21
14327,22
14328,26
14329,25
14330,25
14331,18
14332,20
14333,21
14334,23
14335,26
14336,26
14337,26
14338,19
14339,19
14340,19
14341,22
14342,27
14343,28
14344,28
14345,19
14346,21
14347,22
14348,24
14349,28
14350,30
14351,30
14352,20
14353,21
14354,22
14355,26
14356,25
14357,25
14358,25
14359,19
14360,21
14361,23
14362,26
14363,29
14364,29
14365,31
14366,23
14367,24
14368,24
14369,23
14370,31
14371,34
14372,36
14373,20
14374,21
14375,22
14376,24
14377,30
14378,32
14379,36
14380,23
14381,25
14382,25
14383,26
14384,28
14385,30
14386,34
14387,22
14388,26
14389,27
14390,29
14391,28
14392,31
14393,38
14394,23
14395,26
14396,27
14397,27
14398,30
14399,34
14400,22
14401,22
14402,22
14403,21
14404,27
14405,26
14406,26
14407,18
14408,20
14409,20
14410,19
14411,26
14412,25
14413,25
14414,17
14415,21
14416,21
14417,21
14418,25
14419,24
14420,24
14421,19
14422,20
14423,21
14424,20
14425,26
14426,26
14427,26
14428,16
14429,19
14430,19
14431,23
14432,27
14433,26
14434,26
14435,21
14436,24
14437,24
14438,24
14439,28
14440,27
14441,27
14442,21
14443,24
14444,25
14445,26
14446,29
14447,28
14448,28
14449,20
14450,22
14451,22
14452,23
14453,30
14454,30
14455,32
14456,19
14457,22
14458,23
14459,29
14460,31
14461,27
14462,32
14463,20
14464,32
14465,31
14466,29
14467,32
14468,29
14469,33
14470,21
14471,33
14472,32
14473,29
14474,31
14475,32
14476,35
14477,22
14478,31
14479,32
14480,30
14481,32
14482,34
14483,36
14484,22
14485,30
14486,32
14487,31
14488,31
14489,32
14490,26
14491,34
14492,34
14493,35
14494,33
14495,34
14496,34
14497,24
14498,31
14499,31
14500,32
14501,34
14502,35
14503,37
14504,25
14505,31
14506,30
14507,31
14508,35
14509,37
14510,38
14511,25
14512,30
14513,31
14514,32
14515,36
14516,37
14517,36
14518,27
14519,31
14520,31
14521,33
14522,37
14523,38
14524,37
14525,30
14526,32
14527,32
14528,33
14529,38
14530,38
14531,38
14532,31
14533,33
14534,33
14535,34
14536,40
14537,41
14538,42
14539,33
14540,35
14541,35
14542,35
14543,39
14544,40
14545,40
14546,30
14547,31
14548,30
14549,44
14550,45
14551,46
14552,49
14553,37
14554,39
14555,40
14556,43
14557,45
14558,46
14559,50
14560,40
14561,40
14562,39
14563,43
14564,46
14565,47
14566,51
14567,38
14568,40
14569,43
14570,43
14571,44
14572,46
14573,51
14574,40
14575,42
14576,42
14577,44
14578,48
14579,51
14580,21
14581,31
14582,31
14583,31
14584,30
14585,31
14586,32
14587,21
14588,27
14589,27
14590,28
14591,30
14592,31
14593,32
14594,22
14595,27
14596,27
14597,28
14598,31
14599,31
14600,32
14601,23
14602,28
14603,28
14604,28
14605,30
14606,31
14607,32
14608,24
14609,28
14610,28
14611,29
14612,34
14613,35
14614,34
14615,26
14616,29
14617,29
14618,30
14619,35
14620,35
14621,34
14622,26
14623,30
14624,31
14625,32
14626,35
14627,35
14628,34
14629,26
14630,31
14631,31
14632,32
14633,35
14634,35
14635,34
14636,25
14637,31
14638,31
14639,38
14640,39
14641,40
14642,43
14643,29
14644,33
14645,34
14646,38
14647,39
14648,40
14649,43
14650,31
14651,34
14652,34
14653,38
14654,38
14655,40
14656,43
14657,31
14658,34
14659,35
14660,39
14661,38
14662,40
14663,46
14664,33
14665,37
14666,37
14667,41
14668,41
14669,43
14670,20
14671,27
14672,28
14673,29
14674,29
14675,30
14676,31
14677,20
14678,26
14679,26
14680,27
14681,30
14682,30
14683,31
14684,20
14685,26
14686,26
14687,26
14688,29
14689,30
14690,31
14691,20
14692,26
14693,26
14694,26
14695,29
14696,30
14697,30
14698,21
14699,27
14700,27
14701,29
14702,30
14703,31
14704,32
14705,23
14706,29
14707,29
14708,30
14709,31
14710,31
14711,31
14712,22
14713,27
14714,27
14715,28
14716,31
14717,31
14718,31
14719,23
14720,28
14721,28
14722,28
14723,31
14724,31
14725,31
14726,23
14727,27
14728,27
14729,36
14730,36
14731,36
14732,41
14733,29
14734,33
14735,34
14736,36
14737,36
14738,36
14739,41
14740,31
14741,35
14742,34
14743,35
14744,35
14745,35
14746,40
14747,30
14748,35
14749,36
14750,36
14751,36
14752,36
14753,43
14754,32
14755,37
14756,37
14757,36
14758,35
14759,35
14760,13
14761,19
14762,19
14763,18
14764,19
14765,20
14766,21
14767,14
14768,17
14769,17
14770,17
14771,21
14772,21
14773,23
14774,14
14775,20
14776,19
14777,20
14778,21
14779,22
14780,25
14781,13
14782,19
14783,19
14784,18
14785,20
14786,22
14787,24
14788,15
14789,18
14790,19
14791,18
14792,20
14793,20
14794,22
14795,15
14796,19
14797,19
14798,19
14799,23
14800,24
14801,26
14802,15
14803,20
14804,19
14805,18
14806,23
14807,23
14808,24
14809,13
14810,20
14811,19
14812,18
14813,22
14814,22
14815,23
14816,15
14817,20
14818,19
14819,26
14820,28
14821,27
14822,28
14823,24
14824,24
14825,24
14826,25
14827,26
14828,26
14829,27
14830,23
14831,25
14832,25
14833,26
14834,28
14835,28
14836,29
14837,18
14838,24
14839,23
14840,26
14841,29
14842,29
14843,30
14844,19
14845,23
14846,23
14847,24
14848,28
14849,29
14850,14
14851,20
14852,20
14853,19
14854,20
14855,20
14856,21
14857,15
14858,19
14859,19
14860,19
14861,22
14862,22
14863,23
14864,14
14865,20
14866,20
14867,20
14868,21
14869,21
14870,24
14871,14
14872,20
14873,19
14874,19
14875,21
14876,21
14877,23
14878,15
14879,20
14880,19
14881,19
14882,20
14883,20
14884,21
14885,15
14886,20
14887,20
14888,20
14889,24
14890,24
14891,25
14892,15
14893,22
14894,20
14895,19
14896,24
14897,23
14898,25
14899,13
14900,21
14901,19
14902,19
14903,23
14904,23
14905,24
14906,14
14907,21
14908,20
14909,27
14910,28
14911,28
14912,28
14913,24
14914,25
14915,25
14916,26
14917,26
14918,25
14919,26
14920,23
14921,25
14922,25
14923,26
14924,27
14925,28
14926,29
14927,18
14928,23
14929,23
14930,27
14931,30
14932,30
14933,31
14934,19
14935,23
14936,22
14937,24
14938,30
14939,31
14940,13
14941,18
14942,17
14943,17
14944,21
14945,21
14946,22
14947,14
14948,16
14949,16
14950,17
14951,22
14952,22
14953,22
14954,14
14955,17
14956,17
14957,18
14958,20
14959,19
14960,19
14961,13
14962,18
14963,18
14964,18
14965,18
14966,18
14967,16
14968,15
14969,17
14970,17
14971,17
14972,20
14973,19
14974,19
14975,14
14976,17
14977,17
14978,18
14979,22
14980,22
14981,21
14982,15
14983,19
14984,18
14985,17
14986,23
14987,24
14988,23
14989,13
14990,19
14991,18
14992,18
14993,23
14994,23
14995,22
14996,14
14997,19
14998,17
14999,23
15000,26
15001,26
15002,25
15003,23
15004,19
15005,20
15006,24
15007,25
15008,24
15009,27
15010,21
15011,23
15012,23
15013,24
15014,26
15015,26
15016,29
15017,16
15018,20
15019,20
15020,26
15021,27
15022,27
15023,31
15024,17
15025,21
15026,21
15027,24
15028,28
15029,29
15030,24
15031,26
15032,26
15033,26
15034,31
15035,36
15036,35
15037,24
15038,30
15039,30
15040,30
15041,30
15042,36
15043,35
15044,22
15045,29
15046,29
15047,30
15048,27
15049,34
15050,33
15051,22
15052,29
15053,28
15054,25
15055,38
15056,38
15057,36
15058,25
15059,25
15060,25
15061,30
15062,38
15063,40
15064,40
15065,29
15066,30
15067,31
15068,31
15069,37
15070,37
15071,36
15072,27
15073,28
15074,31
15075,33
15076,37
15077,37
15078,37
15079,26
15080,29
15081,32
15082,36
15083,35
15084,38
15085,39
15086,25
15087,28
15088,30
15089,41
15090,44
15091,44
15092,55
15093,29
15094,39
15095,38
15096,38
15097,37
15098,38
15099,55
15100,29
15101,41
15102,39
15103,41
15104,43
15105,43
15106,46
15107,32
15108,40
15109,38
15110,42
15111,44
15112,44
15113,46
15114,28
15115,38
15116,38
15117,41
15118,41
15119,41
15120,21
15121,27
15122,26
15123,25
15124,29
15125,31
15126,32
15127,23
15128,23
15129,23
15130,23
15131,29
15132,31
15133,33
15134,18
15135,24
15136,24
15137,25
15138,29
15139,31
15140,32
15141,19
15142,24
15143,24
15144,23
15145,35
15146,34
15147,33
15148,22
15149,22
15150,23
15151,26
15152,30
15153,33
15154,34
15155,23
15156,27
15157,29
15158,29
15159,30
15160,32
15161,32
15162,24
15163,27
15164,29
15165,30
15166,35
15167,35
15168,35
15169,22
15170,28
15171,31
15172,33
15173,33
15174,34
15175,36
15176,22
15177,27
15178,30
15179,36
15180,38
15181,43
15182,43
15183,26
15184,33
15185,34
15186,35
15187,35
15188,40
15189,42
15190,26
15191,35
15192,34
15193,37
15194,38
15195,37
15196,37
15197,27
15198,34
15199,35
15200,39
15201,40
15202,39
15203,40
15204,27
15205,34
15206,34
15207,34
15208,38
15209,39
15210,21
15211,30
15212,29
15213,26
15214,29
15215,32
15216,32
15217,22
15218,24
15219,24
15220,24
15221,29
15222,32
15223,34
15224,17
15225,24
15226,25
15227,25
15228,29
15229,31
15230,32
15231,17
15232,25
15233,25
15234,25
15235,36
15236,36
15237,34
15238,21
15239,24
15240,26
15241,28
15242,31
15243,34
15244,35
15245,23
15246,27
15247,30
15248,29
15249,32
15250,33
15251,34
15252,25
15253,27
15254,29
15255,30
15256,36
15257,37
15258,38
15259,22
15260,28
15261,31
15262,33
15263,35
15264,37
15265,39
15266,22
15267,27
15268,30
15269,38
15270,39
15271,44
15272,44
15273,27
15274,38
15275,38
15276,37
15277,36
15278,43
15279,44
15280,26
15281,38
15282,37
15283,38
15284,40
15285,41
15286,42
15287,27
15288,38
15289,38
15290,39
15291,42
15292,42
15293,44
15294,27
15295,37
15296,38
15297,36
15298,40
15299,42
15300,52
15301,54
15302,53
15303,53
15304,64
15305,66
15306,73
15307,50
15308,53
15309,51
15310,51
15311,63
15312,64
15313,67
15314,49
15315,51
15316,53
15317,54
15318,61
15319,62
15320,66
15321,49
15322,52
15323,53
15324,54
15325,64
15326,66
15327,68
15328,46
15329,50
15330,51
15331,53
15332,66
15333,68
15334,78
15335,51
15336,56
15337,59
15338,62
15339,69
15340,70
15341,78
15342,50
15343,56
15344,59
15345,61
15346,68
15347,67
15348,70
15349,48
15350,53
15351,58
15352,60
15353,65
15354,66
15355,68
15356,46
15357,53
15358,57
15359,73
15360,81
15361,81
15362,78
15363,64
15364,70
15365,68
15366,68
15367,79
15368,81
15369,85
15370,64
15371,73
15372,72
15373,75
15374,78
15375,79
15376,81
15377,63
15378,73
15379,72
15380,74
15381,79
15382,80
15383,82
15384,64
15385,74
15386,72
15387,74
15388,79
15389,79
15390,63
15391,70
15392,71
15393,74
15394,85
15395,85
15396,90
15397,64
15398,70
15399,70
15400,74
15401,87
15402,87
15403,92
15404,63
15405,70
15406,70
15407,74
15408,90
15409,90
15410,95
15411,65
15412,70
15413,71
15414,74
15415,90
15416,90
15417,95
15418,64
15419,77
15420,80
15421,85
15422,97
15423,100
15424,105
15425,68
15426,86
15427,87
15428,88
15429,98
15430,101
15431,106
15432,67
15433,85
15434,86
15435,88
15436,100
15437,103
15438,109
15439,68
15440,85
15441,85
15442,87
15443,100
15444,103
15445,110
15446,70
15447,85
15448,86
15449,108
15450,111
15451,116
15452,134
15453,92
15454,102
15455,104
15456,110
15457,111
15458,116
15459,134
15460,92
15461,104
15462,106
15463,110
15464,112
15465,117
15466,133
15467,92
15468,105
15469,106
15470,111
15471,112
15472,116
15473,131
15474,91
15475,105
15476,107
15477,112
15478,113
15479,117
15480,57
15481,68
15482,68
15483,69
15484,77
15485,78
15486,81
15487,57
15488,68
15489,68
15490,69
15491,77
15492,78
15493,80
15494,57
15495,68
15496,68
15497,69
15498,77
15499,77
15500,81
15501,59
15502,68
15503,68
15504,69
15505,75
15506,76
15507,80
15508,60
15509,69
15510,69
15511,70
15512,77
15513,79
15514,87
15515,60
15516,71
15517,71
15518,73
15519,84
15520,85
15521,91
15522,60
15523,71
15524,71
15525,72
15526,83
15527,84
15528,90
15529,61
15530,71
15531,71
15532,73
15533,84
15534,85
15535,91
15536,61
15537,71
15538,71
15539,92
15540,103
15541,105
15542,112
15543,80
15544,89
15545,89
15546,93
15547,103
15548,105
15549,112
15550,80
15551,90
15552,90
15553,94
15554,103
15555,105
15556,112
15557,80
15558,90
15559,90
15560,95
15561,103
15562,105
15563,111
15564,76
15565,89
15566,90
15567,94
15568,103
15569,105
15570,55
15571,67
15572,67
15573,68
15574,76
15575,77
15576,80
15577,55
15578,66
15579,67
15580,67
15581,77
15582,78
15583,79
15584,55
15585,66
15586,66
15587,67
15588,76
15589,77
15590,80
15591,55
15592,66
15593,66
15594,67
15595,75
15596,76
15597,79
15598,56
15599,66
15600,67
15601,69
15602,76
15603,78
15604,86
15605,58
15606,69
15607,69
15608,71
15609,83
15610,84
15611,90
15612,58
15613,68
15614,68
15615,70
15616,82
15617,83
15618,89
15619,58
15620,69
15621,69
15622,70
15623,82
15624,84
15625,90
15626,58
15627,69
15628,69
15629,88
15630,95
15631,98
15632,101
15633,69
15634,82
15635,82
15636,89
15637,95
15638,99
15639,102
15640,68
15641,86
15642,85
15643,92
15644,96
15645,100
15646,102
15647,69
15648,85
15649,85
15650,92
15651,96
15652,100
15653,101
15654,67
15655,85
15656,85
15657,93
15658,97
15659,100
15660,38
15661,44
15662,45
15663,46
15664,52
15665,53
15666,54
15667,37
15668,45
15669,46
15670,47
15671,51
15672,53
15673,56
15674,41
15675,44
15676,44
15677,46
15678,53
15679,55
15680,55
15681,39
15682,43
15683,44
15684,45
15685,52
15686,56
15687,55
15688,45
15689,48
15690,49
15691,48
15692,61
15693,62
15694,66
15695,43
15696,50
15697,51
15698,52
15699,62
15700,65
15701,68
15702,44
15703,52
15704,53
15705,53
15706,56
15707,62
15708,65
15709,42
15710,51
15711,51
15712,52
15713,55
15714,61
15715,64
15716,42
15717,51
15718,52
15719,64
15720,67
15721,73
15722,76
15723,51
15724,62
15725,62
15726,65
15727,69
15728,74
15729,77
15730,52
15731,62
15732,62
15733,64
15734,68
15735,74
15736,78
15737,51
15738,62
15739,62
15740,64
15741,68
15742,76
15743,82
15744,51
15745,63
15746,63
15747,64
15748,69
15749,76
15750,37
15751,43
15752,44
15753,45
15754,52
15755,53
15756,54
15757,36
15758,45
15759,45
15760,46
15761,51
15762,53
15763,57
15764,39
15765,43
15766,44
15767,45
15768,53
15769,56
15770,55
15771,38
15772,43
15773,43
15774,44
15775,53
15776,56
15777,56
15778,44
15779,48
15780,49
15781,48
15782,60
15783,62
15784,66
15785,42
15786,50
15787,51
15788,52
15789,60
15790,64
15791,68
15792,43
15793,52
15794,53
15795,53
15796,54
15797,61
15798,65
15799,41
15800,50
15801,51
15802,52
15803,54
15804,61
15805,64
15806,42
15807,51
15808,51
15809,64
15810,69
15811,74
15812,78
15813,50
15814,61
15815,61
15816,64
15817,71
15818,74
15819,78
15820,49
15821,60
15822,60
15823,63
15824,71
15825,75
15826,78
15827,46
15828,62
15829,62
15830,64
15831,71
15832,77
15833,83
15834,46
15835,61
15836,61
15837,64
15838,73
15839,77
15840,35
15841,44
15842,44
15843,45
15844,48
15845,50
15846,51
15847,35
15848,46
15849,45
15850,45
15851,45
15852,48
15853,51
15854,38
15855,44
15856,44
15857,44
15858,48
15859,49
15860,50
15861,37
15862,43
15863,43
15864,44
15865,46
15866,49
15867,51
15868,42
15869,46
15870,47
15871,48
15872,47
15873,52
15874,58
15875,39
15876,48
15877,50
15878,50
15879,52
15880,55
15881,57
15882,40
15883,50
15884,51
15885,52
15886,49
15887,50
15888,52
15889,40
15890,48
15891,49
15892,50
15893,49
15894,49
15895,52
15896,41
15897,48
15898,49
15899,61
15900,68
15901,70
15902,71
15903,50
15904,55
15905,55
15906,61
15907,68
15908,69
15909,69
15910,50
15911,55
15912,55
15913,61
15914,68
15915,69
15916,70
15917,49
15918,57
15919,57
15920,61
15921,66
15922,65
15923,65
15924,50
15925,55
15926,56
15927,60
15928,66
15929,67
15930,63
15931,71
15932,71
15933,69
15934,75
15935,87
15936,97
15937,65
15938,71
15939,69
15940,69
15941,78
15942,85
15943,89
15944,66
15945,78
15946,78
15947,78
15948,78
15949,86
15950,87
15951,60
15952,76
15953,77
15954,76
15955,89
15956,93
15957,93
15958,59
15959,75
15960,76
15961,78
15962,96
15963,102
15964,108
15965,67
15966,79
15967,82
15968,85
15969,96
15970,99
15971,104
15972,67
15973,78
15974,80
15975,82
15976,96
15977,102
15978,104
15979,68
15980,78
15981,80
15982,82
15983,99
15984,106
15985,110
15986,71
15987,80
15988,80
15989,99
15990,114
15991,122
15992,124
15993,91
15994,95
15995,94
15996,97
15997,111
15998,117
15999,119
16000,90
16001,101
16002,99
16003,98
16004,113
16005,121
16006,128
16007,81
16008,101
16009,100
16010,101
16011,111
16012,119
16013,127
16014,80
16015,99
16016,97
16017,100
16018,112
16019,119
16020,57
16021,64
16022,66
16023,69
16024,75
16025,74
16026,77
16027,56
16028,60
16029,60
16030,62
16031,77
16032,78
16033,79
16034,57
16035,62
16036,64
16037,67
16038,72
16039,76
16040,78
16041,54
16042,66
16043,68
16044,72
16045,75
16046,78
16047,81
16048,53
16049,67
16050,69
16051,72
16052,83
16053,84
16054,91
16055,57
16056,69
16057,71
16058,76
16059,84
16060,85
16061,97
16062,59
16063,67
16064,69
16065,73
16066,82
16067,85
16068,91
16069,61
16070,67
16071,69
16072,72
16073,76
16074,84
16075,86
16076,66
16077,68
16078,69
16079,93
16080,94
16081,93
16082,100
16083,74
16084,84
16085,84
16086,89
16087,95
16088,95
16089,101
16090,74
16091,85
16092,85
16093,87
16094,94
16095,94
16096,101
16097,69
16098,85
16099,85
16100,86
16101,98
16102,100
16103,104
16104,73
16105,84
16106,85
16107,87
16108,101
16109,105
16110,58
16111,67
16112,69
16113,70
16114,73
16115,74
16116,80
16117,57
16118,64
16119,66
16120,67
16121,75
16122,78
16123,81
16124,60
16125,66
16126,67
16127,69
16128,71
16129,76
16130,80
16131,58
16132,70
16133,71
16134,75
16135,74
16136,78
16137,84
16138,57
16139,71
16140,73
16141,75
16142,83
16143,85
16144,91
16145,60
16146,73
16147,74
16148,79
16149,85
16150,87
16151,97
16152,61
16153,70
16154,71
16155,75
16156,85
16157,89
16158,93
16159,64
16160,70
16161,71
16162,74
16163,80
16164,87
16165,87
16166,72
16167,71
16168,71
16169,98
16170,106
16171,104
16172,111
16173,76
16174,86
16175,86
16176,93
16177,102
16178,101
16179,110
16180,76
16181,87
16182,87
16183,92
16184,102
16185,100
16186,111
16187,68
16188,86
16189,86
16190,91
16191,104
16192,103
16193,111
16194,73
16195,87
16196,86
16197,92
16198,110
16199,112
16200,30
16201,30
16202,30
16203,30
16204,36
16205,36
16206,36
16207,30
16208,30
16209,30
16210,30
16211,36
16212,36
16213,36
16214,30
16215,30
16216,30
16217,30
16218,36
16219,36
16220,36
16221,30
16222,30
16223,30
16224,30
16225,36
16226,36
16227,36
16228,30
16229,30
16230,30
16231,30
16232,36
16233,36
16234,36
16235,30
16236,30
16237,30
16238,30
16239,37
16240,37
16241,37
16242,30
16243,30
16244,30
16245,30
16246,37
16247,37
16248,37
16249,30
16250,30
16251,30
16252,30
16253,37
16254,37
16255,37
16256,30
16257,30
16258,30
16259,39
16260,47
16261,48
16262,48
16263,39
16264,39
16265,39
16266,39
16267,47
16268,47
16269,48
16270,39
16271,39
16272,39
16273,39
16274,47
16275,47
16276,48
16277,39
16278,39
16279,39
16280,39
16281,47
16282,47
16283,48
16284,39
16285,39
16286,39
16287,40
16288,47
16289,47
16290,32
16291,32
16292,32
16293,32
16294,38
16295,38
16296,38
16297,32
16298,32
16299,32
16300,32
16301,38
16302,38
16303,38
16304,32
16305,32
16306,32
16307,32
16308,38
16309,38
16310,38
16311,32
16312,32
16313,32
16314,32
16315,38
16316,38
16317,38
16318,32
16319,32
16320,32
16321,32
16322,38
16323,38
16324,38
16325,32
16326,32
16327,32
16328,32
16329,38
16330,38
16331,38
16332,32
16333,32
16334,32
16335,32
16336,38
16337,38
16338,38
16339,32
16340,32
16341,32
16342,32
16343,38
16344,38
16345,38
16346,32
16347,32
16348,32
16349,42
16350,52
16351,52
16352,52
16353,40
16354,40
16355,40
16356,42
16357,52
16358,52
16359,52
16360,40
16361,40
16362,40
16363,42
16364,52
16365,52
16366,52
16367,40
16368,40
16369,40
16370,42
16371,52
16372,52
16373,52
16374,40
16375,40
16376,40
16377,42
16378,52
16379,52
16380,32
16381,32
16382,32
16383,32
16384,38
16385,38
16386,38
16387,32
16388,32
16389,32
16390,32
16391,38
16392,38
16393,38
16394,32
16395,32
16396,32
16397,32
16398,38
16399,38
16400,38
16401,32
16402,32
16403,32
16404,32
16405,38
16406,38
16407,38
16408,32
16409,32
16410,32
16411,32
16412,38
16413,38
16414,38
16415,32
16416,32
16417,32
16418,32
16419,38
16420,38
16421,38
16422,32
16423,32
16424,32
16425,32
16426,38
16427,38
16428,38
16429,32
16430,32
16431,32
16432,32
16433,38
16434,38
16435,38
16436,32
16437,32
16438,32
16439,41
16440,51
16441,51
16442,51
16443,40
16444,40
16445,40
16446,41
16447,51
16448,51
16449,51
16450,40
16451,40
16452,40
16453,41
16454,51
16455,51
16456,51
16457,40
16458,40
16459,40
16460,41
16461,51
16462,51
16463,51
16464,40
16465,40
16466,40
16467,41
16468,51
16469,51
16470,32
16471,32
16472,32
16473,32
16474,38
16475,38
16476,38
16477,32
16478,32
16479,32
16480,32
16481,38
16482,38
16483,38
16484,32
16485,32
16486,32
16487,32
16488,38
16489,38
16490,38
16491,32
16492,32
16493,32
16494,32
16495,38
16496,38
16497,38
16498,32
16499,32
16500,32
16501,32
16502,38
16503,38
16504,38
16505,32
16506,32
16507,32
16508,32
16509,38
16510,38
16511,38
16512,32
16513,32
16514,32
16515,32
16516,38
16517,38
16518,38
16519,32
16520,32
16521,32
16522,32
16523,38
16524,38
16525,38
16526,32
16527,32
16528,32
16529,41
16530,50
16531,50
16532,50
16533,40
16534,40
16535,40
16536,41
16537,50
16538,50
16539,50
16540,40
16541,40
16542,40
16543,41
16544,50
16545,50
16546,50
16547,40
16548,40
16549,40
16550,41
16551,50
16552,50
16553,50
16554,40
16555,40
16556,40
16557,41
16558,50
16559,50
16560,22
16561,22
16562,22
16563,22
16564,30
16565,30
16566,30
16567,22
16568,22
16569,22
16570,22
16571,30
16572,30
16573,30
16574,22
16575,22
16576,22
16577,22
16578,30
16579,30
16580,30
16581,22
16582,22
16583,22
16584,22
16585,30
16586,30
16587,30
16588,22
16589,22
16590,22
16591,22
16592,30
16593,30
16594,30
16595,22
16596,22
16597,22
16598,22
16599,30
16600,30
16601,30
16602,22
16603,22
16604,22
16605,22
16606,30
16607,30
16608,30
16609,22
16610,22
16611,22
16612,22
16613,30
16614,30
16615,30
16616,22
16617,22
16618,22
16619,32
16620,40
16621,40
16622,40
16623,31
16624,31
16625,31
16626,32
16627,40
16628,40
16629,40
16630,31
16631,31
16632,31
16633,32
16634,40
16635,40
16636,40
16637,31
16638,31
16639,31
16640,32
16641,40
16642,40
16643,40
16644,31
16645,31
16646,31
16647,32
16648,40
16649,40
16650,22
16651,22
16652,22
16653,22
16654,30
16655,30
16656,30
16657,22
16658,22
16659,22
16660,22
16661,30
16662,30
16663,30
16664,22
16665,22
16666,22
16667,22
16668,30
16669,30
16670,30
16671,22
16672,22
16673,22
16674,22
16675,30
16676,30
16677,30
16678,22
16679,22
16680,22
16681,22
16682,30
16683,30
16684,30
16685,22
16686,22
16687,22
16688,22
16689,30
16690,30
16691,30
16692,22
16693,22
16694,22
16695,22
16696,30
16697,30
16698,30
16699,22
16700,22
16701,22
16702,22
16703,30
16704,30
16705,30
16706,22
16707,22
16708,22
16709,32
16710,40
16711,40
16712,40
16713,31
16714,31
16715,31
16716,32
16717,40
16718,40
16719,40
16720,31
16721,31
16722,31
16723,32
16724,40
16725,40
16726,40
16727,31
16728,31
16729,31
16730,32
16731,40
16732,40
16733,40
16734,31
16735,31
16736,31
16737,32
16738,40
16739,40
16740,22
16741,22
16742,22
16743,22
16744,30
16745,30
16746,30
16747,22
16748,22
16749,22
16750,22
16751,30
16752,30
16753,30
16754,22
16755,22
16756,22
16757,22
16758,30
16759,30
16760,30
16761,22
16762,22
16763,22
16764,22
16765,30
16766,30
16767,30
16768,22
16769,22
16770,22
16771,22
16772,30
16773,30
16774,30
16775,22
16776,22
16777,22
16778,22
16779,30
16780,30
16781,30
16782,22
16783,22
16784,22
16785,22
16786,30
16787,30
16788,30
16789,22
16790,22
16791,22
16792,22
16793,30
16794,30
16795,30
16796,22
16797,22
16798,22
16799,32
16800,39
16801,40
16802,40
16803,31
16804,31
16805,31
16806,32
16807,39
16808,40
16809,40
16810,31
16811,31
16812,31
16813,32
16814,40
16815,40
16816,40
16817,31
16818,31
16819,31
16820,32
16821,40
16822,40
16823,40
16824,31
16825,31
16826,31
16827,32
16828,40
16829,40
16830,32
16831,34
16832,34
16833,34
16834,43
16835,43
16836,43
16837,32
16838,34
16839,34
16840,34
16841,43
16842,43
16843,43
16844,32
16845,34
16846,34
16847,34
16848,43
16849,43
16850,43
16851,32
16852,34
16853,34
16854,34
16855,43
16856,43
16857,43
16858,32
16859,34
16860,34
16861,34
16862,43
16863,44
16864,44
16865,32
16866,34
16867,34
16868,34
16869,43
16870,44
16871,44
16872,32
16873,34
16874,34
16875,34
16876,43
16877,44
16878,44
16879,32
16880,34
16881,34
16882,34
16883,43
16884,44
16885,44
16886,32
16887,34
16888,34
16889,46
16890,52
16891,52
16892,52
16893,44
16894,45
16895,45
16896,46
16897,52
16898,52
16899,52
16900,44
16901,45
16902,45
16903,46
16904,52
16905,52
16906,52
16907,44
16908,45
16909,45
16910,46
16911,52
16912,52
16913,52
16914,44
16915,45
16916,45
16917,46
16918,52
16919,52
16920,32
16921,34
16922,34
16923,34
16924,42
16925,42
16926,42
16927,32
16928,34
16929,34
16930,34
16931,42
16932,42
16933,42
16934,32
16935,34
16936,34
16937,34
16938,42
16939,42
16940,42
16941,32
16942,34
16943,34
16944,34
16945,42
16946,42
16947,42
16948,32
16949,34
16950,34
16951,34
16952,42
16953,43
16954,43
16955,32
16956,34
16957,34
16958,34
16959,43
16960,43
16961,43
16962,32
16963,34
16964,34
16965,34
16966,43
16967,43
16968,43
16969,32
16970,34
16971,34
16972,34
16973,43
16974,43
16975,43
16976,32
16977,34
16978,34
16979,46
16980,51
16981,51
16982,52
16983,44
16984,45
16985,45
16986,46
16987,51
16988,51
16989,52
16990,44
16991,45
16992,45
16993,46
16994,51
16995,51
16996,52
16997,44
16998,45
16999,45
17000,46
17001,51
17002,51
17003,52
17004,44
17005,45
17006,45
17007,46
17008,51
17009,51
17010,32
17011,34
17012,34
17013,34
17014,42
17015,42
17016,42
17017,32
17018,34
17019,34
17020,34
17021,42
17022,42
17023,42
17024,32
17025,34
17026,34
17027,34
17028,42
17029,42
17030,42
17031,32
17032,34
17033,34
17034,34
17035,42
17036,42
17037,42
17038,32
17039,34
17040,34
17041,34
17042,42
17043,43
17044,43
17045,32
17046,34
17047,34
17048,34
17049,43
17050,43
17051,43
17052,32
17053,34
17054,34
17055,34
17056,43
17057,43
17058,43
17059,32
17060,34
17061,34
17062,34
17063,43
17064,43
17065,43
17066,32
17067,34
17068,34
17069,46
17070,51
17071,51
17072,52
17073,44
17074,45
17075,45
17076,46
17077,51
17078,51
17079,52
17080,44
17081,45
17082,45
17083,46
17084,51
17085,51
17086,52
17087,44
17088,45
17089,45
17090,46
17091,51
17092,51
17093,52
17094,44
17095,45
17096,45
17097,46
17098,51
17099,51
17100,30
17101,30
17102,30
17103,30
17104,36
17105,36
17106,36
17107,30
17108,30
17109,30
17110,30
17111,36
17112,36
17113,36
17114,30
17115,30
17116,30
17117,30
17118,36
17119,36
17120,36
17121,30
17122,30
17123,30
17124,30
17125,36
17126,36
17127,36
17128,30
17129,30
17130,30
17131,30
17132,36
17133,36
17134,36
17135,30
17136,30
17137,30
17138,30
17139,37
17140,37
17141,37
17142,30
17143,30
17144,30
17145,30
17146,37
17147,37
17148,37
17149,30
17150,30
17151,30
17152,30
17153,37
17154,37
17155,37
17156,30
17157,30
17158,30
17159,40
17160,47
17161,48
17162,48
17163,39
17164,39
17165,39
17166,40
17167,47
17168,48
17169,48
17170,39
17171,39
17172,39
17173,40
17174,47
17175,48
17176,48
17177,39
17178,39
17179,39
17180,40
17181,47
17182,48
17183,48
17184,39
17185,39
17186,39
17187,40
17188,47
17189,48
17190,32
17191,32
17192,32
17193,32
17194,38
17195,38
17196,38
17197,32
17198,32
17199,32
17200,32
17201,38
17202,38
17203,38
17204,32
17205,32
17206,32
17207,32
17208,38
17209,38
17210,38
17211,32
17212,32
17213,32
17214,32
17215,38
17216,38
17217,38
17218,32
17219,32
17220,32
17221,32
17222,38
17223,38
17224,38
17225,32
17226,32
17227,32
17228,32
17229,38
17230,38
17231,38
17232,32
17233,32
17234,32
17235,32
17236,38
17237,38
17238,38
17239,32
17240,32
17241,32
17242,32
17243,38
17244,38
17245,38
17246,32
17247,32
17248,32
17249,42
17250,52
17251,52
17252,52
17253,40
17254,40
17255,40
17256,42
17257,52
17258,52
17259,52
17260,40
17261,40
17262,40
17263,42
17264,52
17265,52
17266,52
17267,40
17268,40
17269,40
17270,42
17271,52
17272,52
17273,52
17274,40
17275,40
17276,40
17277,42
17278,52
17279,52
17280,32
17281,32
17282,32
17283,32
17284,38
17285,38
17286,38
17287,32
17288,32
17289,32
17290,32
17291,38
17292,38
17293,38
17294,32
17295,32
17296,32
17297,32
17298,38
17299,38
17300,38
17301,32
17302,32
17303,32
17304,32
17305,38
17306,38
17307,38
17308,32
17309,32
17310,32
17311,32
17312,38
17313,38
17314,38
17315,32
17316,32
17317,32
17318,32
17319,38
17320,38
17321,38
17322,32
17323,32
17324,32
17325,32
17326,38
17327,38
17328,38
17329,32
17330,32
17331,32
17332,32
17333,38
17334,38
17335,38
17336,32
17337,32
17338,32
17339,41
17340,51
17341,51
17342,51
17343,40
17344,40
17345,40
17346,41
17347,51
17348,51
17349,51
17350,40
17351,40
17352,40
17353,41
17354,51
17355,51
17356,51
17357,40
17358,40
17359,40
17360,41
17361,51
17362,51
17363,51
17364,40
17365,40
17366,40
17367,41
17368,51
17369,51
17370,32
17371,32
17372,32
17373,32
17374,38
17375,38
17376,38
17377,32
17378,32
17379,32
17380,32
17381,38
17382,38
17383,38
17384,32
17385,32
17386,32
17387,32
17388,38
17389,38
17390,38
17391,32
17392,32
17393,32
17394,32
17395,38
17396,38
17397,38
17398,32
17399,32
17400,32
17401,32
17402,38
17403,38
17404,38
17405,32
17406,32
17407,32
17408,32
17409,38
17410,38
17411,38
17412,32
17413,32
17414,32
17415,32
17416,38
17417,38
17418,38
17419,32
17420,32
17421,32
17422,32
17423,38
17424,38
17425,38
17426,32
17427,32
17428,32
17429,41
17430,50
17431,50
17432,50
17433,40
17434,40
17435,40
17436,41
17437,50
17438,50
17439,50
17440,40
17441,40
17442,40
17443,41
17444,50
17445,50
17446,50
17447,40
17448,40
17449,40
17450,41
17451,50
17452,50
17453,50
17454,40
17455,40
17456,40
17457,41
17458,50
17459,50
17460,22
17461,22
17462,22
17463,22
17464,30
17465,30
17466,30
17467,22
17468,22
17469,22
17470,22
17471,30
17472,30
17473,30
17474,22
17475,22
17476,22
17477,22
17478,30
17479,30
17480,30
17481,22
17482,22
17483,22
17484,22
17485,30
17486,30
17487,30
17488,22
17489,22
17490,22
17491,22
17492,30
17493,30
17494,30
17495,22
17496,22
17497,22
17498,22
17499,30
17500,30
17501,30
17502,22
17503,22
17504,22
17505,22
17506,30
17507,30
17508,30
17509,22
17510,22
17511,22
17512,22
17513,30
17514,30
17515,30
17516,22
17517,22
17518,22
17519,32
17520,40
17521,40
17522,40
17523,31
17524,31
17525,31
17526,32
17527,40
17528,40
17529,40
17530,31
17531,31
17532,31
17533,32
17534,40
17535,40
17536,40
17537,31
17538,31
17539,31
17540,32
17541,40
17542,40
17543,40
17544,31
17545,31
17546,31
17547,32
17548,40
17549,40
17550,22
17551,22
17552,22
17553,22
17554,30
17555,30
17556,30
17557,22
17558,22
17559,22
17560,22
17561,30
17562,30
17563,30
17564,22
17565,22
17566,22
17567,22
17568,30
17569,30
17570,30
17571,22
17572,22
17573,22
17574,22
17575,30
17576,30
17577,30
17578,22
17579,22
17580,22
17581,22
17582,30
17583,30
17584,30
17585,22
17586,22
17587,22
17588,22
17589,30
17590,30
17591,30
17592,22
17593,22
17594,22
17595,22
17596,30
17597,30
17598,30
17599,22
17600,22
17601,22
17602,22
17603,30
17604,30
17605,30
17606,22
17607,22
17608,22
17609,32
17610,40
17611,40
17612,40
17613,31
17614,31
17615,31
17616,32
17617,40
17618,40
17619,40
17620,31
17621,31
17622,31
17623,32
17624,40
17625,40
17626,40
17627,31
17628,31
17629,31
17630,32
17631,40
17632,40
17633,40
17634,31
17635,31
17636,31
17637,32
17638,40
17639,40
17640,22
17641,22
17642,22
17643,22
17644,30
17645,30
17646,30
17647,22
17648,22
17649,22
17650,22
17651,30
17652,30
17653,30
17654,22
17655,22
17656,22
17657,22
17658,30
17659,30
17660,30
17661,22
17662,22
17663,22
17664,22
17665,30
17666,30
17667,30
17668,22
17669,22
17670,22
17671,22
17672,30
17673,30
17674,30
17675,22
17676,22
17677,22
17678,22
17679,30
17680,30
17681,30
17682,22
17683,22
17684,22
17685,22
17686,30
17687,30
17688,30
17689,22
17690,22
17691,22
17692,22
17693,30
17694,30
17695,30
17696,22
17697,22
17698,22
17699,32
17700,39
17701,40
17702,40
17703,31
17704,31
17705,31
17706,32
17707,39
17708,40
17709,40
17710,31
17711,31
17712,31
17713,32
17714,40
17715,40
17716,40
17717,31
17718,31
17719,31
17720,32
17721,40
17722,40
17723,40
17724,31
17725,31
17726,31
17727,32
17728,40
17729,40
17730,32
17731,34
17732,34
17733,34
17734,43
17735,43
17736,43
17737,32
17738,34
17739,34
17740,34
17741,43
17742,43
17743,43
17744,32
17745,34
17746,34
17747,34
17748,43
17749,43
17750,43
17751,32
17752,34
17753,34
17754,34
17755,43
17756,43
17757,43
17758,32
17759,34
17760,34
17761,34
17762,43
17763,44
17764,44
17765,32
17766,34
17767,34
17768,34
17769,44
17770,44
17771,44
17772,32
17773,34
17774,34
17775,34
17776,44
17777,44
17778,44
17779,32
17780,34
17781,34
17782,34
17783,44
17784,44
17785,44
17786,32
17787,34
17788,34
17789,46
17790,52
17791,53
17792,53
17793,44
17794,45
17795,45
17796,46
17797,52
17798,53
17799,53
17800,44
17801,45
17802,45
17803,46
17804,52
17805,53
17806,53
17807,44
17808,45
17809,45
17810,46
17811,52
17812,53
17813,53
17814,44
17815,45
17816,45
17817,46
17818,52
17819,53
17820,32
17821,34
17822,34
17823,34
17824,42
17825,42
17826,42
17827,32
17828,34
17829,34
17830,34
17831,42
17832,42
17833,42
17834,32
17835,34
17836,34
17837,34
17838,42
17839,42
17840,42
17841,32
17842,34
17843,34
17844,34
17845,42
17846,42
17847,42
17848,32
17849,34
17850,34
17851,34
17852,42
17853,43
17854,43
17855,32
17856,34
17857,34
17858,34
17859,43
17860,43
17861,43
17862,32
17863,34
17864,34
17865,34
17866,43
17867,43
17868,43
17869,32
17870,34
17871,34
17872,34
17873,43
17874,43
17875,43
17876,32
17877,34
17878,34
17879,46
17880,52
17881,52
17882,52
17883,44
17884,45
17885,45
17886,46
17887,52
17888,52
17889,52
17890,44
17891,45
17892,45
17893,46
17894,52
17895,52
17896,52
17897,44
17898,45
17899,45
17900,46
17901,52
17902,52
17903,52
17904,44
17905,45
17906,45
17907,46
17908,52
17909,52
17910,32
17911,34
17912,34
17913,34
17914,42
17915,42
17916,42
17917,32
17918,34
17919,34
17920,34
17921,42
17922,42
17923,42
17924,32
17925,34
17926,34
17927,34
17928,42
17929,42
17930,42
17931,32
17932,34
17933,34
17934,34
17935,42
17936,42
17937,42
17938,32
17939,34
17940,34
17941,34
17942,42
17943,43
17944,43
17945,32
17946,34
17947,34
17948,34
17949,43
17950,43
17951,43
17952,32
17953,34
17954,34
17955,34
17956,43
17957,43
17958,43
17959,32
17960,34
17961,34
17962,34
17963,43
17964,43
17965,43
17966,32
17967,34
17968,34
17969,46
17970,52
17971,52
17972,52
17973,44
17974,45
17975,45
17976,46
17977,52
17978,52
17979,52
17980,44
17981,45
17982,45
17983,46
17984,52
17985,52
17986,52
17987,44
17988,45
17989,45
17990,46
17991,52
17992,52
17993,52
17994,44
17995,45
17996,45
17997,46
17998,52
17999,52
18000,30
18001,30
18002,30
18003,30
18004,36
18005,36
18006,36
18007,30
18008,30
18009,30
18010,30
18011,36
18012,36
18013,36
18014,30
18015,30
18016,30
18017,30
18018,36
18019,36
18020,36
18021,30
18022,30
18023,30
18024,30
18025,36
18026,36
18027,36
18028,30
18029,30
18030,30
18031,30
18032,36
18033,36
18034,36
18035,30
18036,30
18037,30
18038,30
18039,37
18040,37
18041,37
18042,30
18043,30
18044,30
18045,30
18046,37
18047,37
18048,37
18049,30
18050,30
18051,30
18052,30
18053,37
18054,37
18055,37
18056,30
18057,30
18058,30
18059,40
18060,47
18061,48
18062,48
18063,39
18064,39
18065,39
18066,40
18067,47
18068,48
18069,48
18070,39
18071,39
18072,39
18073,40
18074,47
18075,48
18076,48
18077,39
18078,39
18079,39
18080,40
18081,47
18082,47
18083,48
18084,39
18085,39
18086,39
18087,40
18088,47
18089,47
18090,32
18091,32
18092,32
18093,32
18094,38
18095,38
18096,38
18097,32
18098,32
18099,32
18100,32
18101,38
18102,38
18103,38
18104,32
18105,32
18106,32
18107,32
18108,38
18109,38
18110,38
18111,32
18112,32
18113,32
18114,32
18115,38
18116,38
18117,38
18118,32
18119,32
18120,32
18121,32
18122,38
18123,38
18124,38
18125,32
18126,32
18127,32
18128,32
18129,38
18130,38
18131,38
18132,32
18133,32
18134,32
18135,32
18136,38
18137,38
18138,38
18139,32
18140,32
18141,32
18142,32
18143,38
18144,38
18145,38
18146,32
18147,32
18148,32
18149,42
18150,52
18151,52
18152,52
18153,40
18154,40
18155,40
18156,42
18157,52
18158,52
18159,52
18160,40
18161,40
18162,40
18163,42
18164,52
18165,52
18166,52
18167,40
18168,40
18169,40
18170,42
18171,52
18172,52
18173,52
18174,40
18175,40
18176,40
18177,42
18178,52
18179,52
18180,32
18181,32
18182,32
18183,32
18184,38
18185,38
18186,38
18187,32
18188,32
18189,32
18190,32
18191,38
18192,38
18193,38
18194,32
18195,32
18196,32
18197,32
18198,38
18199,38
18200,38
18201,32
18202,32
18203,32
18204,32
18205,38
18206,38
18207,38
18208,32
18209,32
18210,32
18211,32
18212,38
18213,38
18214,38
18215,32
18216,32
18217,32
18218,32
18219,38
18220,38
18221,38
18222,32
18223,32
18224,32
18225,32
18226,38
18227,38
18228,38
18229,32
18230,32
18231,32
18232,32
18233,38
18234,38
18235,38
18236,32
18237,32
18238,32
18239,41
18240,51
18241,51
18242,51
18243,40
18244,40
18245,40
18246,41
18247,51
18248,51
18249,51
18250,40
18251,40
18252,40
18253,41
18254,51
18255,51
18256,51
18257,40
18258,40
18259,40
18260,41
18261,51
18262,51
18263,51
18264,40
18265,40
18266,40
18267,41
18268,51
18269,51
18270,32
18271,32
18272,32
18273,32
18274,38
18275,38
18276,38
18277,32
18278,32
18279,32
18280,32
18281,38
18282,38
18283,38
18284,32
18285,32
18286,32
18287,32
18288,38
18289,38
18290,38
18291,32
18292,32
18293,32
18294,32
18295,38
18296,38
18297,38
18298,32
18299,32
18300,32
18301,32
18302,38
18303,38
18304,38
18305,32
18306,32
18307,32
18308,32
18309,38
18310,38
18311,38
18312,32
18313,32
18314,32
18315,32
18316,38
18317,38
18318,38
18319,32
18320,32
18321,32
18322,32
18323,38
18324,38
18325,38
18326,32
18327,32
18328,32
18329,41
18330,50
18331,50
18332,50
18333,40
18334,40
18335,40
18336,41
18337,50
18338,50
18339,50
18340,40
18341,40
18342,40
18343,41
18344,50
18345,50
18346,50
18347,40
18348,40
18349,40
18350,41
18351,50
18352,50
18353,50
18354,40
18355,40
18356,40
18357,41
18358,50
18359,50
18360,22
18361,22
18362,22
18363,22
18364,30
18365,30
18366,30
18367,22
18368,22
18369,22
18370,22
18371,30
18372,30
18373,30
18374,22
18375,22
18376,22
18377,22
18378,30
18379,30
18380,30
18381,22
18382,22
18383,22
18384,22
18385,30
18386,30
18387,30
18388,22
18389,22
18390,22
18391,22
18392,30
18393,30
18394,30
18395,22
18396,22
18397,22
18398,22
18399,30
18400,30
18401,30
18402,22
18403,22
18404,22
18405,22
18406,30
18407,30
18408,30
18409,22
18410,22
18411,22
18412,22
18413,30
18414,30
18415,30
18416,22
18417,22
18418,22
18419,32
18420,40
18421,40
18422,40
18423,31
18424,31
18425,31
18426,32
18427,40
18428,40
18429,40
18430,31
18431,31
18432,31
18433,32
18434,40
18435,40
18436,40
18437,31
18438,31
18439,31
18440,32
18441,40
18442,40
18443,40
18444,31
18445,31
18446,31
18447,32
18448,40
18449,40
18450,22
18451,22
18452,22
18453,22
18454,30
18455,30
18456,30
18457,22
18458,22
18459,22
18460,22
18461,30
18462,30
18463,30
18464,22
18465,22
18466,22
18467,22
18468,30
18469,30
18470,30
18471,22
18472,22
18473,22
18474,22
18475,30
18476,30
18477,30
18478,22
18479,22
18480,22
18481,22
18482,30
18483,30
18484,30
18485,22
18486,22
18487,22
18488,22
18489,30
18490,30
18491,30
18492,22
18493,22
18494,22
18495,22
18496,30
18497,30
18498,30
18499,22
18500,22
18501,22
18502,22
18503,30
18504,30
18505,30
18506,22
18507,22
18508,22
18509,32
18510,40
18511,40
18512,40
18513,31
18514,31
18515,31
18516,32
18517,40
18518,40
18519,40
18520,31
18521,31
18522,31
18523,32
18524,40
18525,40
18526,40
18527,31
18528,31
18529,31
18530,32
18531,40
18532,40
18533,40
18534,31
18535,31
18536,31
18537,32
18538,40
18539,40
18540,22
18541,22
18542,22
18543,22
18544,30
18545,30
18546,30
18547,22
18548,22
18549,22
18550,22
18551,30
18552,30
18553,30
18554,22
18555,22
18556,22
18557,22
18558,30
18559,30
18560,30
18561,22
18562,22
18563,22
18564,22
18565,30
18566,30
18567,30
18568,22
18569,22
18570,22
18571,22
18572,30
18573,30
18574,30
18575,22
18576,22
18577,22
18578,22
18579,30
18580,30
18581,30
18582,22
18583,22
18584,22
18585,22
18586,30
18587,30
18588,30
18589,22
18590,22
18591,22
18592,22
18593,30
18594,30
18595,30
18596,22
18597,22
18598,22
18599,32
18600,39
18601,40
18602,40
18603,31
18604,31
18605,31
18606,32
18607,39
18608,40
18609,40
18610,31
18611,31
18612,31
18613,32
18614,40
18615,40
18616,40
18617,31
18618,31
18619,31
18620,32
18621,40
18622,40
18623,40
18624,31
18625,31
18626,31
18627,32
18628,40
18629,40
18630,32
18631,34
18632,34
18633,34
18634,43
18635,43
18636,43
18637,32
18638,34
18639,34
18640,34
18641,43
18642,43
18643,43
18644,32
18645,34
18646,34
18647,34
18648,43
18649,43
18650,43
18651,32
18652,34
18653,34
18654,34
18655,43
18656,43
18657,43
18658,32
18659,34
18660,34
18661,34
18662,43
18663,43
18664,44
18665,32
18666,34
18667,34
18668,34
18669,43
18670,44
18671,44
18672,32
18673,34
18674,34
18675,34
18676,43
18677,44
18678,44
18679,32
18680,34
18681,34
18682,34
18683,43
18684,44
18685,44
18686,32
18687,34
18688,34
18689,46
18690,52
18691,52
18692,52
18693,44
18694,45
18695,45
18696,46
18697,52
18698,52
18699,52
18700,44
18701,45
18702,45
18703,46
18704,52
18705,52
18706,52
18707,44
18708,45
18709,45
18710,46
18711,52
18712,52
18713,52
18714,44
18715,45
18716,45
18717,46
18718,52
18719,52
18720,32
18721,34
18722,34
18723,34
18724,42
18725,42
18726,42
18727,32
18728,34
18729,34
18730,34
18731,42
18732,42
18733,42
18734,32
18735,34
18736,34
18737,34
18738,42
18739,42
18740,42
18741,32
18742,34
18743,34
18744,34
18745,42
18746,42
18747,42
18748,32
18749,34
18750,34
18751,34
18752,42
18753,43
18754,43
18755,32
18756,34
18757,34
18758,34
18759,43
18760,43
18761,43
18762,32
18763,34
18764,34
18765,34
18766,43
18767,43
18768,43
18769,32
18770,34
18771,34
18772,34
18773,43
18774,43
18775,43
18776,32
18777,34
18778,34
18779,46
18780,51
18781,51
18782,52
18783,44
18784,45
18785,45
18786,46
18787,51
18788,51
18789,52
18790,44
18791,45
18792,45
18793,46
18794,51
18795,51
18796,52
18797,44
18798,45
18799,45
18800,46
18801,51
18802,51
18803,52
18804,44
18805,45
18806,45
18807,46
18808,51
18809,51
18810,32
18811,34
18812,34
18813,34
18814,42
18815,42
18816,42
18817,32
18818,34
18819,34
18820,34
18821,42
18822,42
18823,42
18824,32
18825,34
18826,34
18827,34
18828,42
18829,42
18830,42
18831,32
18832,34
18833,34
18834,34
18835,42
18836,42
18837,42
18838,32
18839,34
18840,34
18841,34
18842,42
18843,43
18844,43
18845,32
18846,34
18847,34
18848,34
18849,43
18850,43
18851,43
18852,32
18853,34
18854,34
18855,34
18856,43
18857,43
18858,43
18859,32
18860,34
18861,34
18862,34
18863,43
18864,43
18865,43
18866,32
18867,34
18868,34
18869,46
18870,51
18871,51
18872,52
18873,44
18874,45
18875,45
18876,46
18877,51
18878,51
18879,52
18880,44
18881,45
18882,45
18883,46
18884,51
18885,51
18886,52
18887,44
18888,45
18889,45
18890,46
18891,51
18892,51
18893,52
18894,44
18895,45
18896,45
18897,46
18898,51
18899,51
18900,54
18901,54
18902,54
18903,54
18904,65
18905,65
18906,65
18907,54
18908,54
18909,54
18910,54
18911,65
18912,65
18913,65
18914,54
18915,54
18916,54
18917,54
18918,65
18919,65
18920,65
18921,54
18922,54
18923,54
18924,54
18925,65
18926,65
18927,65
18928,54
18929,54
18930,54
18931,54
18932,65
18933,65
18934,65
18935,54
18936,54
18937,54
18938,54
18939,65
18940,65
18941,65
18942,54
18943,54
18944,54
18945,54
18946,65
18947,65
18948,65
18949,54
18950,54
18951,54
18952,54
18953,65
18954,65
18955,65
18956,54
18957,54
18958,54
18959,70
18960,83
18961,84
18962,84
18963,67
18964,67
18965,67
18966,70
18967,83
18968,84
18969,84
18970,67
18971,67
18972,67
18973,70
18974,83
18975,84
18976,84
18977,67
18978,67
18979,67
18980,70
18981,83
18982,84
18983,84
18984,67
18985,67
18986,67
18987,70
18988,83
18989,84
18990,54
18991,55
18992,55
18993,55
18994,66
18995,66
18996,66
18997,54
18998,55
18999,55
19000,55
19001,66
19002,66
19003,66
19004,54
19005,55
19006,55
19007,55
19008,66
19009,66
19010,66
19011,54
19012,55
19013,55
19014,55
19015,66
19016,66
19017,66
19018,54
19019,55
19020,55
19021,55
19022,66
19023,66
19024,66
19025,54
19026,55
19027,55
19028,55
19029,66
19030,66
19031,66
19032,54
19033,55
19034,55
19035,55
19036,66
19037,66
19038,66
19039,54
19040,55
19041,55
19042,55
19043,66
19044,66
19045,66
19046,54
19047,55
19048,55
19049,72
19050,86
19051,87
19052,87
19053,69
19054,70
19055,70
19056,72
19057,86
19058,87
19059,87
19060,69
19061,70
19062,70
19063,72
19064,86
19065,87
19066,87
19067,69
19068,70
19069,70
19070,72
19071,86
19072,87
19073,87
19074,69
19075,70
19076,70
19077,72
19078,86
19079,87
19080,54
19081,55
19082,55
19083,55
19084,66
19085,66
19086,66
19087,54
19088,55
19089,55
19090,55
19091,66
19092,66
19093,66
19094,54
19095,55
19096,55
19097,55
19098,66
19099,66
19100,66
19101,54
19102,55
19103,55
19104,55
19105,66
19106,66
19107,66
19108,54
19109,55
19110,55
19111,55
19112,66
19113,66
19114,66
19115,54
19116,55
19117,55
19118,55
19119,66
19120,66
19121,66
19122,54
19123,55
19124,55
19125,55
19126,66
19127,66
19128,66
19129,54
19130,55
19131,55
19132,55
19133,66
19134,66
19135,66
19136,54
19137,55
19138,55
19139,72
19140,86
19141,87
19142,87
19143,69
19144,70
19145,70
19146,72
19147,86
19148,87
19149,87
19150,69
19151,70
19152,70
19153,72
19154,86
19155,87
19156,87
19157,69
19158,70
19159,70
19160,72
19161,86
19162,87
19163,87
19164,69
19165,70
19166,70
19167,72
19168,86
19169,87
19170,54
19171,55
19172,55
19173,55
19174,66
19175,66
19176,66
19177,54
19178,55
19179,55
19180,55
19181,66
19182,66
19183,66
19184,54
19185,55
19186,55
19187,55
19188,66
19189,66
19190,66
19191,54
19192,55
19193,55
19194,55
19195,66
19196,66
19197,66
19198,54
19199,55
19200,55
19201,55
19202,66
19203,66
19204,66
19205,54
19206,55
19207,55
19208,55
19209,66
19210,66
19211,66
19212,54
19213,55
19214,55
19215,55
19216,66
19217,66
19218,66
19219,54
19220,55
19221,55
19222,55
19223,66
19224,66
19225,66
19226,54
19227,55
19228,55
19229,72
19230,85
19231,87
19232,87
19233,69
19234,69
19235,69
19236,72
19237,85
19238,87
19239,87
19240,69
19241,69
19242,69
19243,72
19244,85
19245,87
19246,87
19247,69
19248,69
19249,69
19250,72
19251,85
19252,87
19253,87
19254,69
19255,69
19256,69
19257,72
19258,85
19259,87
19260,50
19261,50
19262,50
19263,50
19264,60
19265,60
19266,60
19267,50
19268,50
19269,50
19270,50
19271,60
19272,60
19273,60
19274,50
19275,50
19276,50
19277,50
19278,60
19279,60
19280,60
19281,50
19282,50
19283,50
19284,50
19285,60
19286,60
19287,60
19288,50
19289,50
19290,50
19291,50
19292,60
19293,60
19294,60
19295,50
19296,50
19297,50
19298,50
19299,60
19300,60
19301,60
19302,50
19303,50
19304,50
19305,50
19306,60
19307,60
19308,60
19309,50
19310,50
19311,50
19312,50
19313,60
19314,60
19315,60
19316,50
19317,50
19318,50
19319,67
19320,78
19321,79
19322,80
19323,65
19324,65
19325,65
19326,67
19327,78
19328,79
19329,80
19330,65
19331,65
19332,65
19333,67
19334,78
19335,79
19336,80
19337,65
19338,65
19339,65
19340,67
19341,78
19342,79
19343,80
19344,65
19345,65
19346,65
19347,67
19348,78
19349,79
19350,50
19351,50
19352,50
19353,50
19354,60
19355,60
19356,60
19357,50
19358,50
19359,50
19360,50
19361,60
19362,60
19363,60
19364,50
19365,50
19366,50
19367,50
19368,60
19369,60
19370,60
19371,50
19372,50
19373,50
19374,50
19375,60
19376,60
19377,60
19378,50
19379,50
19380,50
19381,50
19382,60
19383,60
19384,60
19385,50
19386,50
19387,50
19388,50
19389,60
19390,60
19391,60
19392,50
19393,50
19394,50
19395,50
19396,60
19397,60
19398,60
19399,50
19400,50
19401,50
19402,50
19403,60
19404,60
19405,60
19406,50
19407,50
19408,50
19409,67
19410,78
19411,79
19412,80
19413,65
19414,65
19415,65
19416,67
19417,78
19418,79
19419,80
19420,65
19421,65
19422,65
19423,67
19424,78
19425,79
19426,80
19427,65
19428,65
19429,65
19430,67
19431,78
19432,79
19433,80
19434,65
19435,65
19436,65
19437,67
19438,78
19439,79
19440,50
19441,50
19442,50
19443,50
19444,60
19445,60
19446,60
19447,50
19448,50
19449,50
19450,50
19451,60
19452,60
19453,60
19454,50
19455,50
19456,50
19457,50
19458,60
19459,60
19460,60
19461,50
19462,50
19463,50
19464,50
19465,60
19466,60
19467,60
19468,50
19469,50
19470,50
19471,50
19472,60
19473,60
19474,60
19475,50
19476,50
19477,50
19478,50
19479,60
19480,60
19481,60
19482,50
19483,50
19484,50
19485,50
19486,60
19487,60
19488,60
19489,50
19490,50
19491,50
19492,50
19493,60
19494,60
19495,60
19496,50
19497,50
19498,50
19499,67
19500,78
19501,79
19502,79
19503,65
19504,65
19505,65
19506,67
19507,78
19508,79
19509,79
19510,65
19511,65
19512,65
19513,67
19514,78
19515,79
19516,79
19517,65
19518,65
19519,65
19520,67
19521,78
19522,79
19523,79
19524,65
19525,65
19526,65
19527,67
19528,78
19529,79
19530,56
19531,56
19532,56
19533,56
19534,75
19535,75
19536,75
19537,56
19538,56
19539,56
19540,56
19541,75
19542,75
19543,75
19544,56
19545,56
19546,56
19547,56
19548,75
19549,75
19550,75
19551,56
19552,56
19553,56
19554,56
19555,75
19556,75
19557,75
19558,56
19559,56
19560,56
19561,56
19562,75
19563,75
19564,76
19565,56
19566,56
19567,56
19568,56
19569,76
19570,76
19571,76
19572,56
19573,56
19574,56
19575,56
19576,76
19577,76
19578,76
19579,56
19580,56
19581,56
19582,56
19583,76
19584,76
19585,76
19586,56
19587,56
19588,56
19589,82
19590,96
19591,97
19592,97
19593,77
19594,78
19595,78
19596,82
19597,96
19598,97
19599,97
19600,77
19601,78
19602,78
19603,82
19604,96
19605,97
19606,97
19607,77
19608,78
19609,78
19610,82
19611,96
19612,97
19613,97
19614,77
19615,78
19616,78
19617,82
19618,96
19619,97
19620,56
19621,56
19622,56
19623,56
19624,74
19625,74
19626,74
19627,56
19628,56
19629,56
19630,56
19631,74
19632,74
19633,74
19634,56
19635,56
19636,56
19637,56
19638,74
19639,74
19640,74
19641,56
19642,56
19643,56
19644,56
19645,74
19646,74
19647,74
19648,56
19649,56
19650,56
19651,56
19652,75
19653,75
19654,75
19655,56
19656,56
19657,56
19658,56
19659,75
19660,75
19661,75
19662,56
19663,56
19664,56
19665,56
19666,75
19667,75
19668,75
19669,56
19670,56
19671,56
19672,56
19673,75
19674,75
19675,75
19676,56
19677,56
19678,56
19679,81
19680,95
19681,96
19682,96
19683,77
19684,78
19685,78
19686,81
19687,95
19688,96
19689,96
19690,77
19691,78
19692,78
19693,81
19694,95
19695,96
19696,96
19697,77
19698,78
19699,78
19700,81
19701,95
19702,96
19703,96
19704,77
19705,78
19706,78
19707,81
19708,95
19709,96
19710,56
19711,56
19712,56
19713,56
19714,74
19715,74
19716,74
19717,56
19718,56
19719,56
19720,56
19721,74
19722,74
19723,74
19724,56
19725,56
19726,56
19727,56
19728,74
19729,74
19730,74
19731,56
19732,56
19733,56
19734,56
19735,74
19736,74
19737,74
19738,56
19739,56
19740,56
19741,56
19742,75
19743,75
19744,75
19745,56
19746,56
19747,56
19748,56
19749,75
19750,75
19751,75
19752,56
19753,56
19754,56
19755,56
19756,75
19757,75
19758,75
19759,56
19760,56
19761,56
19762,56
19763,75
19764,75
19765,75
19766,56
19767,56
19768,56
19769,81
19770,95
19771,96
19772,97
19773,77
19774,78
19775,78
19776,81
19777,95
19778,96
19779,97
19780,77
19781,78
19782,78
19783,81
19784,95
19785,96
19786,97
19787,77
19788,78
19789,78
19790,81
19791,95
19792,96
19793,96
19794,77
19795,78
19796,78
19797,81
19798,95
19799,96
19800,19
19801,19
19802,19
19803,19
19804,24
19805,24
19806,24
19807,19
19808,19
19809,19
19810,19
19811,24
19812,24
19813,24
19814,19
19815,19
19816,19
19817,19
19818,24
19819,24
19820,24
19821,19
19822,19
19823,19
19824,19
19825,24
19826,24
19827,24
19828,19
19829,19
19830,19
19831,19
19832,24
19833,24
19834,24
19835,19
19836,19
19837,19
19838,19
19839,24
19840,24
19841,24
19842,19
19843,19
19844,19
19845,19
19846,24
19847,24
19848,24
19849,19
19850,19
19851,19
19852,19
19853,24
19854,24
19855,24
19856,19
19857,19
19858,19
19859,27
19860,31
19861,31
19862,31
19863,26
19864,26
19865,26
19866,27
19867,31
19868,31
19869,31
19870,26
19871,26
19872,26
19873,27
19874,31
19875,31
19876,31
19877,26
19878,26
19879,26
19880,27
19881,31
19882,31
19883,31
19884,26
19885,26
19886,26
19887,27
19888,31
19889,31
19890,19
19891,19
19892,19
19893,19
19894,24
19895,24
19896,24
19897,19
19898,19
19899,19
19900,19
19901,24
19902,24
19903,24
19904,19
19905,19
19906,19
19907,19
19908,24
19909,24
19910,24
19911,19
19912,19
19913,19
19914,19
19915,24
19916,24
19917,24
19918,19
19919,19
19920,19
19921,19
19922,24
19923,24
19924,24
19925,19
19926,19
19927,19
19928,19
19929,24
19930,24
19931,24
19932,19
19933,19
19934,19
19935,19
19936,24
19937,24
19938,24
19939,19
19940,19
19941,19
19942,19
19943,24
19944,24
19945,24
19946,19
19947,19
19948,19
19949,27
19950,31
19951,31
19952,31
19953,26
19954,26
19955,26
19956,27
19957,31
19958,31
19959,31
19960,26
19961,26
19962,26
19963,27
19964,31
19965,31
19966,31
19967,26
19968,26
19969,26
19970,27
19971,31
19972,31
19973,31
19974,26
19975,26
19976,26
19977,27
19978,31
19979,31
19980,19
19981,19
19982,19
19983,19
19984,24
19985,24
19986,24
19987,19
19988,19
19989,19
19990,19
19991,24
19992,24
19993,24
19994,19
19995,19
19996,19
19997,19
19998,24
19999,24
20000,24
20001,19
20002,19
20003,19
20004,19
20005,24
20006,24
20007,24
20008,19
20009,19
20010,19
20011,19
20012,24
20013,24
20014,24
20015,19
20016,19
20017,19
20018,19
20019,24
20020,24
20021,24
20022,19
20023,19
20024,19
20025,19
20026,24
20027,24
20028,24
20029,19
20030,19
20031,19
20032,19
20033,24
20034,24
20035,24
20036,19
20037,19
20038,19
20039,27
20040,31
20041,31
20042,31
20043,26
20044,26
20045,26
20046,27
20047,31
20048,31
20049,31
20050,26
20051,26
20052,26
20053,27
20054,31
20055,31
20056,31
20057,26
20058,26
20059,26
20060,27
20061,31
20062,31
20063,31
20064,26
20065,26
20066,26
20067,27
20068,31
20069,31
20070,19
20071,19
20072,19
20073,19
20074,24
20075,24
20076,24
20077,19
20078,19
20079,19
20080,19
20081,24
20082,24
20083,24
20084,19
20085,19
20086,19
20087,19
20088,24
20089,24
20090,24
20091,19
20092,19
20093,19
20094,19
20095,24
20096,24
20097,24
20098,19
20099,19
20100,19
20101,19
20102,24
20103,24
20104,24
20105,19
20106,19
20107,19
20108,19
20109,24
20110,24
20111,24
20112,19
20113,19
20114,19
20115,19
20116,24
20117,24
20118,24
20119,19
20120,19
20121,19
20122,19
20123,24
20124,24
20125,24
20126,19
20127,19
20128,19
20129,27
20130,31
20131,31
20132,31
20133,26
20134,26
20135,26
20136,27
20137,31
20138,31
20139,31
20140,26
20141,26
20142,26
20143,27
20144,31
20145,31
20146,31
20147,26
20148,26
20149,26
20150,27
20151,31
20152,31
20153,31
20154,26
20155,26
20156,26
20157,27
20158,31
20159,31
20160,19
20161,19
20162,19
20163,19
20164,24
20165,24
20166,24
20167,19
20168,19
20169,19
20170,19
20171,24
20172,24
20173,24
20174,19
20175,19
20176,19
20177,19
20178,24
20179,24
20180,24
20181,19
20182,19
20183,19
20184,19
20185,24
20186,24
20187,24
20188,19
20189,19
20190,19
20191,19
20192,24
20193,24
20194,24
20195,19
20196,19
20197,19
20198,19
20199,24
20200,24
20201,24
20202,19
20203,19
20204,19
20205,19
20206,24
20207,24
20208,24
20209,19
20210,19
20211,19
20212,19
20213,24
20214,24
20215,24
20216,19
20217,19
20218,19
20219,27
20220,30
20221,30
20222,30
20223,26
20224,26
20225,26
20226,27
20227,30
20228,30
20229,30
20230,26
20231,26
20232,26
20233,27
20234,30
20235,30
20236,30
20237,26
20238,26
20239,26
20240,27
20241,30
20242,30
20243,30
20244,26
20245,26
20246,26
20247,27
20248,30
20249,30
20250,19
20251,19
20252,19
20253,19
20254,24
20255,24
20256,24
20257,19
20258,19
20259,19
20260,19
20261,24
20262,24
20263,24
20264,19
20265,19
20266,19
20267,19
20268,24
20269,24
20270,24
20271,19
20272,19
20273,19
20274,19
20275,24
20276,24
20277,24
20278,19
20279,19
20280,19
20281,19
20282,24
20283,24
20284,24
20285,19
20286,19
20287,19
20288,19
20289,24
20290,24
20291,24
20292,19
20293,19
20294,19
20295,19
20296,24
20297,24
20298,24
20299,19
20300,19
20301,19
20302,19
20303,24
20304,24
20305,24
20306,19
20307,19
20308,19
20309,27
20310,30
20311,30
20312,30
20313,26
20314,26
20315,26
20316,27
20317,30
20318,30
20319,30
20320,26
20321,26
20322,26
20323,27
20324,30
20325,30
20326,30
20327,26
20328,26
20329,26
20330,27
20331,30
20332,30
20333,30
20334,26
20335,26
20336,26
20337,27
20338,30
20339,30
20340,19
20341,19
20342,19
20343,19
20344,24
20345,24
20346,24
20347,19
20348,19
20349,19
20350,19
20351,24
20352,24
20353,24
20354,19
20355,19
20356,19
20357,19
20358,24
20359,24
20360,24
20361,19
20362,19
20363,19
20364,19
20365,24
20366,24
20367,24
20368,19
20369,19
20370,19
20371,19
20372,24
20373,24
20374,24
20375,19
20376,19
20377,19
20378,19
20379,24
20380,24
20381,24
20382,19
20383,19
20384,19
20385,19
20386,24
20387,24
20388,24
20389,19
20390,19
20391,19
20392,19
20393,24
20394,24
20395,24
20396,19
20397,19
20398,19
20399,27
20400,30
20401,30
20402,30
20403,26
20404,26
20405,26
20406,27
20407,30
20408,30
20409,30
20410,26
20411,26
20412,26
20413,27
20414,30
20415,30
20416,30
20417,26
20418,26
20419,26
20420,27
20421,30
20422,30
20423,30
20424,26
20425,26
20426,26
20427,27
20428,30
20429,30
20430,20
20431,20
20432,20
20433,20
20434,24
20435,24
20436,24
20437,20
20438,20
20439,20
20440,20
20441,24
20442,24
20443,24
20444,20
20445,20
20446,20
20447,20
20448,24
20449,24
20450,24
20451,20
20452,20
20453,20
20454,20
20455,24
20456,24
20457,24
20458,20
20459,20
20460,20
20461,20
20462,24
20463,24
20464,24
20465,20
20466,20
20467,20
20468,20
20469,24
20470,24
20471,24
20472,20
20473,20
20474,20
20475,20
20476,24
20477,24
20478,24
20479,20
20480,20
20481,20
20482,20
20483,24
20484,24
20485,24
20486,20
20487,20
20488,20
20489,28
20490,32
20491,32
20492,32
20493,26
20494,26
20495,26
20496,28
20497,32
20498,32
20499,32
20500,26
20501,26
20502,26
20503,28
20504,32
20505,32
20506,32
20507,26
20508,26
20509,26
20510,28
20511,32
20512,32
20513,32
20514,26
20515,26
20516,26
20517,28
20518,32
20519,32
20520,20
20521,20
20522,20
20523,20
20524,24
20525,24
20526,24
20527,20
20528,20
20529,20
20530,20
20531,24
20532,24
20533,24
20534,20
20535,20
20536,20
20537,20
20538,24
20539,24
20540,24
20541,20
20542,20
20543,20
20544,20
20545,24
20546,24
20547,24
20548,20
20549,20
20550,20
20551,20
20552,24
20553,24
20554,24
20555,20
20556,20
20557,20
20558,20
20559,24
20560,24
20561,24
20562,20
20563,20
20564,20
20565,20
20566,24
20567,24
20568,24
20569,20
20570,20
20571,20
20572,20
20573,24
20574,24
20575,24
20576,20
20577,20
20578,20
20579,28
20580,31
20581,32
20582,32
20583,26
20584,26
20585,26
20586,28
20587,31
20588,32
20589,32
20590,26
20591,26
20592,26
20593,28
20594,31
20595,32
20596,32
20597,26
20598,26
20599,26
20600,28
20601,31
20602,32
20603,32
20604,26
20605,26
20606,26
20607,28
20608,31
20609,32
20610,20
20611,20
20612,20
20613,20
20614,24
20615,24
20616,24
20617,20
20618,20
20619,20
20620,20
20621,24
20622,24
20623,24
20624,20
20625,20
20626,20
20627,20
20628,24
20629,24
20630,24
20631,20
20632,20
20633,20
20634,20
20635,24
20636,24
20637,24
20638,20
20639,20
20640,20
20641,20
20642,24
20643,24
20644,24
20645,20
20646,20
20647,20
20648,20
20649,24
20650,24
20651,24
20652,20
20653,20
20654,20
20655,20
20656,24
20657,24
20658,24
20659,20
20660,20
20661,20
20662,20
20663,24
20664,24
20665,24
20666,20
20667,20
20668,20
20669,28
20670,31
20671,32
20672,32
20673,26
20674,26
20675,26
20676,28
20677,31
20678,32
20679,32
20680,26
20681,26
20682,26
20683,28
20684,31
20685,32
20686,32
20687,26
20688,26
20689,26
20690,28
20691,31
20692,32
20693,32
20694,26
20695,26
20696,26
20697,28
20698,31
20699,32
20700,40
20701,40
20702,40
20703,40
20704,50
20705,50
20706,50
20707,40
20708,40
20709,40
20710,40
20711,50
20712,50
20713,50
20714,40
20715,40
20716,40
20717,40
20718,50
20719,50
20720,50
20721,40
20722,40
20723,40
20724,40
20725,50
20726,50
20727,50
20728,40
20729,40
20730,40
20731,40
20732,50
20733,50
20734,50
20735,40
20736,40
20737,40
20738,40
20739,50
20740,50
20741,50
20742,40
20743,40
20744,40
20745,40
20746,50
20747,50
20748,50
20749,40
20750,40
20751,40
20752,40
20753,50
20754,50
20755,50
20756,40
20757,40
20758,40
20759,63
20760,69
20761,69
20762,69
20763,61
20764,61
20765,61
20766,63
20767,69
20768,69
20769,69
20770,61
20771,61
20772,61
20773,63
20774,69
20775,69
20776,69
20777,61
20778,61
20779,61
20780,63
20781,69
20782,69
20783,69
20784,61
20785,61
20786,61
20787,63
20788,69
20789,69
20790,40
20791,40
20792,40
20793,40
20794,50
20795,50
20796,50
20797,40
20798,40
20799,40
20800,40
20801,50
20802,50
20803,50
20804,40
20805,40
20806,40
20807,40
20808,50
20809,50
20810,50
20811,40
20812,40
20813,40
20814,40
20815,50
20816,50
20817,50
20818,40
20819,40
20820,40
20821,40
20822,50
20823,50
20824,50
20825,40
20826,40
20827,40
20828,40
20829,50
20830,50
20831,50
20832,40
20833,40
20834,40
20835,40
20836,50
20837,50
20838,50
20839,40
20840,40
20841,40
20842,40
20843,50
20844,50
20845,50
20846,40
20847,40
20848,40
20849,63
20850,69
20851,69
20852,69
20853,61
20854,61
20855,61
20856,63
20857,69
20858,69
20859,69
20860,61
20861,61
20862,61
20863,63
20864,69
20865,69
20866,69
20867,61
20868,61
20869,61
20870,63
20871,69
20872,69
20873,69
20874,61
20875,61
20876,61
20877,63
20878,69
20879,69
20880,40
20881,40
20882,40
20883,40
20884,50
20885,50
20886,50
20887,40
20888,40
20889,40
20890,40
20891,50
20892,50
20893,50
20894,40
20895,40
20896,40
20897,40
20898,50
20899,50
20900,50
20901,40
20902,40
20903,40
20904,40
20905,50
20906,50
20907,50
20908,40
20909,40
20910,40
20911,40
20912,50
20913,50
20914,50
20915,40
20916,40
20917,40
20918,40
20919,50
20920,50
20921,50
20922,40
20923,40
20924,40
20925,40
20926,50
20927,50
20928,50
20929,40
20930,40
20931,40
20932,40
20933,50
20934,50
20935,50
20936,40
20937,40
20938,40
20939,63
20940,69
20941,69
20942,69
20943,61
20944,61
20945,61
20946,63
20947,69
20948,69
20949,69
20950,61
20951,61
20952,61
20953,63
20954,69
20955,69
20956,69
20957,61
20958,61
20959,61
20960,63
20961,69
20962,69
20963,69
20964,61
20965,61
20966,61
20967,63
20968,69
20969,69
20970,40
20971,40
20972,40
20973,40
20974,50
20975,50
20976,50
20977,40
20978,40
20979,40
20980,40
20981,50
20982,50
20983,50
20984,40
20985,40
20986,40
20987,40
20988,50
20989,50
20990,50
20991,40
20992,40
20993,40
20994,40
20995,50
20996,50
20997,50
20998,40
20999,40
21000,40
21001,40
21002,50
21003,50
21004,50
21005,40
21006,40
21007,40
21008,40
21009,50
21010,50
21011,50
21012,40
21013,40
21014,40
21015,40
21016,50
21017,50
21018,50
21019,40
21020,40
21021,40
21022,40
21023,50
21024,50
21025,50
21026,40
21027,40
21028,40
21029,63
21030,69
21031,69
21032,69
21033,61
21034,61
21035,61
21036,63
21037,69
21038,69
21039,69
21040,61
21041,61
21042,61
21043,63
21044,69
21045,69
21046,69
21047,61
21048,61
21049,61
21050,63
21051,69
21052,69
21053,69
21054,61
21055,61
21056,61
21057,63
21058,69
21059,69
21060,40
21061,40
21062,40
21063,40
21064,50
21065,50
21066,50
21067,40
21068,40
21069,40
21070,40
21071,50
21072,50
21073,50
21074,40
21075,40
21076,40
21077,40
21078,50
21079,50
21080,50
21081,40
21082,40
21083,40
21084,40
21085,50
21086,50
21087,50
21088,40
21089,40
21090,40
21091,40
21092,50
21093,50
21094,50
21095,40
21096,40
21097,40
21098,40
21099,50
21100,50
21101,50
21102,40
21103,40
21104,40
21105,40
21106,50
21107,50
21108,50
21109,40
21110,40
21111,40
21112,40
21113,50
21114,50
21115,50
21116,40
21117,40
21118,40
21119,62
21120,69
21121,69
21122,69
21123,61
21124,61
21125,61
21126,62
21127,69
21128,69
21129,69
21130,61
21131,61
21132,61
21133,62
21134,69
21135,69
21136,69
21137,61
21138,61
21139,61
21140,62
21141,69
21142,69
21143,69
21144,61
21145,61
21146,61
21147,62
21148,69
21149,69
21150,40
21151,40
21152,40
21153,40
21154,50
21155,50
21156,50
21157,40
21158,40
21159,40
21160,40
21161,50
21162,50
21163,50
21164,40
21165,40
21166,40
21167,40
21168,50
21169,50
21170,50
21171,40
21172,40
21173,40
21174,40
21175,50
21176,50
21177,50
21178,40
21179,40
21180,40
21181,40
21182,50
21183,50
21184,50
21185,40
21186,40
21187,40
21188,40
21189,50
21190,50
21191,50
21192,40
21193,40
21194,40
21195,40
21196,50
21197,50
21198,50
21199,40
21200,40
21201,40
21202,40
21203,50
21204,50
21205,50
21206,40
21207,40
21208,40
21209,62
21210,69
21211,69
21212,69
21213,61
21214,61
21215,61
21216,62
21217,69
21218,69
21219,69
21220,61
21221,61
21222,61
21223,62
21224,69
21225,69
21226,69
21227,61
21228,61
21229,61
21230,62
21231,69
21232,69
21233,69
21234,61
21235,61
21236,61
21237,62
21238,69
21239,69
21240,40
21241,40
21242,40
21243,40
21244,50
21245,50
21246,50
21247,40
21248,40
21249,40
21250,40
21251,50
21252,50
21253,50
21254,40
21255,40
21256,40
21257,40
21258,50
21259,50
21260,50
21261,40
21262,40
21263,40
21264,40
21265,50
21266,50
21267,50
21268,40
21269,40
21270,40
21271,40
21272,50
21273,50
21274,50
21275,40
21276,40
21277,40
21278,40
21279,50
21280,50
21281,50
21282,40
21283,40
21284,40
21285,40
21286,50
21287,50
21288,50
21289,40
21290,40
21291,40
21292,40
21293,50
21294,50
21295,50
21296,40
21297,40
21298,40
21299,62
21300,69
21301,69
21302,69
21303,61
21304,61
21305,61
21306,62
21307,69
21308,69
21309,69
21310,61
21311,61
21312,61
21313,62
21314,69
21315,69
21316,69
21317,61
21318,61
21319,61
21320,62
21321,69
21322,69
21323,69
21324,61
21325,61
21326,61
21327,62
21328,69
21329,69
21330,40
21331,40
21332,40
21333,40
21334,50
21335,50
21336,50
21337,40
21338,40
21339,40
21340,40
21341,50
21342,50
21343,50
21344,40
21345,40
21346,40
21347,40
21348,50
21349,50
21350,50
21351,40
21352,40
21353,40
21354,40
21355,50
21356,50
21357,50
21358,40
21359,40
21360,40
21361,40
21362,50
21363,50
21364,50
21365,40
21366,40
21367,40
21368,40
21369,50
21370,50
21371,50
21372,40
21373,40
21374,40
21375,40
21376,50
21377,50
21378,50
21379,40
21380,40
21381,40
21382,40
21383,50
21384,50
21385,50
21386,40
21387,40
21388,40
21389,63
21390,70
21391,70
21392,70
21393,61
21394,61
21395,61
21396,63
21397,70
21398,70
21399,70
21400,61
21401,61
21402,61
21403,63
21404,70
21405,70
21406,70
21407,61
21408,61
21409,61
21410,63
21411,70
21412,70
21413,70
21414,61
21415,61
21416,61
21417,63
21418,70
21419,70
21420,40
21421,40
21422,40
21423,40
21424,50
21425,50
21426,50
21427,40
21428,40
21429,40
21430,40
21431,50
21432,50
21433,50
21434,40
21435,40
21436,40
21437,40
21438,50
21439,50
21440,50
21441,40
21442,40
21443,40
21444,40
21445,50
21446,50
21447,50
21448,40
21449,40
21450,40
21451,40
21452,50
21453,50
21454,50
21455,40
21456,40
21457,40
21458,40
21459,50
21460,50
21461,50
21462,40
21463,40
21464,40
21465,40
21466,50
21467,50
21468,50
21469,40
21470,40
21471,40
21472,40
21473,50
21474,50
21475,50
21476,40
21477,40
21478,40
21479,63
21480,70
21481,70
21482,70
21483,61
21484,61
21485,61
21486,63
21487,70
21488,70
21489,70
21490,61
21491,61
21492,61
21493,63
21494,70
21495,70
21496,70
21497,61
21498,61
21499,61
21500,63
21501,70
21502,70
21503,70
21504,61
21505,61
21506,61
21507,63
21508,70
21509,70
21510,40
21511,40
21512,40
21513,40
21514,50
21515,50
21516,50
21517,40
21518,40
21519,40
21520,40
21521,50
21522,50
21523,50
21524,40
21525,40
21526,40
21527,40
21528,50
21529,50
21530,50
21531,40
21532,40
21533,40
21534,40
21535,50
21536,50
21537,50
21538,40
21539,40
21540,40
21541,40
21542,50
21543,50
21544,50
21545,40
21546,40
21547,40
21548,40
21549,50
21550,50
21551,50
21552,40
21553,40
21554,40
21555,40
21556,50
21557,50
21558,50
21559,40
21560,40
21561,40
21562,40
21563,50
21564,50
21565,50
21566,40
21567,40
21568,40
21569,63
21570,70
21571,70
21572,70
21573,61
21574,61
21575,61
21576,63
21577,70
21578,70
21579,70
21580,61
21581,61
21582,61
21583,63
21584,70
21585,70
21586,70
21587,61
21588,61
21589,61
21590,63
21591,70
21592,70
21593,70
21594,61
21595,61
21596,61
21597,63
21598,70
21599,70
21600,40
21601,40
21602,40
21603,40
21604,51
21605,51
21606,51
21607,40
21608,40
21609,40
21610,40
21611,51
21612,51
21613,51
21614,40
21615,40
21616,40
21617,40
21618,51
21619,51
21620,51
21621,40
21622,40
21623,40
21624,40
21625,51
21626,51
21627,51
21628,40
21629,40
21630,40
21631,40
21632,51
21633,51
21634,51
21635,40
21636,40
21637,40
21638,40
21639,51
21640,51
21641,51
21642,40
21643,40
21644,40
21645,40
21646,51
21647,51
21648,51
21649,40
21650,40
21651,40
21652,40
21653,51
21654,51
21655,51
21656,40
21657,40
21658,40
21659,64
21660,72
21661,72
21662,72
21663,62
21664,62
21665,62
21666,64
21667,72
21668,72
21669,72
21670,62
21671,62
21672,62
21673,64
21674,72
21675,72
21676,72
21677,62
21678,62
21679,62
21680,64
21681,72
21682,72
21683,72
21684,62
21685,62
21686,62
21687,64
21688,72
21689,72
21690,40
21691,40
21692,40
21693,40
21694,51
21695,51
21696,51
21697,40
21698,40
21699,40
21700,40
21701,51
21702,51
21703,51
21704,40
21705,40
21706,40
21707,40
21708,51
21709,51
21710,51
21711,40
21712,40
21713,40
21714,40
21715,51
21716,51
21717,51
21718,40
21719,40
21720,40
21721,40
21722,51
21723,51
21724,51
21725,40
21726,40
21727,40
21728,40
21729,51
21730,51
21731,51
21732,40
21733,40
21734,40
21735,40
21736,51
21737,51
21738,51
21739,40
21740,40
21741,40
21742,40
21743,51
21744,51
21745,51
21746,40
21747,40
21748,40
21749,64
21750,72
21751,72
21752,72
21753,62
21754,62
21755,62
21756,64
21757,72
21758,72
21759,72
21760,62
21761,62
21762,62
21763,64
21764,72
21765,72
21766,72
21767,62
21768,62
21769,62
21770,64
21771,72
21772,72
21773,72
21774,62
21775,62
21776,62
21777,64
21778,72
21779,72
21780,40
21781,40
21782,40
21783,40
21784,51
21785,51
21786,51
21787,40
21788,40
21789,40
21790,40
21791,51
21792,51
21793,51
21794,40
21795,40
21796,40
21797,40
21798,51
21799,51
21800,51
21801,40
21802,40
21803,40
21804,40
21805,51
21806,51
21807,51
21808,40
21809,40
21810,40
21811,40
21812,51
21813,51
21814,51
21815,40
21816,40
21817,40
21818,40
21819,51
21820,51
21821,51
21822,40
21823,40
21824,40
21825,40
21826,51
21827,51
21828,51
21829,40
21830,40
21831,40
21832,40
21833,51
21834,51
21835,51
21836,40
21837,40
21838,40
21839,64
21840,72
21841,72
21842,72
21843,62
21844,62
21845,62
21846,64
21847,72
21848,72
21849,72
21850,62
21851,62
21852,62
21853,64
21854,72
21855,72
21856,72
21857,62
21858,62
21859,62
21860,64
21861,72
21862,72
21863,72
21864,62
21865,62
21866,62
21867,64
21868,72
21869,72
21870,40
21871,40
21872,40
21873,40
21874,51
21875,51
21876,51
21877,40
21878,40
21879,40
21880,40
21881,51
21882,51
21883,51
21884,40
21885,40
21886,40
21887,40
21888,51
21889,51
21890,51
21891,40
21892,40
21893,40
21894,40
21895,51
21896,51
21897,51
21898,40
21899,40
21900,40
21901,40
21902,51
21903,51
21904,51
21905,40
21906,40
21907,40
21908,40
21909,51
21910,51
21911,51
21912,40
21913,40
21914,40
21915,40
21916,51
21917,51
21918,51
21919,40
21920,40
21921,40
21922,40
21923,51
21924,51
21925,51
21926,40
21927,40
21928,40
21929,64
21930,72
21931,72
21932,72
21933,62
21934,62
21935,62
21936,64
21937,72
21938,72
21939,72
21940,62
21941,62
21942,62
21943,64
21944,72
21945,72
21946,72
21947,62
21948,62
21949,62
21950,64
21951,72
21952,72
21953,72
21954,62
21955,62
21956,62
21957,64
21958,72
21959,72
21960,40
21961,40
21962,40
21963,40
21964,51
21965,51
21966,51
21967,40
21968,40
21969,40
21970,40
21971,51
21972,51
21973,51
21974,40
21975,40
21976,40
21977,40
21978,51
21979,51
21980,51
21981,40
21982,40
21983,40
21984,40
21985,51
21986,51
21987,51
21988,40
21989,40
21990,40
21991,40
21992,51
21993,51
21994,51
21995,40
21996,40
21997,40
21998,40
21999,51
22000,51
22001,51
22002,40
22003,40
22004,40
22005,40
22006,51
22007,51
22008,51
22009,40
22010,40
22011,40
22012,40
22013,51
22014,51
22015,51
22016,40
22017,40
22018,40
22019,64
22020,71
22021,71
22022,71
22023,62
22024,62
22025,62
22026,64
22027,71
22028,71
22029,71
22030,62
22031,62
22032,62
22033,64
22034,71
22035,71
22036,71
22037,62
22038,62
22039,62
22040,64
22041,71
22042,71
22043,71
22044,62
22045,62
22046,62
22047,64
22048,71
22049,71
22050,40
22051,40
22052,40
22053,40
22054,51
22055,51
22056,51
22057,40
22058,40
22059,40
22060,40
22061,51
22062,51
22063,51
22064,40
22065,40
22066,40
22067,40
22068,51
22069,51
22070,51
22071,40
22072,40
22073,40
22074,40
22075,51
22076,51
22077,51
22078,40
22079,40
22080,40
22081,40
22082,51
22083,51
22084,51
22085,40
22086,40
22087,40
22088,40
22089,51
22090,51
22091,51
22092,40
22093,40
22094,40
22095,40
22096,51
22097,51
22098,51
22099,40
22100,40
22101,40
22102,40
22103,51
22104,51
22105,51
22106,40
22107,40
22108,40
22109,64
22110,71
22111,71
22112,71
22113,62
22114,62
22115,62
22116,64
22117,71
22118,71
22119,71
22120,62
22121,62
22122,62
22123,64
22124,71
22125,71
22126,71
22127,62
22128,62
22129,62
22130,64
22131,71
22132,71
22133,71
22134,62
22135,62
22136,62
22137,64
22138,71
22139,71
22140,40
22141,40
22142,40
22143,40
22144,51
22145,51
22146,51
22147,40
22148,40
22149,40
22150,40
22151,51
22152,51
22153,51
22154,40
22155,40
22156,40
22157,40
22158,51
22159,51
22160,51
22161,40
22162,40
22163,40
22164,40
22165,51
22166,51
22167,51
22168,40
22169,40
22170,40
22171,40
22172,51
22173,51
22174,51
22175,40
22176,40
22177,40
22178,40
22179,51
22180,51
22181,51
22182,40
22183,40
22184,40
22185,40
22186,51
22187,51
22188,51
22189,40
22190,40
22191,40
22192,40
22193,51
22194,51
22195,51
22196,40
22197,40
22198,40
22199,64
22200,71
22201,71
22202,71
22203,62
22204,62
22205,62
22206,64
22207,71
22208,71
22209,71
22210,62
22211,62
22212,62
22213,64
22214,71
22215,71
22216,71
22217,62
22218,62
22219,62
22220,64
22221,71
22222,71
22223,71
22224,62
22225,62
22226,62
22227,64
22228,71
22229,71
22230,40
22231,40
22232,40
22233,40
22234,51
22235,51
22236,51
22237,40
22238,40
22239,40
22240,40
22241,51
22242,51
22243,51
22244,40
22245,40
22246,40
22247,40
22248,51
22249,51
22250,51
22251,40
22252,40
22253,40
22254,40
22255,51
22256,51
22257,51
22258,40
22259,40
22260,40
22261,40
22262,51
22263,51
22264,51
22265,40
22266,40
22267,40
22268,40
22269,51
22270,51
22271,51
22272,40
22273,40
22274,40
22275,40
22276,51
22277,51
22278,51
22279,40
22280,40
22281,40
22282,40
22283,51
22284,51
22285,51
22286,40
22287,40
22288,40
22289,64
22290,72
22291,72
22292,72
22293,62
22294,62
22295,62
22296,64
22297,72
22298,72
22299,72
22300,62
22301,62
22302,62
22303,64
22304,72
22305,72
22306,72
22307,62
22308,62
22309,62
22310,64
22311,72
22312,72
22313,72
22314,62
22315,62
22316,62
22317,64
22318,72
22319,72
22320,40
22321,40
22322,40
22323,40
22324,51
22325,51
22326,51
22327,40
22328,40
22329,40
22330,40
22331,51
22332,51
22333,51
22334,40
22335,40
22336,40
22337,40
22338,51
22339,51
22340,51
22341,40
22342,40
22343,40
22344,40
22345,51
22346,51
22347,51
22348,40
22349,40
22350,40
22351,40
22352,51
22353,51
22354,51
22355,40
22356,40
22357,40
22358,40
22359,51
22360,51
22361,51
22362,40
22363,40
22364,40
22365,40
22366,51
22367,51
22368,51
22369,40
22370,40
22371,40
22372,40
22373,51
22374,51
22375,51
22376,40
22377,40
22378,40
22379,64
22380,72
22381,72
22382,72
22383,62
22384,62
22385,62
22386,64
22387,72
22388,72
22389,72
22390,62
22391,62
22392,62
22393,64
22394,72
22395,72
22396,72
22397,62
22398,62
22399,62
22400,64
22401,72
22402,72
22403,72
22404,62
22405,62
22406,62
22407,64
22408,72
22409,72
22410,40
22411,40
22412,40
22413,40
22414,51
22415,51
22416,51
22417,40
22418,40
22419,40
22420,40
22421,51
22422,51
22423,51
22424,40
22425,40
22426,40
22427,40
22428,51
22429,51
22430,51
22431,40
22432,40
22433,40
22434,40
22435,51
22436,51
22437,51
22438,40
22439,40
22440,40
22441,40
22442,51
22443,51
22444,51
22445,40
22446,40
22447,40
22448,40
22449,51
22450,51
22451,51
22452,40
22453,40
22454,40
22455,40
22456,51
22457,51
22458,51
22459,40
22460,40
22461,40
22462,40
22463,51
22464,51
22465,51
22466,40
22467,40
22468,40
22469,64
22470,72
22471,72
22472,72
22473,62
22474,62
22475,62
22476,64
22477,72
22478,72
22479,72
22480,62
22481,62
22482,62
22483,64
22484,72
22485,72
22486,72
22487,62
22488,62
22489,62
22490,64
22491,72
22492,72
22493,72
22494,62
22495,62
22496,62
22497,64
22498,72
22499,72
22500,37
22501,37
22502,37
22503,37
22504,44
22505,44
22506,44
22507,37
22508,37
22509,37
22510,37
22511,44
22512,44
22513,44
22514,37
22515,37
22516,37
22517,37
22518,44
22519,44
22520,44
22521,37
22522,37
22523,37
22524,37
22525,44
22526,44
22527,44
22528,37
22529,37
22530,37
22531,37
22532,44
22533,44
22534,44
22535,37
22536,37
22537,37
22538,37
22539,44
22540,44
22541,44
22542,37
22543,37
22544,37
22545,37
22546,44
22547,44
22548,44
22549,37
22550,37
22551,37
22552,37
22553,44
22554,44
22555,44
22556,37
22557,37
22558,37
22559,48
22560,53
22561,53
22562,53
22563,48
22564,48
22565,48
22566,48
22567,53
22568,53
22569,53
22570,48
22571,48
22572,48
22573,48
22574,53
22575,53
22576,53
22577,48
22578,48
22579,48
22580,48
22581,53
22582,53
22583,53
22584,48
22585,48
22586,48
22587,48
22588,53
22589,53
22590,37
22591,37
22592,37
22593,37
22594,44
22595,44
22596,44
22597,37
22598,37
22599,37
22600,37
22601,44
22602,44
22603,44
22604,37
22605,37
22606,37
22607,37
22608,44
22609,44
22610,44
22611,37
22612,37
22613,37
22614,37
22615,44
22616,44
22617,44
22618,37
22619,37
22620,37
22621,37
22622,44
22623,44
22624,44
22625,37
22626,37
22627,37
22628,37
22629,44
22630,44
22631,44
22632,37
22633,37
22634,37
22635,37
22636,44
22637,44
22638,44
22639,37
22640,37
22641,37
22642,37
22643,44
22644,44
22645,44
22646,37
22647,37
22648,37
22649,48
22650,53
22651,53
22652,53
22653,48
22654,48
22655,48
22656,48
22657,53
22658,53
22659,53
22660,48
22661,48
22662,48
22663,48
22664,53
22665,53
22666,53
22667,48
22668,48
22669,48
22670,48
22671,53
22672,53
22673,53
22674,48
22675,48
22676,48
22677,48
22678,53
22679,53
22680,37
22681,37
22682,37
22683,37
22684,44
22685,44
22686,44
22687,37
22688,37
22689,37
22690,37
22691,44
22692,44
22693,44
22694,37
22695,37
22696,37
22697,37
22698,44
22699,44
22700,44
22701,37
22702,37
22703,37
22704,37
22705,44
22706,44
22707,44
22708,37
22709,37
22710,37
22711,37
22712,44
22713,44
22714,44
22715,37
22716,37
22717,37
22718,37
22719,44
22720,44
22721,44
22722,37
22723,37
22724,37
22725,37
22726,44
22727,44
22728,44
22729,37
22730,37
22731,37
22732,37
22733,44
22734,44
22735,44
22736,37
22737,37
22738,37
22739,48
22740,53
22741,53
22742,53
22743,48
22744,48
22745,48
22746,48
22747,53
22748,53
22749,53
22750,48
22751,48
22752,48
22753,48
22754,53
22755,53
22756,53
22757,48
22758,48
22759,48
22760,48
22761,53
22762,53
22763,53
22764,48
22765,48
22766,48
22767,48
22768,53
22769,53
22770,37
22771,37
22772,37
22773,37
22774,44
22775,44
22776,44
22777,37
22778,37
22779,37
22780,37
22781,44
22782,44
22783,44
22784,37
22785,37
22786,37
22787,37
22788,44
22789,44
22790,44
22791,37
22792,37
22793,37
22794,37
22795,44
22796,44
22797,44
22798,37
22799,37
22800,37
22801,37
22802,44
22803,44
22804,44
22805,37
22806,37
22807,37
22808,37
22809,44
22810,44
22811,44
22812,37
22813,37
22814,37
22815,37
22816,44
22817,44
22818,44
22819,37
22820,37
22821,37
22822,37
22823,44
22824,44
22825,44
22826,37
22827,37
22828,37
22829,48
22830,53
22831,53
22832,53
22833,48
22834,48
22835,48
22836,48
22837,53
22838,53
22839,53
22840,48
22841,48
22842,48
22843,48
22844,53
22845,53
22846,53
22847,48
22848,48
22849,48
22850,48
22851,53
22852,53
22853,53
22854,48
22855,48
22856,48
22857,48
22858,53
22859,53
22860,37
22861,37
22862,37
22863,37
22864,44
22865,44
22866,44
22867,37
22868,37
22869,37
22870,37
22871,44
22872,44
22873,44
22874,37
22875,37
22876,37
22877,37
22878,44
22879,44
22880,44
22881,37
22882,37
22883,37
22884,37
22885,44
22886,44
22887,44
22888,37
22889,37
22890,37
22891,37
22892,44
22893,44
22894,44
22895,37
22896,37
22897,37
22898,37
22899,44
22900,44
22901,44
22902,37
22903,37
22904,37
22905,37
22906,44
22907,44
22908,44
22909,37
22910,37
22911,37
22912,37
22913,44
22914,44
22915,44
22916,37
22917,37
22918,37
22919,48
22920,53
22921,53
22922,53
22923,48
22924,48
22925,48
22926,48
22927,53
22928,53
22929,53
22930,48
22931,48
22932,48
22933,48
22934,53
22935,53
22936,53
22937,48
22938,48
22939,48
22940,48
22941,53
22942,53
22943,53
22944,48
22945,48
22946,48
22947,48
22948,53
22949,53
22950,37
22951,37
22952,37
22953,37
22954,44
22955,44
22956,44
22957,37
22958,37
22959,37
22960,37
22961,44
22962,44
22963,44
22964,37
22965,37
22966,37
22967,37
22968,44
22969,44
22970,44
22971,37
22972,37
22973,37
22974,37
22975,44
22976,44
22977,44
22978,37
22979,37
22980,37
22981,37
22982,44
22983,44
22984,44
22985,37
22986,37
22987,37
22988,37
22989,44
22990,44
22991,44
22992,37
22993,37
22994,37
22995,37
22996,44
22997,44
22998,44
22999,37
23000,37
23001,37
23002,37
23003,44
23004,44
23005,44
23006,37
23007,37
23008,37
23009,48
23010,53
23011,53
23012,53
23013,48
23014,48
23015,48
23016,48
23017,53
23018,53
23019,53
23020,48
23021,48
23022,48
23023,48
23024,53
23025,53
23026,53
23027,48
23028,48
23029,48
23030,48
23031,53
23032,53
23033,53
23034,48
23035,48
23036,48
23037,48
23038,53
23039,53
23040,37
23041,37
23042,37
23043,37
23044,44
23045,44
23046,44
23047,37
23048,37
23049,37
23050,37
23051,44
23052,44
23053,44
23054,37
23055,37
23056,37
23057,37
23058,44
23059,44
23060,44
23061,37
23062,37
23063,37
23064,37
23065,44
23066,44
23067,44
23068,37
23069,37
23070,37
23071,37
23072,44
23073,44
23074,44
23075,37
23076,37
23077,37
23078,37
23079,44
23080,44
23081,44
23082,37
23083,37
23084,37
23085,37
23086,44
23087,44
23088,44
23089,37
23090,37
23091,37
23092,37
23093,44
23094,44
23095,44
23096,37
23097,37
23098,37
23099,48
23100,53
23101,53
23102,53
23103,48
23104,48
23105,48
23106,48
23107,53
23108,53
23109,53
23110,48
23111,48
23112,48
23113,48
23114,53
23115,53
23116,53
23117,48
23118,48
23119,48
23120,48
23121,53
23122,53
23123,53
23124,48
23125,48
23126,48
23127,48
23128,53
23129,53
23130,37
23131,37
23132,37
23133,37
23134,44
23135,44
23136,44
23137,37
23138,37
23139,37
23140,37
23141,44
23142,44
23143,44
23144,37
23145,37
23146,37
23147,37
23148,44
23149,44
23150,44
23151,37
23152,37
23153,37
23154,37
23155,44
23156,44
23157,44
23158,37
23159,37
23160,37
23161,37
23162,44
23163,44
23164,44
23165,37
23166,37
23167,37
23168,37
23169,44
23170,44
23171,44
23172,37
23173,37
23174,37
23175,37
23176,44
23177,44
23178,44
23179,37
23180,37
23181,37
23182,37
23183,44
23184,44
23185,44
23186,37
23187,37
23188,37
23189,49
23190,53
23191,53
23192,53
23193,48
23194,48
23195,48
23196,49
23197,53
23198,53
23199,53
23200,48
23201,48
23202,48
23203,49
23204,53
23205,53
23206,53
23207,48
23208,48
23209,48
23210,49
23211,53
23212,53
23213,53
23214,48
23215,48
23216,48
23217,49
23218,53
23219,53
23220,37
23221,37
23222,37
23223,37
23224,44
23225,44
23226,44
23227,37
23228,37
23229,37
23230,37
23231,44
23232,44
23233,44
23234,37
23235,37
23236,37
23237,37
23238,44
23239,44
23240,44
23241,37
23242,37
23243,37
23244,37
23245,44
23246,44
23247,44
23248,37
23249,37
23250,37
23251,37
23252,44
23253,44
23254,44
23255,37
23256,37
23257,37
23258,37
23259,44
23260,44
23261,44
23262,37
23263,37
23264,37
23265,37
23266,44
23267,44
23268,44
23269,37
23270,37
23271,37
23272,37
23273,44
23274,44
23275,44
23276,37
23277,37
23278,37
23279,49
23280,53
23281,53
23282,53
23283,48
23284,48
23285,48
23286,49
23287,53
23288,53
23289,53
23290,48
23291,48
23292,48
23293,49
23294,53
23295,53
23296,53
23297,48
23298,48
23299,48
23300,49
23301,53
23302,53
23303,53
23304,48
23305,48
23306,48
23307,49
23308,53
23309,53
23310,37
23311,37
23312,37
23313,37
23314,44
23315,44
23316,44
23317,37
23318,37
23319,37
23320,37
23321,44
23322,44
23323,44
23324,37
23325,37
23326,37
23327,37
23328,44
23329,44
23330,44
23331,37
23332,37
23333,37
23334,37
23335,44
23336,44
23337,44
23338,37
23339,37
23340,37
23341,37
23342,44
23343,44
23344,44
23345,37
23346,37
23347,37
23348,37
23349,44
23350,44
23351,44
23352,37
23353,37
23354,37
23355,37
23356,44
23357,44
23358,44
23359,37
23360,37
23361,37
23362,37
23363,44
23364,44
23365,44
23366,37
23367,37
23368,37
23369,49
23370,53
23371,53
23372,53
23373,48
23374,48
23375,48
23376,49
23377,53
23378,53
23379,53
23380,48
23381,48
23382,48
23383,49
23384,53
23385,53
23386,53
23387,48
23388,48
23389,48
23390,49
23391,53
23392,53
23393,53
23394,48
23395,48
23396,48
23397,49
23398,53
23399,53
23400,37
23401,37
23402,37
23403,37
23404,44
23405,44
23406,44
23407,37
23408,37
23409,37
23410,37
23411,44
23412,44
23413,44
23414,37
23415,37
23416,37
23417,37
23418,44
23419,44
23420,44
23421,37
23422,37
23423,37
23424,37
23425,44
23426,44
23427,44
23428,37
23429,37
23430,37
23431,37
23432,44
23433,44
23434,44
23435,37
23436,37
23437,37
23438,37
23439,44
23440,44
23441,44
23442,37
23443,37
23444,37
23445,37
23446,44
23447,44
23448,44
23449,37
23450,37
23451,37
23452,37
23453,44
23454,44
23455,44
23456,37
23457,37
23458,37
23459,46
23460,51
23461,51
23462,51
23463,47
23464,47
23465,47
23466,46
23467,51
23468,51
23469,51
23470,47
23471,47
23472,47
23473,46
23474,51
23475,51
23476,51
23477,47
23478,47
23479,47
23480,46
23481,51
23482,51
23483,51
23484,47
23485,47
23486,47
23487,46
23488,51
23489,51
23490,37
23491,37
23492,37
23493,37
23494,44
23495,44
23496,44
23497,37
23498,37
23499,37
23500,37
23501,44
23502,44
23503,44
23504,37
23505,37
23506,37
23507,37
23508,44
23509,44
23510,44
23511,37
23512,37
23513,37
23514,37
23515,44
23516,44
23517,44
23518,37
23519,37
23520,37
23521,37
23522,44
23523,44
23524,44
23525,37
23526,37
23527,37
23528,37
23529,44
23530,44
23531,44
23532,37
23533,37
23534,37
23535,37
23536,44
23537,44
23538,44
23539,37
23540,37
23541,37
23542,37
23543,44
23544,44
23545,44
23546,37
23547,37
23548,37
23549,46
23550,51
23551,51
23552,51
23553,47
23554,47
23555,47
23556,46
23557,51
23558,51
23559,51
23560,47
23561,47
23562,47
23563,46
23564,51
23565,51
23566,51
23567,47
23568,47
23569,47
23570,46
23571,51
23572,51
23573,51
23574,47
23575,47
23576,47
23577,46
23578,51
23579,51
23580,37
23581,37
23582,37
23583,37
23584,44
23585,44
23586,44
23587,37
23588,37
23589,37
23590,37
23591,44
23592,44
23593,44
23594,37
23595,37
23596,37
23597,37
23598,44
23599,44
23600,44
23601,37
23602,37
23603,37
23604,37
23605,44
23606,44
23607,44
23608,37
23609,37
23610,37
23611,37
23612,44
23613,44
23614,44
23615,37
23616,37
23617,37
23618,37
23619,44
23620,44
23621,44
23622,37
23623,37
23624,37
23625,37
23626,44
23627,44
23628,44
23629,37
23630,37
23631,37
23632,37
23633,44
23634,44
23635,44
23636,37
23637,37
23638,37
23639,46
23640,51
23641,51
23642,51
23643,47
23644,47
23645,47
23646,46
23647,51
23648,51
23649,51
23650,47
23651,47
23652,47
23653,46
23654,51
23655,51
23656,51
23657,47
23658,47
23659,47
23660,46
23661,51
23662,51
23663,51
23664,47
23665,47
23666,47
23667,46
23668,51
23669,51
23670,37
23671,37
23672,37
23673,37
23674,44
23675,44
23676,44
23677,37
23678,37
23679,37
23680,37
23681,44
23682,44
23683,44
23684,37
23685,37
23686,37
23687,37
23688,44
23689,44
23690,44
23691,37
23692,37
23693,37
23694,37
23695,44
23696,44
23697,44
23698,37
23699,37
23700,37
23701,37
23702,44
23703,44
23704,44
23705,37
23706,37
23707,37
23708,37
23709,44
23710,44
23711,44
23712,37
23713,37
23714,37
23715,37
23716,44
23717,44
23718,44
23719,37
23720,37
23721,37
23722,37
23723,44
23724,44
23725,44
23726,37
23727,37
23728,37
23729,46
23730,51
23731,51
23732,51
23733,47
23734,47
23735,47
23736,46
23737,51
23738,51
23739,51
23740,47
23741,47
23742,47
23743,46
23744,51
23745,51
23746,51
23747,47
23748,47
23749,47
23750,46
23751,51
23752,51
23753,51
23754,47
23755,47
23756,47
23757,46
23758,51
23759,51
23760,37
23761,37
23762,37
23763,37
23764,44
23765,44
23766,44
23767,37
23768,37
23769,37
23770,37
23771,44
23772,44
23773,44
23774,37
23775,37
23776,37
23777,37
23778,44
23779,44
23780,44
23781,37
23782,37
23783,37
23784,37
23785,44
23786,44
23787,44
23788,37
23789,37
23790,37
23791,37
23792,44
23793,44
23794,44
23795,37
23796,37
23797,37
23798,37
23799,44
23800,44
23801,44
23802,37
23803,37
23804,37
23805,37
23806,44
23807,44
23808,44
23809,37
23810,37
23811,37
23812,37
23813,44
23814,44
23815,44
23816,37
23817,37
23818,37
23819,46
23820,51
23821,51
23822,51
23823,47
23824,47
23825,47
23826,46
23827,51
23828,51
23829,51
23830,47
23831,47
23832,47
23833,46
23834,51
23835,51
23836,51
23837,47
23838,47
23839,47
23840,46
23841,51
23842,51
23843,51
23844,47
23845,47
23846,47
23847,46
23848,51
23849,51
23850,37
23851,37
23852,37
23853,37
23854,44
23855,44
23856,44
23857,37
23858,37
23859,37
23860,37
23861,44
23862,44
23863,44
23864,37
23865,37
23866,37
23867,37
23868,44
23869,44
23870,44
23871,37
23872,37
23873,37
23874,37
23875,44
23876,44
23877,44
23878,37
23879,37
23880,37
23881,37
23882,44
23883,44
23884,44
23885,37
23886,37
23887,37
23888,37
23889,44
23890,44
23891,44
23892,37
23893,37
23894,37
23895,37
23896,44
23897,44
23898,44
23899,37
23900,37
23901,37
23902,37
23903,44
23904,44
23905,44
23906,37
23907,37
23908,37
23909,46
23910,51
23911,51
23912,51
23913,47
23914,47
23915,47
23916,46
23917,51
23918,51
23919,51
23920,47
23921,47
23922,47
23923,46
23924,51
23925,51
23926,51
23927,47
23928,47
23929,47
23930,46
23931,51
23932,51
23933,51
23934,47
23935,47
23936,47
23937,46
23938,51
23939,51
23940,37
23941,37
23942,37
23943,37
23944,44
23945,44
23946,44
23947,37
23948,37
23949,37
23950,37
23951,44
23952,44
23953,44
23954,37
23955,37
23956,37
23957,37
23958,44
23959,44
23960,44
23961,37
23962,37
23963,37
23964,37
23965,44
23966,44
23967,44
23968,37
23969,37
23970,37
23971,37
23972,44
23973,44
23974,44
23975,37
23976,37
23977,37
23978,37
23979,44
23980,44
23981,44
23982,37
23983,37
23984,37
23985,37
23986,44
23987,44
23988,44
23989,37
23990,37
23991,37
23992,37
23993,44
23994,44
23995,44
23996,37
23997,37
23998,37
23999,46
24000,51
24001,51
24002,51
24003,47
24004,47
24005,47
24006,46
24007,51
24008,51
24009,51
24010,47
24011,47
24012,47
24013,46
24014,51
24015,51
24016,51
24017,47
24018,47
24019,47
24020,46
24021,51
24022,51
24023,51
24024,47
24025,47
24026,47
24027,46
24028,51
24029,51
24030,37
24031,37
24032,37
24033,37
24034,44
24035,44
24036,44
24037,37
24038,37
24039,37
24040,37
24041,44
24042,44
24043,44
24044,37
24045,37
24046,37
24047,37
24048,44
24049,44
24050,44
24051,37
24052,37
24053,37
24054,37
24055,44
24056,44
24057,44
24058,37
24059,37
24060,37
24061,37
24062,44
24063,44
24064,44
24065,37
24066,37
24067,37
24068,37
24069,44
24070,44
24071,44
24072,37
24073,37
24074,37
24075,37
24076,44
24077,44
24078,44
24079,37
24080,37
24081,37
24082,37
24083,44
24084,44
24085,44
24086,37
24087,37
24088,37
24089,46
24090,51
24091,51
24092,51
24093,47
24094,47
24095,47
24096,46
24097,51
24098,51
24099,51
24100,47
24101,47
24102,47
24103,46
24104,51
24105,51
24106,51
24107,47
24108,47
24109,47
24110,46
24111,51
24112,51
24113,51
24114,47
24115,47
24116,47
24117,46
24118,51
24119,51
24120,37
24121,37
24122,37
24123,37
24124,44
24125,44
24126,44
24127,37
24128,37
24129,37
24130,37
24131,44
24132,44
24133,44
24134,37
24135,37
24136,37
24137,37
24138,44
24139,44
24140,44
24141,37
24142,37
24143,37
24144,37
24145,44
24146,44
24147,44
24148,37
24149,37
24150,37
24151,37
24152,44
24153,44
24154,44
24155,37
24156,37
24157,37
24158,37
24159,44
24160,44
24161,44
24162,37
24163,37
24164,37
24165,37
24166,44
24167,44
24168,44
24169,37
24170,37
24171,37
24172,37
24173,44
24174,44
24175,44
24176,37
24177,37
24178,37
24179,46
24180,51
24181,51
24182,51
24183,47
24184,47
24185,47
24186,46
24187,51
24188,51
24189,51
24190,47
24191,47
24192,47
24193,46
24194,51
24195,51
24196,51
24197,47
24198,47
24199,47
24200,46
24201,51
24202,51
24203,51
24204,47
24205,47
24206,47
24207,46
24208,51
24209,51
24210,37
24211,37
24212,37
24213,37
24214,44
24215,44
24216,44
24217,37
24218,37
24219,37
24220,37
24221,44
24222,44
24223,44
24224,37
24225,37
24226,37
24227,37
24228,44
24229,44
24230,44
24231,37
24232,37
24233,37
24234,37
24235,44
24236,44
24237,44
24238,37
24239,37
24240,37
24241,37
24242,44
24243,44
24244,44
24245,37
24246,37
24247,37
24248,37
24249,44
24250,44
24251,44
24252,37
24253,37
24254,37
24255,37
24256,44
24257,44
24258,44
24259,37
24260,37
24261,37
24262,37
24263,44
24264,44
24265,44
24266,37
24267,37
24268,37
24269,46
24270,51
24271,51
24272,51
24273,47
24274,47
24275,47
24276,46
24277,51
24278,51
24279,51
24280,47
24281,47
24282,47
24283,46
24284,51
24285,51
24286,51
24287,47
24288,47
24289,47
24290,46
24291,51
24292,51
24293,51
24294,47
24295,47
24296,47
24297,46
24298,51
24299,51
24300,38
24301,38
24302,38
24303,38
24304,47
24305,47
24306,47
24307,38
24308,38
24309,38
24310,38
24311,47
24312,47
24313,47
24314,38
24315,38
24316,38
24317,38
24318,47
24319,47
24320,47
24321,38
24322,38
24323,38
24324,38
24325,47
24326,47
24327,47
24328,38
24329,38
24330,38
24331,38
24332,47
24333,47
24334,47
24335,38
24336,38
24337,38
24338,38
24339,47
24340,47
24341,47
24342,38
24343,38
24344,38
24345,38
24346,47
24347,47
24348,47
24349,38
24350,38
24351,38
24352,38
24353,47
24354,47
24355,47
24356,38
24357,38
24358,38
24359,53
24360,57
24361,57
24362,57
24363,51
24364,51
24365,51
24366,53
24367,57
24368,57
24369,57
24370,51
24371,51
24372,51
24373,53
24374,57
24375,57
24376,57
24377,51
24378,51
24379,51
24380,53
24381,57
24382,57
24383,57
24384,51
24385,51
24386,51
24387,53
24388,57
24389,57
24390,38
24391,38
24392,38
24393,38
24394,47
24395,47
24396,47
24397,38
24398,38
24399,38
24400,38
24401,47
24402,47
24403,47
24404,38
24405,38
24406,38
24407,38
24408,47
24409,47
24410,47
24411,38
24412,38
24413,38
24414,38
24415,47
24416,47
24417,47
24418,38
24419,38
24420,38
24421,38
24422,47
24423,47
24424,47
24425,38
24426,38
24427,38
24428,38
24429,47
24430,47
24431,47
24432,38
24433,38
24434,38
24435,38
24436,47
24437,47
24438,47
24439,38
24440,38
24441,38
24442,38
24443,47
24444,47
24445,47
24446,38
24447,38
24448,38
24449,53
24450,57
24451,57
24452,57
24453,51
24454,51
24455,51
24456,53
24457,57
24458,57
24459,57
24460,51
24461,51
24462,51
24463,53
24464,57
24465,57
24466,57
24467,51
24468,51
24469,51
24470,53
24471,57
24472,57
24473,57
24474,51
24475,51
24476,51
24477,53
24478,57
24479,57
24480,38
24481,38
24482,38
24483,38
24484,47
24485,47
24486,47
24487,38
24488,38
24489,38
24490,38
24491,47
24492,47
24493,47
24494,38
24495,38
24496,38
24497,38
24498,47
24499,47
24500,47
24501,38
24502,38
24503,38
24504,38
24505,47
24506,47
24507,47
24508,38
24509,38
24510,38
24511,38
24512,47
24513,47
24514,47
24515,38
24516,38
24517,38
24518,38
24519,47
24520,47
24521,47
24522,38
24523,38
24524,38
24525,38
24526,47
24527,47
24528,47
24529,38
24530,38
24531,38
24532,38
24533,47
24534,47
24535,47
24536,38
24537,38
24538,38
24539,53
24540,57
24541,57
24542,57
24543,51
24544,51
24545,51
24546,53
24547,57
24548,57
24549,57
24550,51
24551,51
24552,51
24553,53
24554,57
24555,57
24556,57
24557,51
24558,51
24559,51
24560,53
24561,57
24562,57
24563,57
24564,51
24565,51
24566,51
24567,53
24568,57
24569,57
24570,38
24571,38
24572,38
24573,38
24574,47
24575,47
24576,47
24577,38
24578,38
24579,38
24580,38
24581,47
24582,47
24583,47
24584,38
24585,38
24586,38
24587,38
24588,47
24589,47
24590,47
24591,38
24592,38
24593,38
24594,38
24595,47
24596,47
24597,47
24598,38
24599,38
24600,38
24601,38
24602,47
24603,47
24604,47
24605,38
24606,38
24607,38
24608,38
24609,47
24610,47
24611,47
24612,38
24613,38
24614,38
24615,38
24616,47
24617,47
24618,47
24619,38
24620,38
24621,38
24622,38
24623,47
24624,47
24625,47
24626,38
24627,38
24628,38
24629,53
24630,57
24631,57
24632,57
24633,51
24634,51
24635,51
24636,53
24637,57
24638,57
24639,57
24640,51
24641,51
24642,51
24643,53
24644,57
24645,57
24646,57
24647,51
24648,51
24649,51
24650,53
24651,57
24652,57
24653,57
24654,51
24655,51
24656,51
24657,53
24658,57
24659,57
24660,38
24661,38
24662,38
24663,38
24664,47
24665,47
24666,47
24667,38
24668,38
24669,38
24670,38
24671,47
24672,47
24673,47
24674,38
24675,38
24676,38
24677,38
24678,47
24679,47
24680,47
24681,38
24682,38
24683,38
24684,38
24685,47
24686,47
24687,47
24688,38
24689,38
24690,38
24691,38
24692,47
24693,47
24694,47
24695,38
24696,38
24697,38
24698,38
24699,47
24700,47
24701,47
24702,38
24703,38
24704,38
24705,38
24706,47
24707,47
24708,47
24709,38
24710,38
24711,38
24712,38
24713,47
24714,47
24715,47
24716,38
24717,38
24718,38
24719,53
24720,57
24721,57
24722,57
24723,51
24724,51
24725,51
24726,53
24727,57
24728,57
24729,57
24730,51
24731,51
24732,51
24733,53
24734,57
24735,57
24736,57
24737,51
24738,51
24739,51
24740,53
24741,57
24742,57
24743,57
24744,51
24745,51
24746,51
24747,53
24748,57
24749,57
24750,38
24751,38
24752,38
24753,38
24754,47
24755,47
24756,47
24757,38
24758,38
24759,38
24760,38
24761,47
24762,47
24763,47
24764,38
24765,38
24766,38
24767,38
24768,47
24769,47
24770,47
24771,38
24772,38
24773,38
24774,38
24775,47
24776,47
24777,47
24778,38
24779,38
24780,38
24781,38
24782,47
24783,47
24784,47
24785,38
24786,38
24787,38
24788,38
24789,47
24790,47
24791,47
24792,38
24793,38
24794,38
24795,38
24796,47
24797,47
24798,47
24799,38
24800,38
24801,38
24802,38
24803,47
24804,47
24805,47
24806,38
24807,38
24808,38
24809,53
24810,57
24811,57
24812,57
24813,51
24814,51
24815,51
24816,53
24817,57
24818,57
24819,57
24820,51
24821,51
24822,51
24823,53
24824,57
24825,57
24826,57
24827,51
24828,51
24829,51
24830,53
24831,57
24832,57
24833,57
24834,51
24835,51
24836,51
24837,53
24838,57
24839,57
24840,38
24841,38
24842,38
24843,38
24844,47
24845,47
24846,47
24847,38
24848,38
24849,38
24850,38
24851,47
24852,47
24853,47
24854,38
24855,38
24856,38
24857,38
24858,47
24859,47
24860,47
24861,38
24862,38
24863,38
24864,38
24865,47
24866,47
24867,47
24868,38
24869,38
24870,38
24871,38
24872,47
24873,47
24874,47
24875,38
24876,38
24877,38
24878,38
24879,47
24880,47
24881,47
24882,38
24883,38
24884,38
24885,38
24886,47
24887,47
24888,47
24889,38
24890,38
24891,38
24892,38
24893,47
24894,47
24895,47
24896,38
24897,38
24898,38
24899,53
24900,57
24901,57
24902,57
24903,51
24904,51
24905,51
24906,53
24907,57
24908,57
24909,57
24910,51
24911,51
24912,51
24913,53
24914,57
24915,57
24916,57
24917,51
24918,51
24919,51
24920,53
24921,57
24922,57
24923,57
24924,51
24925,51
24926,51
24927,53
24928,57
24929,57
24930,38
24931,38
24932,38
24933,38
24934,47
24935,47
24936,47
24937,38
24938,38
24939,38
24940,38
24941,47
24942,47
24943,47
24944,38
24945,38
24946,38
24947,38
24948,47
24949,47
24950,47
24951,38
24952,38
24953,38
24954,38
24955,47
24956,47
24957,47
24958,38
24959,38
24960,38
24961,38
24962,47
24963,47
24964,47
24965,38
24966,38
24967,38
24968,38
24969,47
24970,47
24971,47
24972,38
24973,38
24974,38
24975,38
24976,47
24977,47
24978,47
24979,38
24980,38
24981,38
24982,38
24983,47
24984,47
24985,47
24986,38
24987,38
24988,38
24989,53
24990,57
24991,57
24992,57
24993,51
24994,51
24995,51
24996,53
24997,57
24998,57
24999,57
25000,51
25001,51
25002,51
25003,53
25004,57
25005,57
25006,57
25007,51
25008,51
25009,51
25010,53
25011,57
25012,57
25013,57
25014,51
25015,51
25016,51
25017,53
25018,57
25019,57
25020,38
25021,38
25022,38
25023,38
25024,47
25025,47
25026,47
25027,38
25028,38
25029,38
25030,38
25031,47
25032,47
25033,47
25034,38
25035,38
25036,38
25037,38
25038,47
25039,47
25040,47
25041,38
25042,38
25043,38
25044,38
25045,47
25046,47
25047,47
25048,38
25049,38
25050,38
25051,38
25052,47
25053,47
25054,47
25055,38
25056,38
25057,38
25058,38
25059,47
25060,47
25061,47
25062,38
25063,38
25064,38
25065,38
25066,47
25067,47
25068,47
25069,38
25070,38
25071,38
25072,38
25073,47
25074,47
25075,47
25076,38
25077,38
25078,38
25079,53
25080,57
25081,57
25082,57
25083,51
25084,51
25085,51
25086,53
25087,57
25088,57
25089,57
25090,51
25091,51
25092,51
25093,53
25094,57
25095,57
25096,57
25097,51
25098,51
25099,51
25100,53
25101,57
25102,57
25103,57
25104,51
25105,51
25106,51
25107,53
25108,57
25109,57
25110,38
25111,38
25112,38
25113,38
25114,47
25115,47
25116,47
25117,38
25118,38
25119,38
25120,38
25121,47
25122,47
25123,47
25124,38
25125,38
25126,38
25127,38
25128,47
25129,47
25130,47
25131,38
25132,38
25133,38
25134,38
25135,47
25136,47
25137,47
25138,38
25139,38
25140,38
25141,38
25142,47
25143,47
25144,47
25145,38
25146,38
25147,38
25148,38
25149,47
25150,47
25151,47
25152,38
25153,38
25154,38
25155,38
25156,47
25157,47
25158,47
25159,38
25160,38
25161,38
25162,38
25163,47
25164,47
25165,47
25166,38
25167,38
25168,38
25169,53
25170,57
25171,57
25172,57
25173,51
25174,51
25175,51
25176,53
25177,57
25178,57
25179,57
25180,51
25181,51
25182,51
25183,53
25184,57
25185,57
25186,57
25187,51
25188,51
25189,51
25190,53
25191,57
25192,57
25193,57
25194,51
25195,51
25196,51
25197,53
25198,57
25199,57
25200,38
25201,38
25202,38
25203,38
25204,47
25205,47
25206,47
25207,38
25208,38
25209,38
25210,38
25211,47
25212,47
25213,47
25214,38
25215,38
25216,38
25217,38
25218,47
25219,47
25220,47
25221,38
25222,38
25223,38
25224,38
25225,47
25226,47
25227,47
25228,38
25229,38
25230,38
25231,38
25232,47
25233,47
25234,47
25235,38
25236,38
25237,38
25238,38
25239,47
25240,47
25241,47
25242,38
25243,38
25244,38
25245,38
25246,47
25247,47
25248,47
25249,38
25250,38
25251,38
25252,38
25253,47
25254,47
25255,47
25256,38
25257,38
25258,38
25259,52
25260,57
25261,57
25262,57
25263,50
25264,50
25265,50
25266,52
25267,57
25268,57
25269,57
25270,50
25271,50
25272,50
25273,52
25274,57
25275,57
25276,57
25277,50
25278,50
25279,50
25280,52
25281,57
25282,57
25283,57
25284,50
25285,50
25286,50
25287,52
25288,57
25289,57
25290,38
25291,38
25292,38
25293,38
25294,47
25295,47
25296,47
25297,38
25298,38
25299,38
25300,38
25301,47
25302,47
25303,47
25304,38
25305,38
25306,38
25307,38
25308,47
25309,47
25310,47
25311,38
25312,38
25313,38
25314,38
25315,47
25316,47
25317,47
25318,38
25319,38
25320,38
25321,38
25322,47
25323,47
25324,47
25325,38
25326,38
25327,38
25328,38
25329,47
25330,47
25331,47
25332,38
25333,38
25334,38
25335,38
25336,47
25337,47
25338,47
25339,38
25340,38
25341,38
25342,38
25343,47
25344,47
25345,47
25346,38
25347,38
25348,38
25349,52
25350,57
25351,57
25352,57
25353,50
25354,50
25355,50
25356,52
25357,57
25358,57
25359,57
25360,50
25361,50
25362,50
25363,52
25364,57
25365,57
25366,57
25367,50
25368,50
25369,50
25370,52
25371,57
25372,57
25373,57
25374,50
25375,50
25376,50
25377,52
25378,57
25379,57
25380,38
25381,38
25382,38
25383,38
25384,47
25385,47
25386,47
25387,38
25388,38
25389,38
25390,38
25391,47
25392,47
25393,47
25394,38
25395,38
25396,38
25397,38
25398,47
25399,47
25400,47
25401,38
25402,38
25403,38
25404,38
25405,47
25406,47
25407,47
25408,38
25409,38
25410,38
25411,38
25412,47
25413,47
25414,47
25415,38
25416,38
25417,38
25418,38
25419,47
25420,47
25421,47
25422,38
25423,38
25424,38
25425,38
25426,47
25427,47
25428,47
25429,38
25430,38
25431,38
25432,38
25433,47
25434,47
25435,47
25436,38
25437,38
25438,38
25439,52
25440,57
25441,57
25442,57
25443,50
25444,50
25445,50
25446,52
25447,57
25448,57
25449,57
25450,50
25451,50
25452,50
25453,52
25454,57
25455,57
25456,57
25457,50
25458,50
25459,50
25460,52
25461,57
25462,57
25463,57
25464,50
25465,50
25466,50
25467,52
25468,57
25469,57
25470,38
25471,38
25472,38
25473,38
25474,47
25475,47
25476,47
25477,38
25478,38
25479,38
25480,38
25481,47
25482,47
25483,47
25484,38
25485,38
25486,38
25487,38
25488,47
25489,47
25490,47
25491,38
25492,38
25493,38
25494,38
25495,47
25496,47
25497,47
25498,38
25499,38
25500,38
25501,38
25502,47
25503,47
25504,47
25505,38
25506,38
25507,38
25508,38
25509,47
25510,47
25511,47
25512,38
25513,38
25514,38
25515,38
25516,47
25517,47
25518,47
25519,38
25520,38
25521,38
25522,38
25523,47
25524,47
25525,47
25526,38
25527,38
25528,38
25529,52
25530,57
25531,57
25532,57
25533,50
25534,50
25535,50
25536,52
25537,57
25538,57
25539,57
25540,50
25541,50
25542,50
25543,52
25544,57
25545,57
25546,57
25547,50
25548,50
25549,50
25550,52
25551,57
25552,57
25553,57
25554,50
25555,50
25556,50
25557,52
25558,57
25559,57
25560,38
25561,38
25562,38
25563,38
25564,47
25565,47
25566,47
25567,38
25568,38
25569,38
25570,38
25571,47
25572,47
25573,47
25574,38
25575,38
25576,38
25577,38
25578,47
25579,47
25580,47
25581,38
25582,38
25583,38
25584,38
25585,47
25586,47
25587,47
25588,38
25589,38
25590,38
25591,38
25592,47
25593,47
25594,47
25595,38
25596,38
25597,38
25598,38
25599,47
25600,47
25601,47
25602,38
25603,38
25604,38
25605,38
25606,47
25607,47
25608,47
25609,38
25610,38
25611,38
25612,38
25613,47
25614,47
25615,47
25616,38
25617,38
25618,38
25619,52
25620,57
25621,57
25622,57
25623,50
25624,50
25625,50
25626,52
25627,57
25628,57
25629,57
25630,50
25631,50
25632,50
25633,52
25634,57
25635,57
25636,57
25637,50
25638,50
25639,50
25640,52
25641,57
25642,57
25643,57
25644,50
25645,50
25646,50
25647,52
25648,57
25649,57
25650,38
25651,38
25652,38
25653,38
25654,47
25655,47
25656,47
25657,38
25658,38
25659,38
25660,38
25661,47
25662,47
25663,47
25664,38
25665,38
25666,38
25667,38
25668,47
25669,47
25670,47
25671,38
25672,38
25673,38
25674,38
25675,47
25676,47
25677,47
25678,38
25679,38
25680,38
25681,38
25682,47
25683,47
25684,47
25685,38
25686,38
25687,38
25688,38
25689,47
25690,47
25691,47
25692,38
25693,38
25694,38
25695,38
25696,47
25697,47
25698,47
25699,38
25700,38
25701,38
25702,38
25703,47
25704,47
25705,47
25706,38
25707,38
25708,38
25709,52
25710,57
25711,57
25712,57
25713,50
25714,50
25715,50
25716,52
25717,57
25718,57
25719,57
25720,50
25721,50
25722,50
25723,52
25724,57
25725,57
25726,57
25727,50
25728,50
25729,50
25730,52
25731,57
25732,57
25733,57
25734,50
25735,50
25736,50
25737,52
25738,57
25739,57
25740,38
25741,38
25742,38
25743,38
25744,47
25745,47
25746,47
25747,38
25748,38
25749,38
25750,38
25751,47
25752,47
25753,47
25754,38
25755,38
25756,38
25757,38
25758,47
25759,47
25760,47
25761,38
25762,38
25763,38
25764,38
25765,47
25766,47
25767,47
25768,38
25769,38
25770,38
25771,38
25772,47
25773,47
25774,47
25775,38
25776,38
25777,38
25778,38
25779,47
25780,47
25781,47
25782,38
25783,38
25784,38
25785,38
25786,47
25787,47
25788,47
25789,38
25790,38
25791,38
25792,38
25793,47
25794,47
25795,47
25796,38
25797,38
25798,38
25799,52
25800,57
25801,57
25802,57
25803,50
25804,50
25805,50
25806,52
25807,57
25808,57
25809,57
25810,50
25811,50
25812,50
25813,52
25814,57
25815,57
25816,57
25817,50
25818,50
25819,50
25820,52
25821,57
25822,57
25823,57
25824,50
25825,50
25826,50
25827,52
25828,57
25829,57
25830,38
25831,38
25832,38
25833,38
25834,47
25835,47
25836,47
25837,38
25838,38
25839,38
25840,38
25841,47
25842,47
25843,47
25844,38
25845,38
25846,38
25847,38
25848,47
25849,47
25850,47
25851,38
25852,38
25853,38
25854,38
25855,47
25856,47
25857,47
25858,38
25859,38
25860,38
25861,38
25862,47
25863,47
25864,47
25865,38
25866,38
25867,38
25868,38
25869,47
25870,47
25871,47
25872,38
25873,38
25874,38
25875,38
25876,47
25877,47
25878,47
25879,38
25880,38
25881,38
25882,38
25883,47
25884,47
25885,47
25886,38
25887,38
25888,38
25889,52
25890,57
25891,57
25892,57
25893,50
25894,50
25895,50
25896,52
25897,57
25898,57
25899,57
25900,50
25901,50
25902,50
25903,52
25904,57
25905,57
25906,57
25907,50
25908,50
25909,50
25910,52
25911,57
25912,57
25913,57
25914,50
25915,50
25916,50
25917,52
25918,57
25919,57
25920,38
25921,38
25922,38
25923,38
25924,47
25925,47
25926,47
25927,38
25928,38
25929,38
25930,38
25931,47
25932,47
25933,47
25934,38
25935,38
25936,38
25937,38
25938,47
25939,47
25940,47
25941,38
25942,38
25943,38
25944,38
25945,47
25946,47
25947,47
25948,38
25949,38
25950,38
25951,38
25952,47
25953,47
25954,47
25955,38
25956,38
25957,38
25958,38
25959,47
25960,47
25961,47
25962,38
25963,38
25964,38
25965,38
25966,47
25967,47
25968,47
25969,38
25970,38
25971,38
25972,38
25973,47
25974,47
25975,47
25976,38
25977,38
25978,38
25979,52
25980,57
25981,57
25982,57
25983,50
25984,50
25985,50
25986,52
25987,57
25988,57
25989,57
25990,50
25991,50
25992,50
25993,52
25994,57
25995,57
25996,57
25997,50
25998,50
25999,50
26000,52
26001,57
26002,57
26003,57
26004,50
26005,50
26006,50
26007,52
26008,57
26009,57
26010,38
26011,38
26012,38
26013,38
26014,47
26015,47
26016,47
26017,38
26018,38
26019,38
26020,38
26021,47
26022,47
26023,47
26024,38
26025,38
26026,38
26027,38
26028,47
26029,47
26030,47
26031,38
26032,38
26033,38
26034,38
26035,47
26036,47
26037,47
26038,38
26039,38
26040,38
26041,38
26042,47
26043,47
26044,47
26045,38
26046,38
26047,38
26048,38
26049,47
26050,47
26051,47
26052,38
26053,38
26054,38
26055,38
26056,47
26057,47
26058,47
26059,38
26060,38
26061,38
26062,38
26063,47
26064,47
26065,47
26066,38
26067,38
26068,38
26069,52
26070,57
26071,57
26072,57
26073,50
26074,50
26075,50
26076,52
26077,57
26078,57
26079,57
26080,50
26081,50
26082,50
26083,52
26084,57
26085,57
26086,57
26087,50
26088,50
26089,50
26090,52
26091,57
26092,57
26093,57
26094,50
26095,50
26096,50
26097,52
26098,57
26099,57
26100,38
26101,38
26102,38
26103,38
26104,47
26105,47
26106,47
26107,38
26108,38
26109,38
26110,38
26111,47
26112,47
26113,47
26114,38
26115,38
26116,38
26117,38
26118,47
26119,47
26120,47
26121,38
26122,38
26123,38
26124,38
26125,47
26126,47
26127,47
26128,38
26129,38
26130,38
26131,38
26132,47
26133,47
26134,47
26135,38
26136,38
26137,38
26138,38
26139,47
26140,47
26141,47
26142,38
26143,38
26144,38
26145,38
26146,47
26147,47
26148,47
26149,38
26150,38
26151,38
26152,38
26153,47
26154,47
26155,47
26156,38
26157,38
26158,38
26159,50
26160,56
26161,56
26162,56
26163,50
26164,50
26165,50
26166,50
26167,56
26168,56
26169,56
26170,50
26171,50
26172,50
26173,50
26174,56
26175,56
26176,56
26177,50
26178,50
26179,50
26180,50
26181,56
26182,56
26183,56
26184,50
26185,50
26186,50
26187,50
26188,56
26189,56
26190,38
26191,38
26192,38
26193,38
26194,47
26195,47
26196,47
26197,38
26198,38
26199,38
26200,38
26201,47
26202,47
26203,47
26204,38
26205,38
26206,38
26207,38
26208,47
26209,47
26210,47
26211,38
26212,38
26213,38
26214,38
26215,47
26216,47
26217,47
26218,38
26219,38
26220,38
26221,38
26222,47
26223,47
26224,47
26225,38
26226,38
26227,38
26228,38
26229,47
26230,47
26231,47
26232,38
26233,38
26234,38
26235,38
26236,47
26237,47
26238,47
26239,38
26240,38
26241,38
26242,38
26243,47
26244,47
26245,47
26246,38
26247,38
26248,38
26249,50
26250,56
26251,56
26252,56
26253,50
26254,50
26255,50
26256,50
26257,56
26258,56
26259,56
26260,50
26261,50
26262,50
26263,50
26264,56
26265,56
26266,56
26267,50
26268,50
26269,50
26270,50
26271,56
26272,56
26273,56
26274,50
26275,50
26276,50
26277,50
26278,56
26279,56
26280,38
26281,38
26282,38
26283,38
26284,47
26285,47
26286,47
26287,38
26288,38
26289,38
26290,38
26291,47
26292,47
26293,47
26294,38
26295,38
26296,38
26297,38
26298,47
26299,47
26300,47
26301,38
26302,38
26303,38
26304,38
26305,47
26306,47
26307,47
26308,38
26309,38
26310,38
26311,38
26312,47
26313,47
26314,47
26315,38
26316,38
26317,38
26318,38
26319,47
26320,47
26321,47
26322,38
26323,38
26324,38
26325,38
26326,47
26327,47
26328,47
26329,38
26330,38
26331,38
26332,38
26333,47
26334,47
26335,47
26336,38
26337,38
26338,38
26339,50
26340,56
26341,56
26342,56
26343,50
26344,50
26345,50
26346,50
26347,56
26348,56
26349,56
26350,50
26351,50
26352,50
26353,50
26354,56
26355,56
26356,56
26357,50
26358,50
26359,50
26360,50
26361,56
26362,56
26363,56
26364,50
26365,50
26366,50
26367,50
26368,56
26369,56
26370,38
26371,38
26372,38
26373,38
26374,47
26375,47
26376,47
26377,38
26378,38
26379,38
26380,38
26381,47
26382,47
26383,47
26384,38
26385,38
26386,38
26387,38
26388,47
26389,47
26390,47
26391,38
26392,38
26393,38
26394,38
26395,47
26396,47
26397,47
26398,38
26399,38
26400,38
26401,38
26402,47
26403,47
26404,47
26405,38
26406,38
26407,38
26408,38
26409,47
26410,47
26411,47
26412,38
26413,38
26414,38
26415,38
26416,47
26417,47
26418,47
26419,38
26420,38
26421,38
26422,38
26423,47
26424,47
26425,47
26426,38
26427,38
26428,38
26429,50
26430,56
26431,56
26432,56
26433,50
26434,50
26435,50
26436,50
26437,56
26438,56
26439,56
26440,50
26441,50
26442,50
26443,50
26444,56
26445,56
26446,56
26447,50
26448,50
26449,50
26450,50
26451,56
26452,56
26453,56
26454,50
26455,50
26456,50
26457,50
26458,56
26459,56
26460,38
26461,38
26462,38
26463,38
26464,47
26465,47
26466,47
26467,38
26468,38
26469,38
26470,38
26471,47
26472,47
26473,47
26474,38
26475,38
26476,38
26477,38
26478,47
26479,47
26480,47
26481,38
26482,38
26483,38
26484,38
26485,47
26486,47
26487,47
26488,38
26489,38
26490,38
26491,38
26492,47
26493,47
26494,47
26495,38
26496,38
26497,38
26498,38
26499,47
26500,47
26501,47
26502,38
26503,38
26504,38
26505,38
26506,47
26507,47
26508,47
26509,38
26510,38
26511,38
26512,38
26513,47
26514,47
26515,47
26516,38
26517,38
26518,38
26519,50
26520,56
26521,56
26522,56
26523,50
26524,50
26525,50
26526,50
26527,56
26528,56
26529,56
26530,50
26531,50
26532,50
26533,50
26534,56
26535,56
26536,56
26537,50
26538,50
26539,50
26540,50
26541,56
26542,56
26543,56
26544,50
26545,50
26546,50
26547,50
26548,56
26549,56
26550,38
26551,38
26552,38
26553,38
26554,47
26555,47
26556,47
26557,38
26558,38
26559,38
26560,38
26561,47
26562,47
26563,47
26564,38
26565,38
26566,38
26567,38
26568,47
26569,47
26570,47
26571,38
26572,38
26573,38
26574,38
26575,47
26576,47
26577,47
26578,38
26579,38
26580,38
26581,38
26582,47
26583,47
26584,47
26585,38
26586,38
26587,38
26588,38
26589,47
26590,47
26591,47
26592,38
26593,38
26594,38
26595,38
26596,47
26597,47
26598,47
26599,38
26600,38
26601,38
26602,38
26603,47
26604,47
26605,47
26606,38
26607,38
26608,38
26609,50
26610,56
26611,56
26612,56
26613,50
26614,50
26615,50
26616,50
26617,56
26618,56
26619,56
26620,50
26621,50
26622,50
26623,50
26624,56
26625,56
26626,56
26627,50
26628,50
26629,50
26630,50
26631,56
26632,56
26633,56
26634,50
26635,50
26636,50
26637,50
26638,56
26639,56
26640,38
26641,38
26642,38
26643,38
26644,47
26645,47
26646,47
26647,38
26648,38
26649,38
26650,38
26651,47
26652,47
26653,47
26654,38
26655,38
26656,38
26657,38
26658,47
26659,47
26660,47
26661,38
26662,38
26663,38
26664,38
26665,47
26666,47
26667,47
26668,38
26669,38
26670,38
26671,38
26672,47
26673,47
26674,47
26675,38
26676,38
26677,38
26678,38
26679,47
26680,47
26681,47
26682,38
26683,38
26684,38
26685,38
26686,47
26687,47
26688,47
26689,38
26690,38
26691,38
26692,38
26693,47
26694,47
26695,47
26696,38
26697,38
26698,38
26699,50
26700,56
26701,56
26702,56
26703,50
26704,50
26705,50
26706,50
26707,56
26708,56
26709,56
26710,50
26711,50
26712,50
26713,50
26714,56
26715,56
26716,56
26717,50
26718,50
26719,50
26720,50
26721,56
26722,56
26723,56
26724,50
26725,50
26726,50
26727,50
26728,56
26729,56
26730,38
26731,38
26732,38
26733,38
26734,47
26735,47
26736,47
26737,38
26738,38
26739,38
26740,38
26741,47
26742,47
26743,47
26744,38
26745,38
26746,38
26747,38
26748,47
26749,47
26750,47
26751,38
26752,38
26753,38
26754,38
26755,47
26756,47
26757,47
26758,38
26759,38
26760,38
26761,38
26762,47
26763,47
26764,47
26765,38
26766,38
26767,38
26768,38
26769,47
26770,47
26771,47
26772,38
26773,38
26774,38
26775,38
26776,47
26777,47
26778,47
26779,38
26780,38
26781,38
26782,38
26783,47
26784,47
26785,47
26786,38
26787,38
26788,38
26789,50
26790,56
26791,56
26792,56
26793,50
26794,50
26795,50
26796,50
26797,56
26798,56
26799,56
26800,50
26801,50
26802,50
26803,50
26804,56
26805,56
26806,56
26807,50
26808,50
26809,50
26810,50
26811,56
26812,56
26813,56
26814,50
26815,50
26816,50
26817,50
26818,56
26819,56
26820,38
26821,38
26822,38
26823,38
26824,47
26825,47
26826,47
26827,38
26828,38
26829,38
26830,38
26831,47
26832,47
26833,47
26834,38
26835,38
26836,38
26837,38
26838,47
26839,47
26840,47
26841,38
26842,38
26843,38
26844,38
26845,47
26846,47
26847,47
26848,38
26849,38
26850,38
26851,38
26852,47
26853,47
26854,47
26855,38
26856,38
26857,38
26858,38
26859,47
26860,47
26861,47
26862,38
26863,38
26864,38
26865,38
26866,47
26867,47
26868,47
26869,38
26870,38
26871,38
26872,38
26873,47
26874,47
26875,47
26876,38
26877,38
26878,38
26879,50
26880,56
26881,56
26882,56
26883,50
26884,50
26885,50
26886,50
26887,56
26888,56
26889,56
26890,50
26891,50
26892,50
26893,50
26894,56
26895,56
26896,56
26897,50
26898,50
26899,50
26900,50
26901,56
26902,56
26903,56
26904,50
26905,50
26906,50
26907,50
26908,56
26909,56
26910,38
26911,38
26912,38
26913,38
26914,47
26915,47
26916,47
26917,38
26918,38
26919,38
26920,38
26921,47
26922,47
26923,47
26924,38
26925,38
26926,38
26927,38
26928,47
26929,47
26930,47
26931,38
26932,38
26933,38
26934,38
26935,47
26936,47
26937,47
26938,38
26939,38
26940,38
26941,38
26942,47
26943,47
26944,47
26945,38
26946,38
26947,38
26948,38
26949,47
26950,47
26951,47
26952,38
26953,38
26954,38
26955,38
26956,47
26957,47
26958,47
26959,38
26960,38
26961,38
26962,38
26963,47
26964,47
26965,47
26966,38
26967,38
26968,38
26969,50
26970,56
26971,56
26972,56
26973,50
26974,50
26975,50
26976,50
26977,56
26978,56
26979,56
26980,50
26981,50
26982,50
26983,50
26984,56
26985,56
26986,56
26987,50
26988,50
26989,50
26990,50
26991,56
26992,56
26993,56
26994,50
26995,50
26996,50
26997,50
26998,56
26999,56
27000,38
27001,38
27002,38
27003,38
27004,47
27005,47
27006,47
27007,38
27008,38
27009,38
27010,38
27011,47
27012,47
27013,47
27014,38
27015,38
27016,38
27017,38
27018,47
27019,47
27020,47
27021,38
27022,38
27023,38
27024,38
27025,47
27026,47
27027,47
27028,38
27029,38
27030,38
27031,38
27032,47
27033,47
27034,47
27035,38
27036,38
27037,38
27038,38
27039,47
27040,47
27041,47
27042,38
27043,38
27044,38
27045,38
27046,47
27047,47
27048,47
27049,38
27050,38
27051,38
27052,38
27053,47
27054,47
27055,47
27056,38
27057,38
27058,38
27059,50
27060,56
27061,56
27062,56
27063,50
27064,50
27065,50
27066,50
27067,56
27068,56
27069,56
27070,50
27071,50
27072,50
27073,50
27074,56
27075,56
27076,56
27077,50
27078,50
27079,50
27080,50
27081,56
27082,56
27083,56
27084,50
27085,50
27086,50
27087,50
27088,56
27089,56
27090,38
27091,38
27092,38
27093,38
27094,47
27095,47
27096,47
27097,38
27098,38
27099,38
27100,38
27101,47
27102,47
27103,47
27104,38
27105,38
27106,38
27107,38
27108,47
27109,47
27110,47
27111,38
27112,38
27113,38
27114,38
27115,47
27116,47
27117,47
27118,38
27119,38
27120,38
27121,38
27122,47
27123,47
27124,47
27125,38
27126,38
27127,38
27128,38
27129,47
27130,47
27131,47
27132,38
27133,38
27134,38
27135,38
27136,47
27137,47
27138,47
27139,38
27140,38
27141,38
27142,38
27143,47
27144,47
27145,47
27146,38
27147,38
27148,38
27149,50
27150,56
27151,56
27152,56
27153,50
27154,50
27155,50
27156,50
27157,56
27158,56
27159,56
27160,50
27161,50
27162,50
27163,50
27164,56
27165,56
27166,56
27167,50
27168,50
27169,50
27170,50
27171,56
27172,56
27173,56
27174,50
27175,50
27176,50
27177,50
27178,56
27179,56
27180,38
27181,38
27182,38
27183,38
27184,47
27185,47
27186,47
27187,38
27188,38
27189,38
27190,38
27191,47
27192,47
27193,47
27194,38
27195,38
27196,38
27197,38
27198,47
27199,47
27200,47
27201,38
27202,38
27203,38
27204,38
27205,47
27206,47
27207,47
27208,38
27209,38
27210,38
27211,38
27212,47
27213,47
27214,47
27215,38
27216,38
27217,38
27218,38
27219,47
27220,47
27221,47
27222,38
27223,38
27224,38
27225,38
27226,47
27227,47
27228,47
27229,38
27230,38
27231,38
27232,38
27233,47
27234,47
27235,47
27236,38
27237,38
27238,38
27239,50
27240,56
27241,56
27242,56
27243,50
27244,50
27245,50
27246,50
27247,56
27248,56
27249,56
27250,50
27251,50
27252,50
27253,50
27254,56
27255,56
27256,56
27257,50
27258,50
27259,50
27260,50
27261,56
27262,56
27263,56
27264,50
27265,50
27266,50
27267,50
27268,56
27269,56
27270,38
27271,38
27272,38
27273,38
27274,47
27275,47
27276,47
27277,38
27278,38
27279,38
27280,38
27281,47
27282,47
27283,47
27284,38
27285,38
27286,38
27287,38
27288,47
27289,47
27290,47
27291,38
27292,38
27293,38
27294,38
27295,47
27296,47
27297,47
27298,38
27299,38
27300,38
27301,38
27302,47
27303,47
27304,47
27305,38
27306,38
27307,38
27308,38
27309,47
27310,47
27311,47
27312,38
27313,38
27314,38
27315,38
27316,47
27317,47
27318,47
27319,38
27320,38
27321,38
27322,38
27323,47
27324,47
27325,47
27326,38
27327,38
27328,38
27329,50
27330,56
27331,56
27332,56
27333,50
27334,50
27335,50
27336,50
27337,56
27338,56
27339,56
27340,50
27341,50
27342,50
27343,50
27344,56
27345,56
27346,56
27347,50
27348,50
27349,50
27350,50
27351,56
27352,56
27353,56
27354,50
27355,50
27356,50
27357,50
27358,56
27359,56
27360,38
27361,38
27362,38
27363,38
27364,47
27365,47
27366,47
27367,38
27368,38
27369,38
27370,38
27371,47
27372,47
27373,47
27374,38
27375,38
27376,38
27377,38
27378,47
27379,47
27380,47
27381,38
27382,38
27383,38
27384,38
27385,47
27386,47
27387,47
27388,38
27389,38
27390,38
27391,38
27392,47
27393,47
27394,47
27395,38
27396,38
27397,38
27398,38
27399,47
27400,47
27401,47
27402,38
27403,38
27404,38
27405,38
27406,47
27407,47
27408,47
27409,38
27410,38
27411,38
27412,38
27413,47
27414,47
27415,47
27416,38
27417,38
27418,38
27419,50
27420,56
27421,56
27422,56
27423,50
27424,50
27425,50
27426,50
27427,56
27428,56
27429,56
27430,50
27431,50
27432,50
27433,50
27434,56
27435,56
27436,56
27437,50
27438,50
27439,50
27440,50
27441,56
27442,56
27443,56
27444,50
27445,50
27446,50
27447,50
27448,56
27449,56
27450,38
27451,38
27452,38
27453,38
27454,47
27455,47
27456,47
27457,38
27458,38
27459,38
27460,38
27461,47
27462,47
27463,47
27464,38
27465,38
27466,38
27467,38
27468,47
27469,47
27470,47
27471,38
27472,38
27473,38
27474,38
27475,47
27476,47
27477,47
27478,38
27479,38
27480,38
27481,38
27482,47
27483,47
27484,47
27485,38
27486,38
27487,38
27488,38
27489,47
27490,47
27491,47
27492,38
27493,38
27494,38
27495,38
27496,47
27497,47
27498,47
27499,38
27500,38
27501,38
27502,38
27503,47
27504,47
27505,47
27506,38
27507,38
27508,38
27509,50
27510,56
27511,56
27512,56
27513,50
27514,50
27515,50
27516,50
27517,56
27518,56
27519,56
27520,50
27521,50
27522,50
27523,50
27524,56
27525,56
27526,56
27527,50
27528,50
27529,50
27530,50
27531,56
27532,56
27533,56
27534,50
27535,50
27536,50
27537,50
27538,56
27539,56
27540,38
27541,38
27542,38
27543,38
27544,47
27545,47
27546,47
27547,38
27548,38
27549,38
27550,38
27551,47
27552,47
27553,47
27554,38
27555,38
27556,38
27557,38
27558,47
27559,47
27560,47
27561,38
27562,38
27563,38
27564,38
27565,47
27566,47
27567,47
27568,38
27569,38
27570,38
27571,38
27572,47
27573,47
27574,47
27575,38
27576,38
27577,38
27578,38
27579,47
27580,47
27581,47
27582,38
27583,38
27584,38
27585,38
27586,47
27587,47
27588,47
27589,38
27590,38
27591,38
27592,38
27593,47
27594,47
27595,47
27596,38
27597,38
27598,38
27599,50
27600,56
27601,56
27602,56
27603,50
27604,50
27605,50
27606,50
27607,56
27608,56
27609,56
27610,50
27611,50
27612,50
27613,50
27614,56
27615,56
27616,56
27617,50
27618,50
27619,50
27620,50
27621,56
27622,56
27623,56
27624,50
27625,50
27626,50
27627,50
27628,56
27629,56
27630,38
27631,38
27632,38
27633,38
27634,47
27635,47
27636,47
27637,38
27638,38
27639,38
27640,38
27641,47
27642,47
27643,47
27644,38
27645,38
27646,38
27647,38
27648,47
27649,47
27650,47
27651,38
27652,38
27653,38
27654,38
27655,47
27656,47
27657,47
27658,38
27659,38
27660,38
27661,38
27662,47
27663,47
27664,47
27665,38
27666,38
27667,38
27668,38
27669,47
27670,47
27671,47
27672,38
27673,38
27674,38
27675,38
27676,47
27677,47
27678,47
27679,38
27680,38
27681,38
27682,38
27683,47
27684,47
27685,47
27686,38
27687,38
27688,38
27689,50
27690,56
27691,56
27692,56
27693,50
27694,50
27695,50
27696,50
27697,56
27698,56
27699,56
27700,50
27701,50
27702,50
27703,50
27704,56
27705,56
27706,56
27707,50
27708,50
27709,50
27710,50
27711,56
27712,56
27713,56
27714,50
27715,50
27716,50
27717,50
27718,56
27719,56
27720,38
27721,38
27722,38
27723,38
27724,47
27725,47
27726,47
27727,38
27728,38
27729,38
27730,38
27731,47
27732,47
27733,47
27734,38
27735,38
27736,38
27737,38
27738,47
27739,47
27740,47
27741,38
27742,38
27743,38
27744,38
27745,47
27746,47
27747,47
27748,38
27749,38
27750,38
27751,38
27752,47
27753,47
27754,47
27755,38
27756,38
27757,38
27758,38
27759,47
27760,47
27761,47
27762,38
27763,38
27764,38
27765,38
27766,47
27767,47
27768,47
27769,38
27770,38
27771,38
27772,38
27773,47
27774,47
27775,47
27776,38
27777,38
27778,38
27779,50
27780,56
27781,56
27782,56
27783,50
27784,50
27785,50
27786,50
27787,56
27788,56
27789,56
27790,50
27791,50
27792,50
27793,50
27794,56
27795,56
27796,56
27797,50
27798,50
27799,50
27800,50
27801,56
27802,56
27803,56
27804,50
27805,50
27806,50
27807,50
27808,56
27809,56
27810,38
27811,38
27812,38
27813,38
27814,47
27815,47
27816,47
27817,38
27818,38
27819,38
27820,38
27821,47
27822,47
27823,47
27824,38
27825,38
27826,38
27827,38
27828,47
27829,47
27830,47
27831,38
27832,38
27833,38
27834,38
27835,47
27836,47
27837,47
27838,38
27839,38
27840,38
27841,38
27842,47
27843,47
27844,47
27845,38
27846,38
27847,38
27848,38
27849,47
27850,47
27851,47
27852,38
27853,38
27854,38
27855,38
27856,47
27857,47
27858,47
27859,38
27860,38
27861,38
27862,38
27863,47
27864,47
27865,47
27866,38
27867,38
27868,38
27869,50
27870,56
27871,56
27872,56
27873,50
27874,50
27875,50
27876,50
27877,56
27878,56
27879,56
27880,50
27881,50
27882,50
27883,50
27884,56
27885,56
27886,56
27887,50
27888,50
27889,50
27890,50
27891,56
27892,56
27893,56
27894,50
27895,50
27896,50
27897,50
27898,56
27899,56
27900,38
27901,38
27902,38
27903,38
27904,47
27905,47
27906,47
27907,38
27908,38
27909,38
27910,38
27911,47
27912,47
27913,47
27914,38
27915,38
27916,38
27917,38
27918,47
27919,47
27920,47
27921,38
27922,38
27923,38
27924,38
27925,47
27926,47
27927,47
27928,38
27929,38
27930,38
27931,38
27932,47
27933,47
27934,47
27935,38
27936,38
27937,38
27938,38
27939,47
27940,47
27941,47
27942,38
27943,38
27944,38
27945,38
27946,47
27947,47
27948,47
27949,38
27950,38
27951,38
27952,38
27953,47
27954,47
27955,47
27956,38
27957,38
27958,38
27959,50
27960,56
27961,56
27962,56
27963,50
27964,50
27965,50
27966,50
27967,56
27968,56
27969,56
27970,50
27971,50
27972,50
27973,50
27974,56
27975,56
27976,56
27977,50
27978,50
27979,50
27980,50
27981,56
27982,56
27983,56
27984,50
27985,50
27986,50
27987,50
27988,56
27989,56
27990,38
27991,38
27992,38
27993,38
27994,47
27995,47
27996,47
27997,38
27998,38
27999,38
28000,38
28001,47
28002,47
28003,47
28004,38
28005,38
28006,38
28007,38
28008,47
28009,47
28010,47
28011,38
28012,38
28013,38
28014,38
28015,47
28016,47
28017,47
28018,38
28019,38
28020,38
28021,38
28022,47
28023,47
28024,47
28025,38
28026,38
28027,38
28028,38
28029,47
28030,47
28031,47
28032,38
28033,38
28034,38
28035,38
28036,47
28037,47
28038,47
28039,38
28040,38
28041,38
28042,38
28043,47
28044,47
28045,47
28046,38
28047,38
28048,38
28049,50
28050,56
28051,56
28052,56
28053,50
28054,50
28055,50
28056,50
28057,56
28058,56
28059,56
28060,50
28061,50
28062,50
28063,50
28064,56
28065,56
28066,56
28067,50
28068,50
28069,50
28070,50
28071,56
28072,56
28073,56
28074,50
28075,50
28076,50
28077,50
28078,56
28079,56
28080,38
28081,38
28082,38
28083,38
28084,47
28085,47
28086,47
28087,38
28088,38
28089,38
28090,38
28091,47
28092,47
28093,47
28094,38
28095,38
28096,38
28097,38
28098,47
28099,47
28100,47
28101,38
28102,38
28103,38
28104,38
28105,47
28106,47
28107,47
28108,38
28109,38
28110,38
28111,38
28112,47
28113,47
28114,47
28115,38
28116,38
28117,38
28118,38
28119,47
28120,47
28121,47
28122,38
28123,38
28124,38
28125,38
28126,47
28127,47
28128,47
28129,38
28130,38
28131,38
28132,38
28133,47
28134,47
28135,47
28136,38
28137,38
28138,38
28139,50
28140,56
28141,56
28142,56
28143,50
28144,50
28145,50
28146,50
28147,56
28148,56
28149,56
28150,50
28151,50
28152,50
28153,50
28154,56
28155,56
28156,56
28157,50
28158,50
28159,50
28160,50
28161,56
28162,56
28163,56
28164,50
28165,50
28166,50
28167,50
28168,56
28169,56
28170,38
28171,38
28172,38
28173,38
28174,47
28175,47
28176,47
28177,38
28178,38
28179,38
28180,38
28181,47
28182,47
28183,47
28184,38
28185,38
28186,38
28187,38
28188,47
28189,47
28190,47
28191,38
28192,38
28193,38
28194,38
28195,47
28196,47
28197,47
28198,38
28199,38
28200,38
28201,38
28202,47
28203,47
28204,47
28205,38
28206,38
28207,38
28208,38
28209,47
28210,47
28211,47
28212,38
28213,38
28214,38
28215,38
28216,47
28217,47
28218,47
28219,38
28220,38
28221,38
28222,38
28223,47
28224,47
28225,47
28226,38
28227,38
28228,38
28229,50
28230,56
28231,56
28232,56
28233,50
28234,50
28235,50
28236,50
28237,56
28238,56
28239,56
28240,50
28241,50
28242,50
28243,50
28244,56
28245,56
28246,56
28247,50
28248,50
28249,50
28250,50
28251,56
28252,56
28253,56
28254,50
28255,50
28256,50
28257,50
28258,56
28259,56
28260,38
28261,38
28262,38
28263,38
28264,47
28265,47
28266,47
28267,38
28268,38
28269,38
28270,38
28271,47
28272,47
28273,47
28274,38
28275,38
28276,38
28277,38
28278,47
28279,47
28280,47
28281,38
28282,38
28283,38
28284,38
28285,47
28286,47
28287,47
28288,38
28289,38
28290,38
28291,38
28292,47
28293,47
28294,47
28295,38
28296,38
28297,38
28298,38
28299,47
28300,47
28301,47
28302,38
28303,38
28304,38
28305,38
28306,47
28307,47
28308,47
28309,38
28310,38
28311,38
28312,38
28313,47
28314,47
28315,47
28316,38
28317,38
28318,38
28319,50
28320,56
28321,56
28322,56
28323,50
28324,50
28325,50
28326,50
28327,56
28328,56
28329,56
28330,50
28331,50
28332,50
28333,50
28334,56
28335,56
28336,56
28337,50
28338,50
28339,50
28340,50
28341,56
28342,56
28343,56
28344,50
28345,50
28346,50
28347,50
28348,56
28349,56
28350,38
28351,38
28352,38
28353,38
28354,47
28355,47
28356,47
28357,38
28358,38
28359,38
28360,38
28361,47
28362,47
28363,47
28364,38
28365,38
28366,38
28367,38
28368,47
28369,47
28370,47
28371,38
28372,38
28373,38
28374,38
28375,47
28376,47
28377,47
28378,38
28379,38
28380,38
28381,38
28382,47
28383,47
28384,47
28385,38
28386,38
28387,38
28388,38
28389,47
28390,47
28391,47
28392,38
28393,38
28394,38
28395,38
28396,47
28397,47
28398,47
28399,38
28400,38
28401,38
28402,38
28403,47
28404,47
28405,47
28406,38
28407,38
28408,38
28409,50
28410,56
28411,56
28412,56
28413,50
28414,50
28415,50
28416,50
28417,56
28418,56
28419,56
28420,50
28421,50
28422,50
28423,50
28424,56
28425,56
28426,56
28427,50
28428,50
28429,50
28430,50
28431,56
28432,56
28433,56
28434,50
28435,50
28436,50
28437,50
28438,56
28439,56
28440,38
28441,38
28442,38
28443,38
28444,47
28445,47
28446,47
28447,38
28448,38
28449,38
28450,38
28451,47
28452,47
28453,47
28454,38
28455,38
28456,38
28457,38
28458,47
28459,47
28460,47
28461,38
28462,38
28463,38
28464,38
28465,47
28466,47
28467,47
28468,38
28469,38
28470,38
28471,38
28472,47
28473,47
28474,47
28475,38
28476,38
28477,38
28478,38
28479,47
28480,47
28481,47
28482,38
28483,38
28484,38
28485,38
28486,47
28487,47
28488,47
28489,38
28490,38
28491,38
28492,38
28493,47
28494,47
28495,47
28496,38
28497,38
28498,38
28499,50
28500,56
28501,56
28502,56
28503,50
28504,50
28505,50
28506,50
28507,56
28508,56
28509,56
28510,50
28511,50
28512,50
28513,50
28514,56
28515,56
28516,56
28517,50
28518,50
28519,50
28520,50
28521,56
28522,56
28523,56
28524,50
28525,50
28526,50
28527,50
28528,56
28529,56
28530,38
28531,38
28532,38
28533,38
28534,47
28535,47
28536,47
28537,38
28538,38
28539,38
28540,38
28541,47
28542,47
28543,47
28544,38
28545,38
28546,38
28547,38
28548,47
28549,47
28550,47
28551,38
28552,38
28553,38
28554,38
28555,47
28556,47
28557,47
28558,38
28559,38
28560,38
28561,38
28562,47
28563,47
28564,47
28565,38
28566,38
28567,38
28568,38
28569,47
28570,47
28571,47
28572,38
28573,38
28574,38
28575,38
28576,47
28577,47
28578,47
28579,38
28580,38
28581,38
28582,38
28583,47
28584,47
28585,47
28586,38
28587,38
28588,38
28589,50
28590,56
28591,56
28592,56
28593,50
28594,50
28595,50
28596,50
28597,56
28598,56
28599,56
28600,50
28601,50
28602,50
28603,50
28604,56
28605,56
28606,56
28607,50
28608,50
28609,50
28610,50
28611,56
28612,56
28613,56
28614,50
28615,50
28616,50
28617,50
28618,56
28619,56
28620,38
28621,38
28622,38
28623,38
28624,47
28625,47
28626,47
28627,38
28628,38
28629,38
28630,38
28631,47
28632,47
28633,47
28634,38
28635,38
28636,38
28637,38
28638,47
28639,47
28640,47
28641,38
28642,38
28643,38
28644,38
28645,47
28646,47
28647,47
28648,38
28649,38
28650,38
28651,38
28652,47
28653,47
28654,47
28655,38
28656,38
28657,38
28658,38
28659,47
28660,47
28661,47
28662,38
28663,38
28664,38
28665,38
28666,47
28667,47
28668,47
28669,38
28670,38
28671,38
28672,38
28673,47
28674,47
28675,47
28676,38
28677,38
28678,38
28679,50
28680,56
28681,56
28682,56
28683,50
28684,50
28685,50
28686,50
28687,56
28688,56
28689,56
28690,50
28691,50
28692,50
28693,50
28694,56
28695,56
28696,56
28697,50
28698,50
28699,50
28700,50
28701,56
28702,56
28703,56
28704,50
28705,50
28706,50
28707,50
28708,56
28709,56
28710,38
28711,38
28712,38
28713,38
28714,47
28715,47
28716,47
28717,38
28718,38
28719,38
28720,38
28721,47
28722,47
28723,47
28724,38
28725,38
28726,38
28727,38
28728,47
28729,47
28730,47
28731,38
28732,38
28733,38
28734,38
28735,47
28736,47
28737,47
28738,38
28739,38
28740,38
28741,38
28742,47
28743,47
28744,47
28745,38
28746,38
28747,38
28748,38
28749,47
28750,47
28751,47
28752,38
28753,38
28754,38
28755,38
28756,47
28757,47
28758,47
28759,38
28760,38
28761,38
28762,38
28763,47
28764,47
28765,47
28766,38
28767,38
28768,38
28769,50
28770,56
28771,56
28772,56
28773,50
28774,50
28775,50
28776,50
28777,56
28778,56
28779,56
28780,50
28781,50
28782,50
28783,50
28784,56
28785,56
28786,56
28787,50
28788,50
28789,50
28790,50
28791,56
28792,56
28793,56
28794,50
28795,50
28796,50
28797,50
28798,56
28799,56
28800,38
28801,38
28802,38
28803,38
28804,47
28805,47
28806,47
28807,38
28808,38
28809,38
28810,38
28811,47
28812,47
28813,47
28814,38
28815,38
28816,38
28817,38
28818,47
28819,47
28820,47
28821,38
28822,38
28823,38
28824,38
28825,47
28826,47
28827,47
28828,38
28829,38
28830,38
28831,38
28832,47
28833,47
28834,47
28835,38
28836,38
28837,38
28838,38
28839,47
28840,47
28841,47
28842,38
28843,38
28844,38
28845,38
28846,47
28847,47
28848,47
28849,38
28850,38
28851,38
28852,38
28853,47
28854,47
28855,47
28856,38
28857,38
28858,38
28859,51
28860,56
28861,56
28862,56
28863,50
28864,50
28865,50
28866,51
28867,56
28868,56
28869,56
28870,50
28871,50
28872,50
28873,51
28874,56
28875,56
28876,56
28877,50
28878,50
28879,50
28880,51
28881,56
28882,56
28883,56
28884,50
28885,50
28886,50
28887,51
28888,56
28889,56
28890,38
28891,38
28892,38
28893,38
28894,47
28895,47
28896,47
28897,38
28898,38
28899,38
28900,38
28901,47
28902,47
28903,47
28904,38
28905,38
28906,38
28907,38
28908,47
28909,47
28910,47
28911,38
28912,38
28913,38
28914,38
28915,47
28916,47
28917,47
28918,38
28919,38
28920,38
28921,38
28922,47
28923,47
28924,47
28925,38
28926,38
28927,38
28928,38
28929,47
28930,47
28931,47
28932,38
28933,38
28934,38
28935,38
28936,47
28937,47
28938,47
28939,38
28940,38
28941,38
28942,38
28943,47
28944,47
28945,47
28946,38
28947,38
28948,38
28949,51
28950,56
28951,56
28952,56
28953,50
28954,50
28955,50
28956,51
28957,56
28958,56
28959,56
28960,50
28961,50
28962,50
28963,51
28964,56
28965,56
28966,56
28967,50
28968,50
28969,50
28970,51
28971,56
28972,56
28973,56
28974,50
28975,50
28976,50
28977,51
28978,56
28979,56
28980,38
28981,38
28982,38
28983,38
28984,47
28985,47
28986,47
28987,38
28988,38
28989,38
28990,38
28991,47
28992,47
28993,47
28994,38
28995,38
28996,38
28997,38
28998,47
28999,47
29000,47
29001,38
29002,38
29003,38
29004,38
29005,47
29006,47
29007,47
29008,38
29009,38
29010,38
29011,38
29012,47
29013,47
29014,47
29015,38
29016,38
29017,38
29018,38
29019,47
29020,47
29021,47
29022,38
29023,38
29024,38
29025,38
29026,47
29027,47
29028,47
29029,38
29030,38
29031,38
29032,38
29033,47
29034,47
29035,47
29036,38
29037,38
29038,38
29039,51
29040,56
29041,56
29042,56
29043,50
29044,50
29045,50
29046,51
29047,56
29048,56
29049,56
29050,50
29051,50
29052,50
29053,51
29054,56
29055,56
29056,56
29057,50
29058,50
29059,50
29060,51
29061,56
29062,56
29063,56
29064,50
29065,50
29066,50
29067,51
29068,56
29069,56
29070,38
29071,38
29072,38
29073,38
29074,47
29075,47
29076,47
29077,38
29078,38
29079,38
29080,38
29081,47
29082,47
29083,47
29084,38
29085,38
29086,38
29087,38
29088,47
29089,47
29090,47
29091,38
29092,38
29093,38
29094,38
29095,47
29096,47
29097,47
29098,38
29099,38
29100,38
29101,38
29102,47
29103,47
29104,47
29105,38
29106,38
29107,38
29108,38
29109,47
29110,47
29111,47
29112,38
29113,38
29114,38
29115,38
29116,47
29117,47
29118,47
29119,38
29120,38
29121,38
29122,38
29123,47
29124,47
29125,47
29126,38
29127,38
29128,38
29129,51
29130,56
29131,56
29132,56
29133,50
29134,50
29135,50
29136,51
29137,56
29138,56
29139,56
29140,50
29141,50
29142,50
29143,51
29144,56
29145,56
29146,56
29147,50
29148,50
29149,50
29150,51
29151,56
29152,56
29153,56
29154,50
29155,50
29156,50
29157,51
29158,56
29159,56
29160,38
29161,38
29162,38
29163,38
29164,47
29165,47
29166,47
29167,38
29168,38
29169,38
29170,38
29171,47
29172,47
29173,47
29174,38
29175,38
29176,38
29177,38
29178,47
29179,47
29180,47
29181,38
29182,38
29183,38
29184,38
29185,47
29186,47
29187,47
29188,38
29189,38
29190,38
29191,38
29192,47
29193,47
29194,47
29195,38
29196,38
29197,38
29198,38
29199,47
29200,47
29201,47
29202,38
29203,38
29204,38
29205,38
29206,47
29207,47
29208,47
29209,38
29210,38
29211,38
29212,38
29213,47
29214,47
29215,47
29216,38
29217,38
29218,38
29219,51
29220,56
29221,56
29222,56
29223,50
29224,50
29225,50
29226,51
29227,56
29228,56
29229,56
29230,50
29231,50
29232,50
29233,51
29234,56
29235,56
29236,56
29237,50
29238,50
29239,50
29240,51
29241,56
29242,56
29243,56
29244,50
29245,50
29246,50
29247,51
29248,56
29249,56
29250,38
29251,38
29252,38
29253,38
29254,47
29255,47
29256,47
29257,38
29258,38
29259,38
29260,38
29261,47
29262,47
29263,47
29264,38
29265,38
29266,38
29267,38
29268,47
29269,47
29270,47
29271,38
29272,38
29273,38
29274,38
29275,47
29276,47
29277,47
29278,38
29279,38
29280,38
29281,38
29282,47
29283,47
29284,47
29285,38
29286,38
29287,38
29288,38
29289,47
29290,47
29291,47
29292,38
29293,38
29294,38
29295,38
29296,47
29297,47
29298,47
29299,38
29300,38
29301,38
29302,38
29303,47
29304,47
29305,47
29306,38
29307,38
29308,38
29309,51
29310,56
29311,56
29312,56
29313,50
29314,50
29315,50
29316,51
29317,56
29318,56
29319,56
29320,50
29321,50
29322,50
29323,51
29324,56
29325,56
29326,56
29327,50
29328,50
29329,50
29330,51
29331,56
29332,56
29333,56
29334,50
29335,50
29336,50
29337,51
29338,56
29339,56
29340,38
29341,38
29342,38
29343,38
29344,47
29345,47
29346,47
29347,38
29348,38
29349,38
29350,38
29351,47
29352,47
29353,47
29354,38
29355,38
29356,38
29357,38
29358,47
29359,47
29360,47
29361,38
29362,38
29363,38
29364,38
29365,47
29366,47
29367,47
29368,38
29369,38
29370,38
29371,38
29372,47
29373,47
29374,47
29375,38
29376,38
29377,38
29378,38
29379,47
29380,47
29381,47
29382,38
29383,38
29384,38
29385,38
29386,47
29387,47
29388,47
29389,38
29390,38
29391,38
29392,38
29393,47
29394,47
29395,47
29396,38
29397,38
29398,38
29399,51
29400,56
29401,56
29402,56
29403,50
29404,50
29405,50
29406,51
29407,56
29408,56
29409,56
29410,50
29411,50
29412,50
29413,51
29414,56
29415,56
29416,56
29417,50
29418,50
29419,50
29420,51
29421,56
29422,56
29423,56
29424,50
29425,50
29426,50
29427,51
29428,56
29429,56
29430,38
29431,38
29432,38
29433,38
29434,47
29435,47
29436,47
29437,38
29438,38
29439,38
29440,38
29441,47
29442,47
29443,47
29444,38
29445,38
29446,38
29447,38
29448,47
29449,47
29450,47
29451,38
29452,38
29453,38
29454,38
29455,47
29456,47
29457,47
29458,38
29459,38
29460,38
29461,38
29462,47
29463,47
29464,47
29465,38
29466,38
29467,38
29468,38
29469,47
29470,47
29471,47
29472,38
29473,38
29474,38
29475,38
29476,47
29477,47
29478,47
29479,38
29480,38
29481,38
29482,38
29483,47
29484,47
29485,47
29486,38
29487,38
29488,38
29489,51
29490,56
29491,56
29492,56
29493,50
29494,50
29495,50
29496,51
29497,56
29498,56
29499,56
29500,50
29501,50
29502,50
29503,51
29504,56
29505,56
29506,56
29507,50
29508,50
29509,50
29510,51
29511,56
29512,56
29513,56
29514,50
29515,50
29516,50
29517,51
29518,56
29519,56
29520,38
29521,38
29522,38
29523,38
29524,47
29525,47
29526,47
29527,38
29528,38
29529,38
29530,38
29531,47
29532,47
29533,47
29534,38
29535,38
29536,38
29537,38
29538,47
29539,47
29540,47
29541,38
29542,38
29543,38
29544,38
29545,47
29546,47
29547,47
29548,38
29549,38
29550,38
29551,38
29552,47
29553,47
29554,47
29555,38
29556,38
29557,38
29558,38
29559,47
29560,47
29561,47
29562,38
29563,38
29564,38
29565,38
29566,47
29567,47
29568,47
29569,38
29570,38
29571,38
29572,38
29573,47
29574,47
29575,47
29576,38
29577,38
29578,38
29579,51
29580,56
29581,56
29582,56
29583,50
29584,50
29585,50
29586,51
29587,56
29588,56
29589,56
29590,50
29591,50
29592,50
29593,51
29594,56
29595,56
29596,56
29597,50
29598,50
29599,50
29600,51
29601,56
29602,56
29603,56
29604,50
29605,50
29606,50
29607,51
29608,56
29609,56
29610,38
29611,38
29612,38
29613,38
29614,47
29615,47
29616,47
29617,38
29618,38
29619,38
29620,38
29621,47
29622,47
29623,47
29624,38
29625,38
29626,38
29627,38
29628,47
29629,47
29630,47
29631,38
29632,38
29633,38
29634,38
29635,47
29636,47
29637,47
29638,38
29639,38
29640,38
29641,38
29642,47
29643,47
29644,47
29645,38
29646,38
29647,38
29648,38
29649,47
29650,47
29651,47
29652,38
29653,38
29654,38
29655,38
29656,47
29657,47
29658,47
29659,38
29660,38
29661,38
29662,38
29663,47
29664,47
29665,47
29666,38
29667,38
29668,38
29669,51
29670,56
29671,56
29672,56
29673,50
29674,50
29675,50
29676,51
29677,56
29678,56
29679,56
29680,50
29681,50
29682,50
29683,51
29684,56
29685,56
29686,56
29687,50
29688,50
29689,50
29690,51
29691,56
29692,56
29693,56
29694,50
29695,50
29696,50
29697,51
29698,56
29699,56
29700,19
29701,19
29702,19
29703,19
29704,23
29705,23
29706,23
29707,19
29708,19
29709,19
29710,19
29711,23
29712,23
29713,23
29714,19
29715,19
29716,19
29717,19
29718,24
29719,24
29720,24
29721,19
29722,19
29723,19
29724,19
29725,24
29726,24
29727,24
29728,19
29729,19
29730,19
29731,19
29732,24
29733,24
29734,24
29735,19
29736,19
29737,19
29738,19
29739,24
29740,24
29741,24
29742,19
29743,19
29744,19
29745,19
29746,24
29747,24
29748,24
29749,19
29750,19
29751,19
29752,19
29753,24
29754,24
29755,24
29756,19
29757,19
29758,19
29759,30
29760,33
29761,33
29762,33
29763,26
29764,27
29765,27
29766,30
29767,33
29768,33
29769,33
29770,26
29771,27
29772,27
29773,30
29774,33
29775,33
29776,33
29777,26
29778,27
29779,27
29780,30
29781,33
29782,33
29783,33
29784,26
29785,27
29786,27
29787,30
29788,33
29789,33
29790,21
29791,21
29792,21
29793,21
29794,28
29795,28
29796,28
29797,21
29798,21
29799,21
29800,21
29801,28
29802,28
29803,28
29804,21
29805,21
29806,21
29807,21
29808,28
29809,28
29810,28
29811,21
29812,21
29813,21
29814,21
29815,28
29816,28
29817,28
29818,21
29819,21
29820,21
29821,21
29822,28
29823,28
29824,28
29825,21
29826,21
29827,21
29828,21
29829,28
29830,28
29831,28
29832,21
29833,21
29834,21
29835,21
29836,28
29837,28
29838,28
29839,21
29840,21
29841,21
29842,21
29843,28
29844,28
29845,28
29846,21
29847,21
29848,21
29849,32
29850,37
29851,37
29852,37
29853,27
29854,28
29855,28
29856,32
29857,37
29858,37
29859,37
29860,27
29861,28
29862,28
29863,32
29864,37
29865,37
29866,37
29867,27
29868,28
29869,28
29870,32
29871,37
29872,37
29873,37
29874,27
29875,28
29876,28
29877,32
29878,37
29879,37
29880,21
29881,21
29882,21
29883,21
29884,27
29885,27
29886,27
29887,21
29888,21
29889,21
29890,21
29891,27
29892,27
29893,27
29894,21
29895,21
29896,21
29897,21
29898,27
29899,27
29900,27
29901,21
29902,21
29903,21
29904,21
29905,27
29906,27
29907,27
29908,21
29909,21
29910,21
29911,21
29912,27
29913,27
29914,27
29915,21
29916,21
29917,21
29918,21
29919,27
29920,27
29921,27
29922,21
29923,21
29924,21
29925,21
29926,27
29927,27
29928,27
29929,21
29930,21
29931,21
29932,21
29933,27
29934,27
29935,27
29936,21
29937,21
29938,21
29939,32
29940,37
29941,37
29942,37
29943,27
29944,28
29945,28
29946,32
29947,37
29948,37
29949,37
29950,27
29951,28
29952,28
29953,32
29954,37
29955,37
29956,37
29957,27
29958,28
29959,28
29960,32
29961,37
29962,37
29963,37
29964,27
29965,28
29966,28
29967,32
29968,37
29969,37
29970,21
29971,21
29972,21
29973,21
29974,26
29975,26
29976,26
29977,21
29978,21
29979,21
29980,21
29981,26
29982,26
29983,26
29984,21
29985,21
29986,21
29987,21
29988,26
29989,26
29990,26
29991,21
29992,21
29993,21
29994,21
29995,26
29996,26
29997,26
29998,21
29999,21
30000,21
30001,21
30002,26
30003,26
30004,26
30005,21
30006,21
30007,21
30008,21
30009,26
30010,26
30011,26
30012,21
30013,21
30014,21
30015,21
30016,26
30017,26
30018,26
30019,21
30020,21
30021,21
30022,21
30023,26
30024,26
30025,26
30026,21
30027,21
30028,21
30029,32
30030,37
30031,37
30032,37
30033,27
30034,28
30035,28
30036,32
30037,37
30038,37
30039,37
30040,27
30041,28
30042,28
30043,32
30044,37
30045,37
30046,37
30047,27
30048,28
30049,28
30050,32
30051,37
30052,37
30053,37
30054,27
30055,28
30056,28
30057,32
30058,37
30059,37
30060,15
30061,15
30062,15
30063,15
30064,20
30065,20
30066,20
30067,15
30068,15
30069,15
30070,15
30071,20
30072,20
30073,20
30074,15
30075,15
30076,15
30077,15
30078,20
30079,20
30080,20
30081,15
30082,15
30083,15
30084,15
30085,20
30086,20
30087,20
30088,15
30089,15
30090,15
30091,15
30092,20
30093,20
30094,20
30095,15
30096,15
30097,15
30098,15
30099,20
30100,20
30101,20
30102,15
30103,15
30104,15
30105,15
30106,20
30107,20
30108,20
30109,15
30110,15
30111,15
30112,15
30113,20
30114,20
30115,20
30116,15
30117,15
30118,15
30119,24
30120,28
30121,28
30122,28
30123,21
30124,21
30125,21
30126,24
30127,28
30128,28
30129,28
30130,21
30131,21
30132,21
30133,24
30134,28
30135,28
30136,28
30137,21
30138,21
30139,21
30140,24
30141,28
30142,28
30143,28
30144,21
30145,21
30146,21
30147,24
30148,28
30149,28
30150,15
30151,15
30152,15
30153,15
30154,20
30155,20
30156,20
30157,15
30158,15
30159,15
30160,15
30161,20
30162,20
30163,20
30164,15
30165,15
30166,15
30167,15
30168,20
30169,20
30170,20
30171,15
30172,15
30173,15
30174,15
30175,20
30176,20
30177,20
30178,15
30179,15
30180,15
30181,15
30182,20
30183,20
30184,20
30185,15
30186,15
30187,15
30188,15
30189,20
30190,20
30191,20
30192,15
30193,15
30194,15
30195,15
30196,20
30197,20
30198,20
30199,15
30200,15
30201,15
30202,15
30203,20
30204,20
30205,20
30206,15
30207,15
30208,15
30209,24
30210,28
30211,28
30212,28
30213,21
30214,21
30215,21
30216,24
30217,28
30218,28
30219,28
30220,21
30221,21
30222,21
30223,24
30224,28
30225,28
30226,28
30227,21
30228,21
30229,21
30230,24
30231,28
30232,28
30233,28
30234,21
30235,21
30236,21
30237,24
30238,28
30239,28
30240,15
30241,15
30242,15
30243,15
30244,20
30245,20
30246,20
30247,15
30248,15
30249,15
30250,15
30251,20
30252,20
30253,20
30254,15
30255,15
30256,15
30257,15
30258,20
30259,20
30260,20
30261,15
30262,15
30263,15
30264,15
30265,20
30266,20
30267,20
30268,15
30269,15
30270,15
30271,15
30272,20
30273,20
30274,20
30275,15
30276,15
30277,15
30278,15
30279,20
30280,20
30281,20
30282,15
30283,15
30284,15
30285,15
30286,20
30287,20
30288,20
30289,15
30290,15
30291,15
30292,15
30293,20
30294,20
30295,20
30296,15
30297,15
30298,15
30299,24
30300,28
30301,28
30302,28
30303,21
30304,21
30305,21
30306,24
30307,28
30308,28
30309,28
30310,21
30311,21
30312,21
30313,24
30314,28
30315,28
30316,28
30317,21
30318,21
30319,21
30320,24
30321,28
30322,28
30323,28
30324,21
30325,21
30326,21
30327,24
30328,28
30329,28
30330,21
30331,22
30332,22
30333,22
30334,28
30335,28
30336,28
30337,21
30338,22
30339,22
30340,22
30341,28
30342,28
30343,28
30344,21
30345,22
30346,22
30347,22
30348,28
30349,28
30350,28
30351,21
30352,22
30353,22
30354,22
30355,28
30356,28
30357,28
30358,21
30359,22
30360,22
30361,23
30362,28
30363,28
30364,28
30365,22
30366,23
30367,23
30368,23
30369,28
30370,28
30371,28
30372,22
30373,23
30374,23
30375,23
30376,28
30377,28
30378,28
30379,22
30380,23
30381,23
30382,23
30383,28
30384,28
30385,28
30386,22
30387,23
30388,23
30389,33
30390,38
30391,38
30392,38
30393,28
30394,30
30395,30
30396,33
30397,38
30398,38
30399,38
30400,28
30401,30
30402,30
30403,33
30404,38
30405,38
30406,38
30407,28
30408,30
30409,30
30410,33
30411,38
30412,38
30413,38
30414,28
30415,30
30416,30
30417,33
30418,38
30419,38
30420,20
30421,21
30422,21
30423,21
30424,26
30425,26
30426,26
30427,20
30428,21
30429,21
30430,21
30431,26
30432,26
30433,26
30434,20
30435,21
30436,21
30437,21
30438,26
30439,26
30440,26
30441,20
30442,21
30443,21
30444,21
30445,26
30446,26
30447,26
30448,21
30449,21
30450,21
30451,21
30452,26
30453,26
30454,26
30455,21
30456,22
30457,22
30458,22
30459,27
30460,27
30461,27
30462,21
30463,22
30464,22
30465,22
30466,27
30467,27
30468,27
30469,21
30470,22
30471,22
30472,22
30473,27
30474,27
30475,27
30476,21
30477,22
30478,22
30479,33
30480,37
30481,37
30482,37
30483,27
30484,30
30485,30
30486,33
30487,37
30488,37
30489,37
30490,28
30491,30
30492,30
30493,33
30494,37
30495,37
30496,37
30497,28
30498,30
30499,30
30500,33
30501,37
30502,37
30503,37
30504,28
30505,30
30506,30
30507,33
30508,37
30509,37
30510,20
30511,21
30512,21
30513,21
30514,26
30515,26
30516,26
30517,20
30518,21
30519,21
30520,21
30521,26
30522,26
30523,26
30524,20
30525,21
30526,21
30527,21
30528,26
30529,26
30530,26
30531,20
30532,21
30533,21
30534,21
30535,26
30536,26
30537,26
30538,21
30539,21
30540,21
30541,21
30542,26
30543,26
30544,26
30545,21
30546,22
30547,22
30548,22
30549,27
30550,27
30551,27
30552,21
30553,22
30554,22
30555,22
30556,27
30557,27
30558,27
30559,21
30560,22
30561,22
30562,22
30563,27
30564,27
30565,27
30566,21
30567,22
30568,22
30569,33
30570,37
30571,37
30572,37
30573,27
30574,30
30575,30
30576,33
30577,37
30578,37
30579,37
30580,28
30581,30
30582,30
30583,33
30584,37
30585,37
30586,37
30587,28
30588,30
30589,30
30590,33
30591,37
30592,37
30593,37
30594,28
30595,30
30596,30
30597,33
30598,37
30599,37
30600,43
30601,45
30602,45
30603,45
30604,51
30605,51
30606,51
30607,43
30608,45
30609,45
30610,45
30611,51
30612,51
30613,51
30614,43
30615,45
30616,45
30617,45
30618,51
30619,51
30620,51
30621,43
30622,45
30623,45
30624,45
30625,51
30626,51
30627,51
30628,43
30629,45
30630,45
30631,45
30632,52
30633,52
30634,53
30635,43
30636,45
30637,45
30638,45
30639,52
30640,52
30641,53
30642,43
30643,45
30644,45
30645,45
30646,52
30647,52
30648,53
30649,43
30650,45
30651,45
30652,45
30653,52
30654,52
30655,53
30656,43
30657,45
30658,45
30659,58
30660,71
30661,71
30662,71
30663,56
30664,57
30665,57
30666,58
30667,71
30668,71
30669,71
30670,56
30671,57
30672,57
30673,58
30674,71
30675,71
30676,71
30677,56
30678,57
30679,57
30680,58
30681,71
30682,71
30683,71
30684,56
30685,57
30686,57
30687,58
30688,71
30689,71
30690,54
30691,55
30692,55
30693,55
30694,69
30695,69
30696,69
30697,54
30698,55
30699,55
30700,55
30701,69
30702,69
30703,69
30704,54
30705,55
30706,55
30707,55
30708,69
30709,69
30710,69
30711,54
30712,55
30713,55
30714,55
30715,69
30716,69
30717,69
30718,54
30719,55
30720,55
30721,55
30722,70
30723,70
30724,70
30725,54
30726,55
30727,55
30728,55
30729,70
30730,70
30731,70
30732,54
30733,55
30734,55
30735,55
30736,70
30737,70
30738,70
30739,54
30740,55
30741,55
30742,55
30743,70
30744,70
30745,70
30746,54
30747,55
30748,55
30749,75
30750,86
30751,87
30752,87
30753,73
30754,75
30755,75
30756,75
30757,86
30758,87
30759,87
30760,73
30761,75
30762,75
30763,75
30764,86
30765,87
30766,87
30767,73
30768,75
30769,75
30770,75
30771,86
30772,87
30773,87
30774,73
30775,75
30776,75
30777,75
30778,86
30779,87
30780,54
30781,55
30782,55
30783,55
30784,68
30785,68
30786,68
30787,54
30788,55
30789,55
30790,55
30791,68
30792,68
30793,68
30794,54
30795,55
30796,55
30797,55
30798,68
30799,68
30800,68
30801,54
30802,55
30803,55
30804,55
30805,68
30806,68
30807,68
30808,54
30809,55
30810,55
30811,55
30812,69
30813,69
30814,69
30815,54
30816,55
30817,55
30818,55
30819,69
30820,69
30821,69
30822,54
30823,55
30824,55
30825,55
30826,69
30827,69
30828,69
30829,54
30830,55
30831,55
30832,55
30833,69
30834,69
30835,69
30836,54
30837,55
30838,55
30839,73
30840,86
30841,87
30842,87
30843,71
30844,73
30845,73
30846,73
30847,86
30848,87
30849,87
30850,71
30851,73
30852,73
30853,73
30854,86
30855,87
30856,87
30857,71
30858,73
30859,73
30860,73
30861,86
30862,87
30863,87
30864,71
30865,73
30866,73
30867,73
30868,86
30869,87
30870,54
30871,55
30872,55
30873,55
30874,67
30875,67
30876,67
30877,54
30878,55
30879,55
30880,55
30881,67
30882,67
30883,67
30884,54
30885,55
30886,55
30887,55
30888,67
30889,67
30890,67
30891,54
30892,55
30893,55
30894,55
30895,67
30896,67
30897,67
30898,54
30899,55
30900,55
30901,55
30902,68
30903,68
30904,68
30905,54
30906,55
30907,55
30908,55
30909,68
30910,68
30911,68
30912,54
30913,55
30914,55
30915,55
30916,68
30917,68
30918,68
30919,54
30920,55
30921,55
30922,55
30923,68
30924,68
30925,68
30926,54
30927,55
30928,55
30929,73
30930,86
30931,87
30932,87
30933,71
30934,73
30935,73
30936,73
30937,86
30938,87
30939,87
30940,71
30941,73
30942,73
30943,73
30944,86
30945,87
30946,87
30947,71
30948,73
30949,73
30950,73
30951,86
30952,87
30953,87
30954,71
30955,73
30956,73
30957,73
30958,86
30959,87
30960,32
30961,36
30962,36
30963,36
30964,42
30965,43
30966,43
30967,32
30968,36
30969,36
30970,36
30971,42
30972,43
30973,43
30974,32
30975,36
30976,36
30977,36
30978,42
30979,43
30980,43
30981,32
30982,36
30983,36
30984,36
30985,42
30986,43
30987,43
30988,32
30989,36
30990,36
30991,36
30992,44
30993,45
30994,45
30995,32
30996,36
30997,36
30998,36
30999,45
31000,45
31001,45
31002,32
31003,36
31004,36
31005,36
31006,45
31007,45
31008,45
31009,32
31010,36
31011,36
31012,36
31013,45
31014,45
31015,45
31016,32
31017,36
31018,36
31019,50
31020,56
31021,56
31022,56
31023,44
31024,49
31025,49
31026,50
31027,56
31028,56
31029,56
31030,44
31031,49
31032,49
31033,50
31034,56
31035,56
31036,56
31037,44
31038,49
31039,49
31040,50
31041,56
31042,56
31043,56
31044,44
31045,49
31046,49
31047,50
31048,56
31049,56
31050,32
31051,36
31052,36
31053,36
31054,42
31055,43
31056,43
31057,32
31058,36
31059,36
31060,36
31061,42
31062,43
31063,43
31064,32
31065,36
31066,36
31067,36
31068,42
31069,43
31070,43
31071,32
31072,36
31073,36
31074,36
31075,42
31076,43
31077,43
31078,32
31079,36
31080,36
31081,36
31082,44
31083,45
31084,45
31085,32
31086,36
31087,36
31088,36
31089,45
31090,45
31091,45
31092,32
31093,36
31094,36
31095,36
31096,45
31097,45
31098,45
31099,32
31100,36
31101,36
31102,36
31103,45
31104,45
31105,45
31106,32
31107,36
31108,36
31109,50
31110,56
31111,56
31112,56
31113,44
31114,49
31115,49
31116,50
31117,56
31118,56
31119,56
31120,44
31121,49
31122,49
31123,50
31124,56
31125,56
31126,56
31127,44
31128,49
31129,49
31130,50
31131,56
31132,56
31133,56
31134,44
31135,49
31136,49
31137,50
31138,56
31139,56
31140,32
31141,36
31142,36
31143,36
31144,42
31145,43
31146,43
31147,32
31148,36
31149,36
31150,36
31151,42
31152,43
31153,43
31154,32
31155,36
31156,36
31157,36
31158,42
31159,43
31160,43
31161,32
31162,36
31163,36
31164,36
31165,42
31166,43
31167,43
31168,32
31169,36
31170,36
31171,36
31172,44
31173,45
31174,45
31175,32
31176,36
31177,36
31178,36
31179,44
31180,45
31181,45
31182,32
31183,36
31184,36
31185,36
31186,44
31187,45
31188,45
31189,32
31190,36
31191,36
31192,36
31193,44
31194,45
31195,45
31196,32
31197,36
31198,36
31199,50
31200,56
31201,56
31202,56
31203,44
31204,49
31205,49
31206,50
31207,56
31208,56
31209,56
31210,44
31211,49
31212,49
31213,50
31214,56
31215,56
31216,56
31217,44
31218,49
31219,49
31220,50
31221,56
31222,56
31223,56
31224,44
31225,49
31226,49
31227,50
31228,56
31229,56
31230,48
31231,55
31232,55
31233,55
31234,64
31235,65
31236,65
31237,48
31238,54
31239,55
31240,55
31241,64
31242,65
31243,65
31244,48
31245,54
31246,55
31247,55
31248,64
31249,65
31250,65
31251,48
31252,54
31253,55
31254,55
31255,65
31256,65
31257,66
31258,49
31259,54
31260,55
31261,55
31262,66
31263,67
31264,68
31265,49
31266,54
31267,55
31268,55
31269,67
31270,67
31271,68
31272,50
31273,54
31274,55
31275,55
31276,67
31277,67
31278,68
31279,50
31280,54
31281,55
31282,55
31283,67
31284,67
31285,68
31286,50
31287,54
31288,55
31289,71
31290,80
31291,81
31292,82
31293,63
31294,69
31295,69
31296,71
31297,80
31298,81
31299,82
31300,63
31301,69
31302,69
31303,71
31304,80
31305,81
31306,82
31307,63
31308,69
31309,69
31310,71
31311,80
31312,81
31313,82
31314,63
31315,69
31316,69
31317,71
31318,81
31319,81
31320,46
31321,53
31322,53
31323,53
31324,61
31325,61
31326,61
31327,46
31328,52
31329,53
31330,53
31331,61
31332,61
31333,61
31334,46
31335,52
31336,53
31337,53
31338,61
31339,61
31340,61
31341,46
31342,52
31343,53
31344,53
31345,61
31346,61
31347,62
31348,46
31349,52
31350,53
31351,53
31352,63
31353,63
31354,64
31355,46
31356,52
31357,53
31358,53
31359,63
31360,64
31361,64
31362,47
31363,52
31364,53
31365,53
31366,63
31367,64
31368,64
31369,47
31370,52
31371,53
31372,53
31373,63
31374,64
31375,64
31376,48
31377,52
31378,53
31379,69
31380,78
31381,79
31382,80
31383,62
31384,68
31385,68
31386,69
31387,78
31388,79
31389,80
31390,62
31391,68
31392,68
31393,69
31394,78
31395,79
31396,80
31397,62
31398,68
31399,68
31400,69
31401,78
31402,79
31403,80
31404,63
31405,68
31406,69
31407,69
31408,79
31409,79
31410,46
31411,53
31412,53
31413,53
31414,61
31415,61
31416,61
31417,46
31418,52
31419,53
31420,53
31421,61
31422,61
31423,61
31424,46
31425,52
31426,53
31427,53
31428,61
31429,61
31430,61
31431,46
31432,52
31433,53
31434,53
31435,61
31436,61
31437,62
31438,46
31439,52
31440,53
31441,53
31442,63
31443,63
31444,64
31445,46
31446,52
31447,53
31448,53
31449,63
31450,64
31451,64
31452,47
31453,52
31454,53
31455,53
31456,63
31457,64
31458,64
31459,47
31460,52
31461,53
31462,53
31463,63
31464,64
31465,64
31466,48
31467,52
31468,53
31469,69
31470,78
31471,79
31472,80
31473,62
31474,68
31475,68
31476,69
31477,78
31478,79
31479,80
31480,62
31481,68
31482,68
31483,69
31484,78
31485,79
31486,80
31487,62
31488,68
31489,68
31490,69
31491,78
31492,79
31493,80
31494,63
31495,68
31496,69
31497,69
31498,79
31499,79
31500,43
31501,45
31502,45
31503,45
31504,57
31505,57
31506,57
31507,43
31508,45
31509,45
31510,45
31511,57
31512,57
31513,57
31514,43
31515,45
31516,45
31517,45
31518,57
31519,57
31520,58
31521,43
31522,45
31523,45
31524,45
31525,57
31526,57
31527,58
31528,43
31529,45
31530,45
31531,45
31532,58
31533,58
31534,58
31535,43
31536,45
31537,45
31538,45
31539,58
31540,58
31541,58
31542,43
31543,45
31544,45
31545,45
31546,58
31547,58
31548,58
31549,43
31550,45
31551,45
31552,45
31553,58
31554,58
31555,58
31556,43
31557,45
31558,45
31559,61
31560,74
31561,74
31562,74
31563,59
31564,60
31565,60
31566,61
31567,74
31568,74
31569,74
31570,59
31571,60
31572,60
31573,61
31574,74
31575,74
31576,74
31577,59
31578,60
31579,60
31580,61
31581,74
31582,74
31583,74
31584,59
31585,60
31586,60
31587,61
31588,74
31589,74
31590,57
31591,57
31592,57
31593,58
31594,71
31595,71
31596,71
31597,57
31598,57
31599,57
31600,58
31601,71
31602,71
31603,71
31604,57
31605,57
31606,57
31607,58
31608,71
31609,71
31610,71
31611,57
31612,57
31613,57
31614,58
31615,71
31616,71
31617,71
31618,57
31619,57
31620,57
31621,58
31622,72
31623,72
31624,72
31625,57
31626,57
31627,57
31628,58
31629,72
31630,72
31631,72
31632,57
31633,57
31634,57
31635,58
31636,72
31637,72
31638,72
31639,57
31640,57
31641,57
31642,58
31643,72
31644,72
31645,72
31646,57
31647,57
31648,57
31649,77
31650,89
31651,90
31652,90
31653,75
31654,76
31655,76
31656,77
31657,89
31658,90
31659,90
31660,75
31661,76
31662,76
31663,77
31664,89
31665,90
31666,90
31667,75
31668,76
31669,76
31670,77
31671,89
31672,90
31673,90
31674,75
31675,76
31676,76
31677,77
31678,89
31679,90
31680,57
31681,57
31682,57
31683,58
31684,69
31685,69
31686,69
31687,57
31688,57
31689,57
31690,58
31691,69
31692,69
31693,69
31694,57
31695,57
31696,57
31697,58
31698,69
31699,69
31700,69
31701,57
31702,57
31703,57
31704,58
31705,69
31706,69
31707,69
31708,57
31709,57
31710,57
31711,58
31712,70
31713,70
31714,70
31715,57
31716,57
31717,57
31718,58
31719,70
31720,70
31721,70
31722,57
31723,57
31724,57
31725,58
31726,70
31727,70
31728,70
31729,57
31730,57
31731,57
31732,58
31733,70
31734,70
31735,70
31736,57
31737,57
31738,57
31739,75
31740,89
31741,90
31742,90
31743,72
31744,74
31745,74
31746,75
31747,89
31748,90
31749,90
31750,72
31751,74
31752,74
31753,75
31754,89
31755,90
31756,90
31757,72
31758,74
31759,74
31760,75
31761,89
31762,90
31763,90
31764,72
31765,74
31766,74
31767,75
31768,89
31769,90
31770,57
31771,57
31772,57
31773,58
31774,69
31775,69
31776,69
31777,57
31778,57
31779,57
31780,58
31781,69
31782,69
31783,69
31784,57
31785,57
31786,57
31787,58
31788,69
31789,69
31790,69
31791,57
31792,57
31793,57
31794,58
31795,69
31796,69
31797,69
31798,57
31799,57
31800,57
31801,58
31802,70
31803,70
31804,70
31805,57
31806,57
31807,57
31808,58
31809,70
31810,70
31811,70
31812,57
31813,57
31814,57
31815,58
31816,70
31817,70
31818,70
31819,57
31820,57
31821,57
31822,58
31823,70
31824,70
31825,70
31826,57
31827,57
31828,57
31829,75
31830,89
31831,90
31832,90
31833,72
31834,74
31835,74
31836,75
31837,89
31838,90
31839,90
31840,72
31841,74
31842,74
31843,75
31844,89
31845,90
31846,90
31847,72
31848,74
31849,74
31850,75
31851,89
31852,90
31853,90
31854,72
31855,74
31856,74
31857,75
31858,89
31859,90
31860,35
31861,38
31862,38
31863,39
31864,47
31865,47
31866,47
31867,35
31868,38
31869,38
31870,39
31871,47
31872,47
31873,47
31874,35
31875,38
31876,38
31877,39
31878,47
31879,47
31880,48
31881,35
31882,38
31883,38
31884,39
31885,48
31886,48
31887,48
31888,35
31889,38
31890,39
31891,39
31892,49
31893,49
31894,50
31895,35
31896,39
31897,39
31898,39
31899,49
31900,49
31901,50
31902,35
31903,39
31904,39
31905,39
31906,49
31907,49
31908,50
31909,35
31910,39
31911,39
31912,39
31913,49
31914,49
31915,50
31916,35
31917,39
31918,39
31919,53
31920,64
31921,64
31922,64
31923,47
31924,52
31925,52
31926,53
31927,64
31928,64
31929,64
31930,47
31931,52
31932,52
31933,53
31934,64
31935,64
31936,64
31937,47
31938,52
31939,52
31940,53
31941,64
31942,64
31943,64
31944,47
31945,52
31946,52
31947,53
31948,64
31949,64
31950,35
31951,38
31952,38
31953,39
31954,47
31955,47
31956,47
31957,35
31958,38
31959,38
31960,39
31961,47
31962,47
31963,47
31964,35
31965,38
31966,38
31967,39
31968,47
31969,47
31970,48
31971,35
31972,38
31973,38
31974,39
31975,48
31976,48
31977,48
31978,35
31979,38
31980,39
31981,39
31982,49
31983,49
31984,50
31985,35
31986,39
31987,39
31988,39
31989,49
31990,49
31991,50
31992,35
31993,39
31994,39
31995,39
31996,49
31997,49
31998,50
31999,35
32000,39
32001,39
32002,39
32003,49
32004,49
32005,50
32006,35
32007,39
32008,39
32009,53
32010,64
32011,64
32012,64
32013,47
32014,52
32015,52
32016,53
32017,64
32018,64
32019,64
32020,47
32021,52
32022,52
32023,53
32024,64
32025,64
32026,64
32027,47
32028,52
32029,52
32030,53
32031,64
32032,64
32033,64
32034,47
32035,52
32036,52
32037,53
32038,64
32039,64
32040,35
32041,38
32042,38
32043,39
32044,47
32045,47
32046,47
32047,35
32048,38
32049,38
32050,39
32051,47
32052,47
32053,47
32054,35
32055,38
32056,38
32057,39
32058,47
32059,47
32060,48
32061,35
32062,38
32063,38
32064,39
32065,47
32066,47
32067,48
32068,35
32069,38
32070,39
32071,39
32072,49
32073,49
32074,49
32075,35
32076,39
32077,39
32078,39
32079,49
32080,49
32081,49
32082,35
32083,39
32084,39
32085,39
32086,49
32087,49
32088,49
32089,35
32090,39
32091,39
32092,39
32093,49
32094,49
32095,49
32096,35
32097,39
32098,39
32099,53
32100,64
32101,64
32102,64
32103,47
32104,52
32105,52
32106,53
32107,64
32108,64
32109,64
32110,47
32111,52
32112,52
32113,53
32114,64
32115,64
32116,64
32117,47
32118,52
32119,52
32120,53
32121,64
32122,64
32123,64
32124,47
32125,52
32126,52
32127,53
32128,64
32129,64
32130,52
32131,61
32132,61
32133,61
32134,78
32135,78
32136,79
32137,52
32138,61
32139,61
32140,61
32141,78
32142,78
32143,79
32144,52
32145,61
32146,61
32147,61
32148,78
32149,78
32150,79
32151,52
32152,61
32153,61
32154,62
32155,78
32156,78
32157,79
32158,52
32159,61
32160,62
32161,62
32162,80
32163,80
32164,80
32165,52
32166,63
32167,63
32168,63
32169,80
32170,80
32171,80
32172,53
32173,63
32174,63
32175,63
32176,80
32177,80
32178,80
32179,53
32180,63
32181,63
32182,63
32183,80
32184,80
32185,80
32186,53
32187,63
32188,63
32189,79
32190,89
32191,91
32192,91
32193,74
32194,79
32195,79
32196,79
32197,90
32198,91
32199,91
32200,74
32201,79
32202,79
32203,79
32204,90
32205,91
32206,91
32207,74
32208,79
32209,79
32210,79
32211,90
32212,92
32213,92
32214,74
32215,79
32216,79
32217,79
32218,90
32219,92
32220,50
32221,61
32222,61
32223,61
32224,71
32225,72
32226,72
32227,50
32228,61
32229,61
32230,61
32231,71
32232,72
32233,72
32234,50
32235,61
32236,61
32237,61
32238,71
32239,72
32240,72
32241,50
32242,61
32243,61
32244,61
32245,71
32246,72
32247,72
32248,50
32249,61
32250,62
32251,62
32252,71
32253,72
32254,72
32255,50
32256,63
32257,63
32258,63
32259,71
32260,72
32261,72
32262,50
32263,63
32264,63
32265,63
32266,71
32267,72
32268,72
32269,50
32270,63
32271,63
32272,63
32273,71
32274,72
32275,72
32276,51
32277,63
32278,63
32279,77
32280,88
32281,89
32282,89
32283,72
32284,77
32285,77
32286,77
32287,88
32288,89
32289,89
32290,72
32291,77
32292,77
32293,77
32294,88
32295,89
32296,89
32297,72
32298,77
32299,77
32300,77
32301,88
32302,90
32303,90
32304,72
32305,77
32306,77
32307,77
32308,88
32309,90
32310,50
32311,61
32312,61
32313,61
32314,71
32315,72
32316,72
32317,50
32318,61
32319,61
32320,61
32321,71
32322,72
32323,72
32324,50
32325,61
32326,61
32327,61
32328,71
32329,72
32330,72
32331,50
32332,61
32333,61
32334,61
32335,71
32336,72
32337,72
32338,50
32339,61
32340,62
32341,62
32342,71
32343,72
32344,72
32345,50
32346,63
32347,63
32348,63
32349,71
32350,72
32351,72
32352,50
32353,63
32354,63
32355,63
32356,71
32357,72
32358,72
32359,50
32360,63
32361,63
32362,63
32363,71
32364,72
32365,72
32366,51
32367,63
32368,63
32369,77
32370,88
32371,89
32372,89
32373,72
32374,77
32375,77
32376,77
32377,88
32378,89
32379,89
32380,72
32381,77
32382,77
32383,77
32384,88
32385,89
32386,89
32387,72
32388,77
32389,77
32390,77
32391,88
32392,90
32393,90
32394,72
32395,77
32396,77
32397,77
32398,88
32399,90
32400,14
32401,19
32402,19
32403,19
32404,22
32405,23
32406,24
32407,14
32408,19
32409,19
32410,19
32411,22
32412,22
32413,24
32414,14
32415,19
32416,19
32417,19
32418,22
32419,22
32420,24
32421,15
32422,19
32423,19
32424,19
32425,21
32426,21
32427,23
32428,16
32429,19
32430,19
32431,20
32432,23
32433,23
32434,25
32435,16
32436,19
32437,20
32438,20
32439,23
32440,23
32441,25
32442,16
32443,20
32444,20
32445,20
32446,23
32447,23
32448,25
32449,16
32450,20
32451,20
32452,20
32453,23
32454,24
32455,24
32456,16
32457,20
32458,20
32459,26
32460,28
32461,32
32462,32
32463,20
32464,24
32465,25
32466,26
32467,27
32468,31
32469,32
32470,19
32471,24
32472,25
32473,26
32474,26
32475,30
32476,30
32477,18
32478,23
32479,24
32480,25
32481,25
32482,30
32483,30
32484,19
32485,23
32486,24
32487,26
32488,25
32489,30
32490,24
32491,26
32492,26
32493,26
32494,30
32495,31
32496,31
32497,24
32498,25
32499,25
32500,26
32501,30
32502,31
32503,31
32504,24
32505,25
32506,25
32507,26
32508,30
32509,31
32510,31
32511,24
32512,25
32513,25
32514,25
32515,30
32516,31
32517,31
32518,24
32519,25
32520,25
32521,26
32522,30
32523,31
32524,31
32525,24
32526,26
32527,26
32528,26
32529,30
32530,31
32531,31
32532,24
32533,25
32534,25
32535,26
32536,30
32537,31
32538,31
32539,24
32540,25
32541,25
32542,26
32543,30
32544,31
32545,31
32546,24
32547,25
32548,25
32549,35
32550,38
32551,42
32552,43
32553,32
32554,33
32555,34
32556,35
32557,38
32558,42
32559,43
32560,31
32561,33
32562,34
32563,35
32564,38
32565,42
32566,43
32567,31
32568,33
32569,34
32570,35
32571,38
32572,42
32573,43
32574,31
32575,33
32576,34
32577,35
32578,38
32579,42
32580,23
32581,25
32582,25
32583,25
32584,30
32585,30
32586,30
32587,23
32588,24
32589,24
32590,25
32591,30
32592,30
32593,30
32594,23
32595,24
32596,24
32597,25
32598,30
32599,30
32600,30
32601,23
32602,24
32603,24
32604,25
32605,29
32606,30
32607,30
32608,23
32609,24
32610,24
32611,25
32612,30
32613,30
32614,31
32615,23
32616,25
32617,25
32618,25
32619,30
32620,30
32621,31
32622,23
32623,24
32624,24
32625,25
32626,30
32627,30
32628,31
32629,23
32630,24
32631,24
32632,25
32633,30
32634,30
32635,31
32636,23
32637,24
32638,24
32639,33
32640,36
32641,39
32642,40
32643,30
32644,32
32645,32
32646,33
32647,36
32648,39
32649,39
32650,29
32651,31
32652,32
32653,33
32654,36
32655,39
32656,39
32657,29
32658,31
32659,32
32660,33
32661,36
32662,39
32663,39
32664,29
32665,31
32666,32
32667,33
32668,36
32669,39
32670,22
32671,24
32672,24
32673,23
32674,26
32675,27
32676,27
32677,21
32678,23
32679,23
32680,23
32681,26
32682,26
32683,27
32684,21
32685,23
32686,23
32687,23
32688,26
32689,26
32690,27
32691,21
32692,23
32693,23
32694,23
32695,26
32696,27
32697,27
32698,21
32699,23
32700,23
32701,24
32702,27
32703,27
32704,27
32705,21
32706,23
32707,23
32708,23
32709,27
32710,27
32711,27
32712,21
32713,23
32714,23
32715,23
32716,27
32717,27
32718,27
32719,21
32720,23
32721,23
32722,23
32723,27
32724,27
32725,27
32726,21
32727,23
32728,23
32729,32
32730,35
32731,37
32732,37
32733,28
32734,31
32735,31
32736,32
32737,35
32738,37
32739,37
32740,28
32741,30
32742,31
32743,32
32744,35
32745,37
32746,37
32747,28
32748,30
32749,31
32750,32
32751,35
32752,36
32753,36
32754,28
32755,30
32756,31
32757,32
32758,35
32759,36
32760,13
32761,16
32762,15
32763,17
32764,20
32765,20
32766,20
32767,13
32768,16
32769,16
32770,17
32771,20
32772,20
32773,20
32774,13
32775,16
32776,16
32777,17
32778,20
32779,20
32780,20
32781,13
32782,16
32783,16
32784,17
32785,19
32786,20
32787,20
32788,12
32789,16
32790,16
32791,17
32792,20
32793,21
32794,21
32795,13
32796,16
32797,16
32798,17
32799,20
32800,21
32801,21
32802,13
32803,16
32804,16
32805,17
32806,20
32807,21
32808,21
32809,13
32810,16
32811,16
32812,17
32813,19
32814,20
32815,20
32816,12
32817,18
32818,18
32819,24
32820,24
32821,26
32822,26
32823,20
32824,21
32825,22
32826,24
32827,24
32828,26
32829,26
32830,20
32831,21
32832,22
32833,24
32834,25
32835,26
32836,26
32837,20
32838,21
32839,22
32840,24
32841,25
32842,28
32843,28
32844,20
32845,22
32846,22
32847,25
32848,26
32849,28
32850,13
32851,15
32852,15
32853,17
32854,20
32855,20
32856,20
32857,13
32858,16
32859,16
32860,17
32861,20
32862,20
32863,20
32864,13
32865,16
32866,16
32867,17
32868,20
32869,20
32870,20
32871,13
32872,16
32873,16
32874,17
32875,19
32876,20
32877,19
32878,12
32879,16
32880,16
32881,17
32882,20
32883,20
32884,20
32885,13
32886,16
32887,16
32888,17
32889,20
32890,20
32891,20
32892,13
32893,16
32894,16
32895,17
32896,20
32897,21
32898,20
32899,13
32900,16
32901,16
32902,17
32903,19
32904,20
32905,20
32906,12
32907,17
32908,18
32909,24
32910,24
32911,26
32912,26
32913,19
32914,21
32915,21
32916,24
32917,24
32918,26
32919,26
32920,19
32921,21
32922,21
32923,24
32924,25
32925,26
32926,26
32927,19
32928,21
32929,22
32930,24
32931,25
32932,28
32933,28
32934,19
32935,21
32936,21
32937,24
32938,26
32939,28
32940,13
32941,15
32942,15
32943,17
32944,18
32945,18
32946,18
32947,13
32948,15
32949,16
32950,17
32951,18
32952,18
32953,18
32954,13
32955,16
32956,16
32957,17
32958,18
32959,19
32960,18
32961,13
32962,16
32963,16
32964,17
32965,18
32966,18
32967,18
32968,12
32969,16
32970,16
32971,17
32972,19
32973,19
32974,19
32975,13
32976,16
32977,16
32978,17
32979,19
32980,19
32981,19
32982,13
32983,16
32984,16
32985,17
32986,19
32987,19
32988,19
32989,13
32990,16
32991,16
32992,17
32993,19
32994,19
32995,19
32996,12
32997,17
32998,18
32999,22
33000,22
33001,23
33002,23
33003,17
33004,20
33005,20
33006,22
33007,22
33008,23
33009,23
33010,17
33011,20
33012,20
33013,23
33014,23
33015,24
33016,24
33017,17
33018,20
33019,20
33020,23
33021,23
33022,26
33023,27
33024,17
33025,20
33026,20
33027,22
33028,24
33029,26
33030,22
33031,23
33032,23
33033,23
33034,34
33035,34
33036,34
33037,22
33038,23
33039,23
33040,23
33041,34
33042,33
33043,33
33044,22
33045,23
33046,23
33047,23
33048,33
33049,33
33050,32
33051,22
33052,23
33053,23
33054,23
33055,32
33056,33
33057,32
33058,23
33059,24
33060,24
33061,26
33062,36
33063,37
33064,36
33065,24
33066,28
33067,28
33068,28
33069,36
33070,38
33071,37
33072,24
33073,28
33074,28
33075,28
33076,35
33077,35
33078,35
33079,24
33080,28
33081,28
33082,27
33083,34
33084,35
33085,34
33086,24
33087,28
33088,28
33089,34
33090,36
33091,39
33092,40
33093,27
33094,31
33095,32
33096,34
33097,35
33098,37
33099,39
33100,28
33101,32
33102,33
33103,34
33104,35
33105,37
33106,38
33107,27
33108,33
33109,34
33110,35
33111,37
33112,39
33113,40
33114,26
33115,33
33116,34
33117,35
33118,38
33119,41
33120,21
33121,22
33122,22
33123,23
33124,28
33125,30
33126,31
33127,20
33128,22
33129,21
33130,22
33131,28
33132,29
33133,30
33134,20
33135,21
33136,21
33137,22
33138,28
33139,29
33140,30
33141,20
33142,21
33143,21
33144,22
33145,28
33146,29
33147,31
33148,21
33149,22
33150,22
33151,23
33152,30
33153,31
33154,32
33155,21
33156,24
33157,25
33158,26
33159,30
33160,31
33161,32
33162,21
33163,25
33164,25
33165,26
33166,30
33167,31
33168,32
33169,21
33170,25
33171,25
33172,25
33173,29
33174,30
33175,31
33176,21
33177,25
33178,24
33179,31
33180,34
33181,37
33182,39
33183,26
33184,29
33185,29
33186,31
33187,33
33188,36
33189,38
33190,27
33191,29
33192,29
33193,31
33194,33
33195,36
33196,37
33197,27
33198,30
33199,31
33200,32
33201,35
33202,37
33203,38
33204,26
33205,31
33206,31
33207,33
33208,36
33209,38
33210,21
33211,22
33212,22
33213,23
33214,29
33215,30
33216,31
33217,21
33218,22
33219,22
33220,22
33221,28
33222,30
33223,30
33224,20
33225,21
33226,22
33227,22
33228,28
33229,29
33230,30
33231,21
33232,21
33233,22
33234,22
33235,28
33236,30
33237,31
33238,21
33239,22
33240,22
33241,24
33242,30
33243,32
33244,32
33245,21
33246,25
33247,25
33248,26
33249,30
33250,31
33251,32
33252,21
33253,25
33254,25
33255,26
33256,29
33257,31
33258,31
33259,21
33260,25
33261,25
33262,25
33263,29
33264,30
33265,31
33266,21
33267,25
33268,25
33269,32
33270,35
33271,37
33272,39
33273,28
33274,30
33275,30
33276,32
33277,34
33278,36
33279,38
33280,28
33281,30
33282,31
33283,32
33284,34
33285,36
33286,38
33287,29
33288,31
33289,31
33290,32
33291,35
33292,37
33293,39
33294,27
33295,32
33296,32
33297,33
33298,37
33299,39
33300,49
33301,56
33302,56
33303,56
33304,61
33305,59
33306,61
33307,49
33308,56
33309,56
33310,56
33311,62
33312,65
33313,66
33314,48
33315,55
33316,56
33317,55
33318,62
33319,62
33320,64
33321,47
33322,54
33323,54
33324,54
33325,63
33326,65
33327,66
33328,46
33329,54
33330,53
33331,57
33332,71
33333,75
33334,76
33335,49
33336,58
33337,59
33338,60
33339,67
33340,70
33341,71
33342,49
33343,58
33344,59
33345,58
33346,68
33347,70
33348,71
33349,48
33350,57
33351,57
33352,56
33353,68
33354,70
33355,70
33356,47
33357,56
33358,56
33359,74
33360,75
33361,79
33362,85
33363,61
33364,67
33365,71
33366,71
33367,79
33368,82
33369,86
33370,60
33371,67
33372,71
33373,71
33374,74
33375,78
33376,83
33377,63
33378,68
33379,70
33380,71
33381,74
33382,78
33383,82
33384,64
33385,67
33386,70
33387,72
33388,73
33389,78
33390,59
33391,72
33392,72
33393,73
33394,82
33395,87
33396,88
33397,59
33398,72
33399,72
33400,73
33401,82
33402,86
33403,88
33404,59
33405,72
33406,72
33407,73
33408,82
33409,86
33410,88
33411,59
33412,72
33413,72
33414,73
33415,81
33416,85
33417,86
33418,61
33419,73
33420,73
33421,75
33422,84
33423,89
33424,92
33425,60
33426,75
33427,75
33428,75
33429,86
33430,90
33431,93
33432,61
33433,76
33434,76
33435,77
33436,87
33437,91
33438,93
33439,61
33440,77
33441,77
33442,78
33443,87
33444,91
33445,93
33446,67
33447,78
33448,78
33449,104
33450,110
33451,113
33452,118
33453,90
33454,100
33455,99
33456,104
33457,110
33458,112
33459,117
33460,90
33461,100
33462,100
33463,105
33464,111
33465,115
33466,120
33467,90
33468,100
33469,100
33470,104
33471,110
33472,113
33473,118
33474,90
33475,100
33476,99
33477,104
33478,110
33479,113
33480,54
33481,63
33482,63
33483,63
33484,76
33485,80
33486,81
33487,54
33488,63
33489,63
33490,63
33491,76
33492,80
33493,81
33494,54
33495,63
33496,63
33497,63
33498,76
33499,80
33500,81
33501,54
33502,63
33503,63
33504,63
33505,76
33506,79
33507,80
33508,55
33509,63
33510,66
33511,66
33512,78
33513,82
33514,83
33515,55
33516,67
33517,67
33518,67
33519,81
33520,84
33521,85
33522,55
33523,67
33524,67
33525,67
33526,81
33527,84
33528,85
33529,55
33530,68
33531,68
33532,68
33533,81
33534,84
33535,86
33536,61
33537,68
33538,68
33539,85
33540,98
33541,99
33542,102
33543,76
33544,84
33545,86
33546,86
33547,99
33548,100
33549,102
33550,72
33551,83
33552,86
33553,85
33554,99
33555,100
33556,103
33557,72
33558,83
33559,86
33560,86
33561,99
33562,100
33563,102
33564,72
33565,83
33566,86
33567,86
33568,99
33569,100
33570,53
33571,62
33572,62
33573,62
33574,72
33575,75
33576,76
33577,53
33578,61
33579,62
33580,62
33581,72
33582,75
33583,76
33584,53
33585,62
33586,62
33587,62
33588,72
33589,75
33590,76
33591,53
33592,62
33593,62
33594,62
33595,72
33596,75
33597,75
33598,54
33599,62
33600,65
33601,65
33602,72
33603,76
33604,76
33605,54
33606,65
33607,66
33608,66
33609,75
33610,78
33611,78
33612,54
33613,65
33614,66
33615,66
33616,75
33617,78
33618,79
33619,54
33620,66
33621,66
33622,66
33623,76
33624,78
33625,79
33626,60
33627,66
33628,66
33629,84
33630,97
33631,98
33632,100
33633,73
33634,83
33635,84
33636,84
33637,97
33638,98
33639,100
33640,71
33641,83
33642,85
33643,84
33644,98
33645,98
33646,101
33647,70
33648,83
33649,85
33650,85
33651,97
33652,98
33653,101
33654,69
33655,83
33656,85
33657,85
33658,97
33659,98
33660,38
33661,42
33662,41
33663,45
33664,55
33665,55
33666,54
33667,38
33668,41
33669,41
33670,45
33671,52
33672,53
33673,54
33674,37
33675,41
33676,41
33677,44
33678,53
33679,53
33680,53
33681,37
33682,41
33683,41
33684,44
33685,53
33686,53
33687,53
33688,37
33689,41
33690,41
33691,51
33692,53
33693,54
33694,58
33695,41
33696,44
33697,45
33698,53
33699,55
33700,56
33701,59
33702,41
33703,44
33704,45
33705,54
33706,55
33707,56
33708,60
33709,41
33710,44
33711,45
33712,54
33713,55
33714,56
33715,60
33716,41
33717,44
33718,44
33719,60
33720,66
33721,70
33722,73
33723,50
33724,57
33725,59
33726,60
33727,62
33728,69
33729,72
33730,50
33731,57
33732,59
33733,60
33734,60
33735,69
33736,72
33737,47
33738,56
33739,59
33740,60
33741,61
33742,69
33743,72
33744,46
33745,57
33746,58
33747,60
33748,59
33749,67
33750,38
33751,41
33752,41
33753,44
33754,55
33755,55
33756,54
33757,37
33758,41
33759,41
33760,43
33761,52
33762,53
33763,54
33764,37
33765,41
33766,41
33767,42
33768,53
33769,54
33770,53
33771,36
33772,41
33773,40
33774,43
33775,53
33776,54
33777,53
33778,37
33779,41
33780,41
33781,48
33782,53
33783,55
33784,58
33785,41
33786,44
33787,45
33788,49
33789,55
33790,56
33791,60
33792,41
33793,44
33794,45
33795,49
33796,55
33797,56
33798,60
33799,41
33800,44
33801,44
33802,49
33803,55
33804,57
33805,60
33806,41
33807,44
33808,44
33809,60
33810,67
33811,71
33812,73
33813,50
33814,56
33815,59
33816,60
33817,63
33818,69
33819,72
33820,49
33821,56
33822,58
33823,60
33824,62
33825,68
33826,72
33827,45
33828,56
33829,58
33830,60
33831,62
33832,69
33833,72
33834,45
33835,57
33836,58
33837,60
33838,60
33839,67
33840,38
33841,40
33842,40
33843,42
33844,45
33845,44
33846,48
33847,37
33848,39
33849,39
33850,41
33851,44
33852,44
33853,50
33854,37
33855,39
33856,40
33857,40
33858,45
33859,45
33860,50
33861,36
33862,39
33863,39
33864,40
33865,45
33866,45
33867,50
33868,37
33869,39
33870,40
33871,47
33872,47
33873,48
33874,55
33875,40
33876,42
33877,42
33878,48
33879,50
33880,51
33881,57
33882,40
33883,42
33884,42
33885,48
33886,52
33887,52
33888,58
33889,40
33890,42
33891,42
33892,48
33893,52
33894,53
33895,59
33896,40
33897,42
33898,42
33899,57
33900,60
33901,63
33902,63
33903,46
33904,54
33905,56
33906,58
33907,58
33908,62
33909,63
33910,46
33911,54
33912,55
33913,58
33914,57
33915,62
33916,63
33917,43
33918,54
33919,55
33920,58
33921,57
33922,61
33923,62
33924,45
33925,55
33926,55
33927,57
33928,55
33929,60
33930,60
33931,68
33932,69
33933,70
33934,79
33935,84
33936,90
33937,57
33938,66
33939,67
33940,68
33941,81
33942,86
33943,89
33944,57
33945,66
33946,68
33947,69
33948,84
33949,87
33950,90
33951,56
33952,67
33953,68
33954,69
33955,83
33956,87
33957,92
33958,58
33959,69
33960,71
33961,76
33962,88
33963,92
33964,99
33965,61
33966,75
33967,77
33968,77
33969,87
33970,90
33971,98
33972,61
33973,76
33974,77
33975,78
33976,86
33977,91
33978,100
33979,63
33980,75
33981,76
33982,76
33983,85
33984,94
33985,101
33986,65
33987,75
33988,76
33989,100
33990,102
33991,103
33992,113
33993,74
33994,93
33995,92
33996,95
33997,103
33998,104
33999,114
34000,76
34001,90
34002,90
34003,93
34004,104
34005,106
34006,111
34007,77
34008,90
34009,91
34010,94
34011,103
34012,106
34013,109
34014,76
34015,91
34016,92
34017,94
34018,100
34019,102
34020,52
34021,61
34022,63
34023,64
34024,67
34025,74
34026,82
34027,51
34028,60
34029,63
34030,64
34031,66
34032,72
34033,79
34034,53
34035,60
34036,64
34037,65
34038,69
34039,74
34040,78
34041,52
34042,60
34043,63
34044,64
34045,69
34046,75
34047,78
34048,57
34049,61
34050,64
34051,72
34052,82
34053,84
34054,88
34055,60
34056,66
34057,69
34058,70
34059,84
34060,87
34061,88
34062,59
34063,66
34064,69
34065,71
34066,78
34067,81
34068,82
34069,60
34070,66
34071,69
34072,70
34073,76
34074,81
34075,81
34076,61
34077,64
34078,67
34079,85
34080,91
34081,96
34082,108
34083,69
34084,81
34085,81
34086,84
34087,91
34088,96
34089,110
34090,73
34091,80
34092,80
34093,83
34094,91
34095,98
34096,110
34097,71
34098,81
34099,80
34100,84
34101,91
34102,98
34103,107
34104,71
34105,81
34106,81
34107,85
34108,88
34109,95
34110,53
34111,63
34112,65
34113,66
34114,69
34115,75
34116,82
34117,52
34118,61
34119,64
34120,65
34121,69
34122,73
34123,80
34124,53
34125,61
34126,65
34127,66
34128,72
34129,76
34130,80
34131,52
34132,61
34133,64
34134,65
34135,72
34136,75
34137,80
34138,57
34139,62
34140,65
34141,75
34142,85
34143,85
34144,89
34145,62
34146,67
34147,70
34148,72
34149,86
34150,87
34151,88
34152,60
34153,67
34154,70
34155,72
34156,82
34157,82
34158,83
34159,60
34160,67
34161,69
34162,70
34163,81
34164,83
34165,83
34166,61
34167,65
34168,68
34169,86
34170,91
34171,96
34172,112
34173,70
34174,82
34175,82
34176,86
34177,91
34178,96
34179,114
34180,73
34181,81
34182,81
34183,84
34184,91
34185,99
34186,114
34187,72
34188,82
34189,82
34190,85
34191,91
34192,98
34193,111
34194,72
34195,82
34196,82
34197,86
34198,87
34199,94
34200,25
34201,27
34202,27
34203,30
34204,31
34205,33
34206,34
34207,25
34208,27
34209,28
34210,29
34211,31
34212,32
34213,33
34214,24
34215,27
34216,27
34217,29
34218,31
34219,32
34220,34
34221,24
34222,27
34223,27
34224,29
34225,30
34226,31
34227,38
34228,25
34229,28
34230,28
34231,30
34232,33
34233,34
34234,34
34235,28
34236,30
34237,30
34238,31
34239,33
34240,34
34241,33
34242,29
34243,31
34244,31
34245,32
34246,32
34247,33
34248,34
34249,28
34250,31
34251,30
34252,31
34253,34
34254,35
34255,36
34256,29
34257,31
34258,31
34259,42
34260,42
34261,41
34262,44
34263,35
34264,39
34265,39
34266,42
34267,45
34268,44
34269,47
34270,37
34271,40
34272,39
34273,41
34274,47
34275,47
34276,50
34277,36
34278,39
34279,39
34280,41
34281,49
34282,49
34283,52
34284,34
34285,37
34286,37
34287,41
34288,49
34289,50
34290,32
34291,40
34292,40
34293,41
34294,46
34295,47
34296,48
34297,30
34298,40
34299,40
34300,40
34301,46
34302,46
34303,48
34304,30
34305,40
34306,40
34307,40
34308,48
34309,48
34310,49
34311,29
34312,40
34313,40
34314,40
34315,47
34316,48
34317,48
34318,32
34319,40
34320,40
34321,41
34322,50
34323,51
34324,51
34325,33
34326,40
34327,40
34328,40
34329,51
34330,52
34331,52
34332,33
34333,40
34334,40
34335,40
34336,51
34337,52
34338,53
34339,32
34340,40
34341,40
34342,40
34343,51
34344,52
34345,53
34346,32
34347,40
34348,40
34349,55
34350,58
34351,59
34352,59
34353,43
34354,53
34355,53
34356,55
34357,59
34358,61
34359,61
34360,46
34361,53
34362,54
34363,56
34364,60
34365,62
34366,63
34367,46
34368,55
34369,55
34370,57
34371,61
34372,63
34373,63
34374,46
34375,54
34376,54
34377,56
34378,63
34379,65
34380,32
34381,36
34382,36
34383,37
34384,42
34385,43
34386,45
34387,30
34388,37
34389,36
34390,37
34391,42
34392,43
34393,45
34394,29
34395,36
34396,36
34397,37
34398,43
34399,43
34400,45
34401,29
34402,36
34403,36
34404,37
34405,43
34406,44
34407,45
34408,31
34409,37
34410,37
34411,37
34412,47
34413,48
34414,49
34415,32
34416,37
34417,37
34418,37
34419,47
34420,48
34421,50
34422,32
34423,37
34424,37
34425,37
34426,47
34427,48
34428,50
34429,31
34430,37
34431,37
34432,37
34433,47
34434,48
34435,50
34436,31
34437,37
34438,37
34439,50
34440,54
34441,55
34442,56
34443,40
34444,49
34445,49
34446,50
34447,54
34448,56
34449,56
34450,41
34451,50
34452,50
34453,51
34454,55
34455,56
34456,56
34457,40
34458,51
34459,51
34460,51
34461,54
34462,55
34463,54
34464,40
34465,51
34466,51
34467,51
34468,52
34469,53
34470,32
34471,35
34472,35
34473,36
34474,41
34475,43
34476,43
34477,30
34478,35
34479,35
34480,36
34481,41
34482,42
34483,43
34484,29
34485,35
34486,35
34487,36
34488,42
34489,43
34490,43
34491,29
34492,35
34493,35
34494,36
34495,42
34496,43
34497,44
34498,31
34499,36
34500,36
34501,37
34502,45
34503,46
34504,45
34505,32
34506,36
34507,36
34508,37
34509,45
34510,46
34511,46
34512,31
34513,36
34514,36
34515,37
34516,46
34517,47
34518,47
34519,31
34520,36
34521,36
34522,37
34523,45
34524,47
34525,47
34526,31
34527,36
34528,36
34529,47
34530,52
34531,54
34532,54
34533,39
34534,47
34535,47
34536,47
34537,52
34538,54
34539,55
34540,40
34541,46
34542,47
34543,47
34544,53
34545,54
34546,55
34547,40
34548,47
34549,47
34550,48
34551,52
34552,54
34553,53
34554,39
34555,47
34556,47
34557,48
34558,50
34559,51
34560,18
34561,24
34562,25
34563,25
34564,25
34565,25
34566,26
34567,18
34568,23
34569,24
34570,25
34571,25
34572,26
34573,26
34574,20
34575,24
34576,24
34577,24
34578,26
34579,27
34580,27
34581,20
34582,24
34583,24
34584,24
34585,26
34586,27
34587,27
34588,22
34589,23
34590,23
34591,26
34592,28
34593,29
34594,29
34595,24
34596,25
34597,26
34598,25
34599,27
34600,29
34601,30
34602,24
34603,25
34604,25
34605,25
34606,28
34607,29
34608,29
34609,25
34610,26
34611,26
34612,26
34613,28
34614,30
34615,33
34616,24
34617,26
34618,26
34619,32
34620,39
34621,39
34622,39
34623,26
34624,31
34625,31
34626,33
34627,38
34628,38
34629,39
34630,25
34631,31
34632,31
34633,33
34634,36
34635,36
34636,37
34637,28
34638,32
34639,31
34640,33
34641,37
34642,37
34643,41
34644,28
34645,30
34646,30
34647,32
34648,36
34649,36
34650,18
34651,24
34652,25
34653,25
34654,24
34655,24
34656,25
34657,18
34658,23
34659,24
34660,25
34661,26
34662,27
34663,26
34664,20
34665,24
34666,25
34667,24
34668,26
34669,27
34670,27
34671,20
34672,24
34673,24
34674,24
34675,27
34676,28
34677,27
34678,22
34679,23
34680,24
34681,27
34682,28
34683,29
34684,29
34685,24
34686,26
34687,26
34688,25
34689,28
34690,29
34691,30
34692,24
34693,25
34694,25
34695,25
34696,28
34697,29
34698,30
34699,25
34700,26
34701,26
34702,26
34703,28
34704,30
34705,32
34706,24
34707,26
34708,26
34709,31
34710,37
34711,37
34712,38
34713,26
34714,31
34715,31
34716,32
34717,36
34718,36
34719,38
34720,25
34721,31
34722,31
34723,33
34724,35
34725,35
34726,37
34727,27
34728,32
34729,31
34730,32
34731,35
34732,35
34733,40
34734,27
34735,30
34736,30
34737,31
34738,36
34739,36
34740,18
34741,24
34742,24
34743,25
34744,24
34745,24
34746,24
34747,18
34748,23
34749,23
34750,25
34751,26
34752,26
34753,25
34754,20
34755,24
34756,24
34757,24
34758,26
34759,26
34760,26
34761,20
34762,23
34763,24
34764,24
34765,26
34766,27
34767,26
34768,21
34769,23
34770,23
34771,26
34772,28
34773,28
34774,28
34775,22
34776,25
34777,25
34778,25
34779,27
34780,27
34781,27
34782,22
34783,25
34784,25
34785,25
34786,27
34787,27
34788,27
34789,23
34790,26
34791,26
34792,26
34793,27
34794,29
34795,31
34796,22
34797,26
34798,26
34799,31
34800,35
34801,35
34802,37
34803,23
34804,30
34805,30
34806,33
34807,35
34808,35
34809,38
34810,24
34811,31
34812,31
34813,32
34814,33
34815,33
34816,37
34817,25
34818,31
34819,30
34820,31
34821,33
34822,33
34823,40
34824,24
34825,29
34826,29
34827,30
34828,33
34829,33
34830,34
34831,36
34832,38
34833,38
34834,43
34835,46
34836,46
34837,36
34838,36
34839,37
34840,37
34841,44
34842,47
34843,47
34844,37
34845,36
34846,36
34847,37
34848,45
34849,46
34850,46
34851,38
34852,39
34853,39
34854,38
34855,45
34856,48
34857,49
34858,36
34859,38
34860,39
34861,41
34862,44
34863,50
34864,53
34865,36
34866,40
34867,44
34868,44
34869,43
34870,50
34871,53
34872,36
34873,41
34874,43
34875,42
34876,45
34877,50
34878,53
34879,36
34880,41
34881,43
34882,42
34883,44
34884,49
34885,52
34886,36
34887,43
34888,44
34889,51
34890,51
34891,61
34892,62
34893,41
34894,46
34895,50
34896,52
34897,49
34898,60
34899,61
34900,42
34901,49
34902,53
34903,53
34904,52
34905,59
34906,60
34907,45
34908,50
34909,53
34910,52
34911,51
34912,61
34913,67
34914,45
34915,48
34916,51
34917,51
34918,53
34919,61
34920,26
34921,35
34922,36
34923,36
34924,39
34925,43
34926,44
34927,27
34928,34
34929,34
34930,34
34931,40
34932,43
34933,44
34934,27
34935,33
34936,33
34937,34
34938,39
34939,43
34940,44
34941,28
34942,35
34943,36
34944,35
34945,39
34946,43
34947,44
34948,30
34949,35
34950,36
34951,38
34952,40
34953,45
34954,46
34955,32
34956,37
34957,39
34958,41
34959,41
34960,46
34961,48
34962,34
34963,38
34964,39
34965,39
34966,40
34967,44
34968,46
34969,34
34970,38
34971,39
34972,41
34973,40
34974,44
34975,46
34976,34
34977,40
34978,41
34979,46
34980,49
34981,58
34982,60
34983,35
34984,42
34985,44
34986,46
34987,48
34988,57
34989,60
34990,38
34991,44
34992,46
34993,47
34994,50
34995,56
34996,60
34997,38
34998,44
34999,45
35000,47
35001,49
35002,58
35003,67
35004,37
35005,44
35006,45
35007,46
35008,50
35009,57
35010,28
35011,35
35012,36
35013,36
35014,40
35015,43
35016,45
35017,28
35018,35
35019,35
35020,35
35021,41
35022,43
35023,45
35024,29
35025,34
35026,34
35027,34
35028,40
35029,43
35030,45
35031,30
35032,36
35033,36
35034,36
35035,40
35036,43
35037,44
35038,31
35039,36
35040,37
35041,38
35042,42
35043,47
35044,48
35045,34
35046,37
35047,39
35048,40
35049,43
35050,48
35051,50
35052,35
35053,38
35054,39
35055,39
35056,41
35057,44
35058,46
35059,35
35060,38
35061,39
35062,40
35063,41
35064,44
35065,47
35066,34
35067,39
35068,41
35069,46
35070,54
35071,58
35072,61
35073,36
35074,43
35075,44
35076,47
35077,56
35078,58
35079,60
35080,39
35081,45
35082,46
35083,47
35084,53
35085,55
35086,60
35087,39
35088,44
35089,45
35090,47
35091,52
35092,57
35093,65
35094,39
35095,45
35096,45
35097,47
35098,51
35099,56
35100,19
35101,20
35102,20
35103,21
35104,22
35105,22
35106,24
35107,18
35108,20
35109,20
35110,21
35111,22
35112,22
35113,24
35114,18
35115,20
35116,20
35117,21
35118,22
35119,22
35120,23
35121,18
35122,20
35123,20
35124,21
35125,22
35126,22
35127,24
35128,18
35129,20
35130,20
35131,22
35132,22
35133,23
35134,24
35135,18
35136,20
35137,20
35138,22
35139,23
35140,23
35141,24
35142,19
35143,20
35144,21
35145,22
35146,22
35147,23
35148,24
35149,19
35150,20
35151,21
35152,23
35153,23
35154,23
35155,24
35156,19
35157,20
35158,21
35159,26
35160,29
35161,33
35162,34
35163,22
35164,24
35165,25
35166,26
35167,29
35168,33
35169,34
35170,22
35171,24
35172,25
35173,26
35174,29
35175,33
35176,34
35177,22
35178,25
35179,25
35180,26
35181,30
35182,33
35183,34
35184,22
35185,25
35186,25
35187,26
35188,30
35189,33
35190,23
35191,24
35192,25
35193,26
35194,30
35195,30
35196,30
35197,23
35198,24
35199,25
35200,26
35201,30
35202,30
35203,30
35204,22
35205,24
35206,25
35207,26
35208,30
35209,30
35210,30
35211,22
35212,24
35213,25
35214,25
35215,30
35216,30
35217,30
35218,22
35219,25
35220,25
35221,26
35222,31
35223,31
35224,31
35225,23
35226,25
35227,25
35228,26
35229,30
35230,30
35231,31
35232,23
35233,25
35234,25
35235,26
35236,30
35237,30
35238,31
35239,23
35240,25
35241,25
35242,26
35243,30
35244,30
35245,31
35246,23
35247,25
35248,25
35249,34
35250,38
35251,39
35252,41
35253,31
35254,33
35255,33
35256,34
35257,38
35258,39
35259,41
35260,31
35261,33
35262,33
35263,34
35264,38
35265,39
35266,42
35267,31
35268,33
35269,33
35270,34
35271,38
35272,39
35273,42
35274,31
35275,33
35276,33
35277,34
35278,38
35279,39
35280,21
35281,22
35282,23
35283,24
35284,28
35285,28
35286,28
35287,21
35288,22
35289,23
35290,24
35291,28
35292,28
35293,28
35294,21
35295,22
35296,23
35297,24
35298,28
35299,28
35300,28
35301,21
35302,22
35303,23
35304,23
35305,28
35306,28
35307,28
35308,21
35309,22
35310,23
35311,24
35312,28
35313,28
35314,28
35315,21
35316,22
35317,23
35318,24
35319,28
35320,28
35321,29
35322,21
35323,22
35324,23
35325,24
35326,28
35327,28
35328,29
35329,21
35330,22
35331,23
35332,24
35333,28
35334,28
35335,29
35336,21
35337,22
35338,23
35339,32
35340,36
35341,37
35342,38
35343,30
35344,31
35345,31
35346,32
35347,36
35348,37
35349,38
35350,30
35351,31
35352,31
35353,32
35354,36
35355,37
35356,38
35357,30
35358,31
35359,31
35360,32
35361,36
35362,37
35363,38
35364,30
35365,31
35366,31
35367,32
35368,36
35369,37
35370,20
35371,22
35372,22
35373,23
35374,27
35375,27
35376,27
35377,20
35378,22
35379,22
35380,23
35381,27
35382,27
35383,27
35384,20
35385,22
35386,22
35387,23
35388,27
35389,27
35390,27
35391,20
35392,22
35393,22
35394,23
35395,27
35396,27
35397,27
35398,20
35399,22
35400,22
35401,23
35402,27
35403,27
35404,27
35405,21
35406,22
35407,22
35408,23
35409,27
35410,27
35411,27
35412,21
35413,22
35414,22
35415,23
35416,27
35417,27
35418,27
35419,21
35420,22
35421,22
35422,23
35423,27
35424,27
35425,27
35426,21
35427,22
35428,23
35429,32
35430,36
35431,37
35432,38
35433,30
35434,31
35435,31
35436,32
35437,36
35438,37
35439,38
35440,30
35441,31
35442,31
35443,32
35444,36
35445,36
35446,38
35447,30
35448,31
35449,31
35450,32
35451,36
35452,36
35453,38
35454,30
35455,31
35456,31
35457,32
35458,35
35459,36
35460,14
35461,15
35462,15
35463,15
35464,17
35465,17
35466,17
35467,14
35468,15
35469,15
35470,15
35471,16
35472,16
35473,17
35474,14
35475,15
35476,15
35477,15
35478,18
35479,19
35480,20
35481,14
35482,15
35483,15
35484,15
35485,18
35486,19
35487,20
35488,14
35489,15
35490,15
35491,16
35492,18
35493,19
35494,20
35495,15
35496,16
35497,16
35498,16
35499,18
35500,19
35501,20
35502,15
35503,15
35504,16
35505,16
35506,18
35507,19
35508,20
35509,15
35510,16
35511,16
35512,16
35513,19
35514,20
35515,20
35516,15
35517,16
35518,16
35519,23
35520,24
35521,26
35522,26
35523,18
35524,20
35525,21
35526,22
35527,24
35528,26
35529,26
35530,18
35531,20
35532,21
35533,22
35534,24
35535,26
35536,26
35537,18
35538,20
35539,21
35540,22
35541,24
35542,25
35543,26
35544,18
35545,20
35546,21
35547,22
35548,24
35549,25
35550,14
35551,15
35552,15
35553,15
35554,17
35555,17
35556,17
35557,14
35558,15
35559,15
35560,15
35561,16
35562,16
35563,17
35564,14
35565,15
35566,15
35567,15
35568,18
35569,19
35570,19
35571,14
35572,15
35573,15
35574,15
35575,18
35576,19
35577,19
35578,14
35579,15
35580,15
35581,16
35582,18
35583,19
35584,20
35585,15
35586,16
35587,16
35588,16
35589,18
35590,19
35591,20
35592,15
35593,15
35594,16
35595,16
35596,18
35597,19
35598,20
35599,15
35600,16
35601,16
35602,16
35603,19
35604,20
35605,20
35606,15
35607,16
35608,16
35609,23
35610,24
35611,25
35612,26
35613,18
35614,20
35615,21
35616,22
35617,24
35618,25
35619,25
35620,18
35621,20
35622,21
35623,22
35624,24
35625,25
35626,25
35627,18
35628,20
35629,21
35630,22
35631,24
35632,25
35633,25
35634,18
35635,20
35636,21
35637,22
35638,24
35639,25
35640,13
35641,14
35642,14
35643,14
35644,17
35645,17
35646,17
35647,13
35648,14
35649,14
35650,14
35651,16
35652,16
35653,17
35654,13
35655,14
35656,14
35657,14
35658,18
35659,19
35660,19
35661,13
35662,14
35663,14
35664,14
35665,18
35666,19
35667,19
35668,14
35669,14
35670,15
35671,16
35672,18
35673,19
35674,20
35675,15
35676,15
35677,15
35678,16
35679,18
35680,19
35681,20
35682,15
35683,15
35684,15
35685,16
35686,18
35687,19
35688,20
35689,15
35690,15
35691,15
35692,16
35693,19
35694,19
35695,20
35696,15
35697,15
35698,15
35699,22
35700,24
35701,25
35702,25
35703,18
35704,20
35705,21
35706,22
35707,23
35708,25
35709,25
35710,19
35711,20
35712,21
35713,22
35714,23
35715,25
35716,25
35717,19
35718,20
35719,21
35720,22
35721,23
35722,24
35723,25
35724,18
35725,20
35726,21
35727,22
35728,23
35729,24
35730,21
35731,25
35732,25
35733,25
35734,29
35735,29
35736,31
35737,20
35738,25
35739,25
35740,25
35741,30
35742,30
35743,32
35744,20
35745,24
35746,24
35747,25
35748,30
35749,31
35750,32
35751,20
35752,24
35753,24
35754,25
35755,30
35756,31
35757,32
35758,21
35759,24
35760,24
35761,27
35762,33
35763,33
35764,34
35765,23
35766,27
35767,27
35768,28
35769,32
35770,32
35771,33
35772,23
35773,27
35774,27
35775,28
35776,32
35777,32
35778,34
35779,24
35780,26
35781,27
35782,28
35783,32
35784,32
35785,33
35786,24
35787,26
35788,26
35789,34
35790,38
35791,39
35792,40
35793,29
35794,32
35795,33
35796,34
35797,39
35798,40
35799,40
35800,29
35801,32
35802,33
35803,34
35804,39
35805,40
35806,40
35807,29
35808,32
35809,33
35810,34
35811,39
35812,40
35813,40
35814,29
35815,32
35816,34
35817,34
35818,40
35819,41
35820,20
35821,23
35822,23
35823,23
35824,26
35825,26
35826,26
35827,20
35828,23
35829,23
35830,23
35831,26
35832,26
35833,26
35834,20
35835,23
35836,23
35837,23
35838,26
35839,26
35840,26
35841,20
35842,23
35843,23
35844,23
35845,26
35846,27
35847,26
35848,20
35849,23
35850,23
35851,26
35852,27
35853,28
35854,28
35855,23
35856,26
35857,26
35858,27
35859,29
35860,29
35861,28
35862,23
35863,25
35864,26
35865,27
35866,28
35867,29
35868,28
35869,23
35870,25
35871,25
35872,27
35873,28
35874,29
35875,29
35876,23
35877,25
35878,25
35879,30
35880,33
35881,34
35882,35
35883,25
35884,28
35885,29
35886,30
35887,34
35888,35
35889,35
35890,25
35891,29
35892,29
35893,30
35894,34
35895,35
35896,35
35897,26
35898,29
35899,30
35900,30
35901,34
35902,35
35903,35
35904,26
35905,30
35906,30
35907,31
35908,35
35909,37
35910,20
35911,23
35912,23
35913,23
35914,27
35915,28
35916,28
35917,19
35918,23
35919,23
35920,24
35921,28
35922,28
35923,28
35924,19
35925,23
35926,23
35927,24
35928,28
35929,28
35930,28
35931,19
35932,23
35933,23
35934,24
35935,28
35936,28
35937,28
35938,19
35939,23
35940,23
35941,27
35942,29
35943,29
35944,29
35945,22
35946,26
35947,26
35948,27
35949,30
35950,30
35951,29
35952,22
35953,25
35954,26
35955,27
35956,29
35957,29
35958,29
35959,23
35960,25
35961,25
35962,27
35963,29
35964,29
35965,29
35966,22
35967,25
35968,25
35969,30
35970,33
35971,34
35972,35
35973,25
35974,28
35975,29
35976,30
35977,34
35978,35
35979,35
35980,25
35981,29
35982,29
35983,30
35984,34
35985,35
35986,35
35987,25
35988,29
35989,30
35990,31
35991,34
35992,35
35993,35
35994,26
35995,30
35996,30
35997,31
35998,35
35999,37
36000,13
36001,14
36002,14
36003,14
36004,19
36005,20
36006,20
36007,13
36008,14
36009,14
36010,14
36011,18
36012,19
36013,19
36014,13
36015,14
36016,14
36017,14
36018,18
36019,19
36020,20
36021,13
36022,14
36023,14
36024,14
36025,18
36026,19
36027,20
36028,13
36029,14
36030,14
36031,14
36032,19
36033,21
36034,21
36035,13
36036,13
36037,14
36038,14
36039,19
36040,20
36041,20
36042,14
36043,14
36044,14
36045,15
36046,18
36047,20
36048,20
36049,14
36050,14
36051,14
36052,14
36053,18
36054,19
36055,20
36056,14
36057,14
36058,14
36059,19
36060,23
36061,23
36062,23
36063,15
36064,18
36065,19
36066,19
36067,22
36068,22
36069,23
36070,15
36071,18
36072,19
36073,19
36074,22
36075,23
36076,23
36077,15
36078,19
36079,19
36080,19
36081,22
36082,23
36083,23
36084,15
36085,18
36086,19
36087,19
36088,22
36089,22
36090,19
36091,19
36092,19
36093,19
36094,21
36095,22
36096,23
36097,19
36098,19
36099,19
36100,19
36101,21
36102,22
36103,23
36104,19
36105,19
36106,19
36107,19
36108,21
36109,22
36110,23
36111,19
36112,19
36113,19
36114,19
36115,21
36116,22
36117,23
36118,19
36119,19
36120,19
36121,19
36122,22
36123,23
36124,24
36125,19
36126,19
36127,19
36128,19
36129,23
36130,23
36131,24
36132,19
36133,19
36134,19
36135,19
36136,23
36137,23
36138,24
36139,19
36140,19
36141,19
36142,19
36143,23
36144,23
36145,24
36146,19
36147,19
36148,19
36149,25
36150,30
36151,30
36152,30
36153,24
36154,24
36155,24
36156,25
36157,30
36158,30
36159,30
36160,24
36161,24
36162,24
36163,25
36164,30
36165,30
36166,30
36167,24
36168,24
36169,24
36170,25
36171,30
36172,30
36173,30
36174,24
36175,24
36176,25
36177,25
36178,30
36179,30
36180,17
36181,17
36182,17
36183,17
36184,21
36185,21
36186,22
36187,17
36188,17
36189,17
36190,17
36191,21
36192,21
36193,22
36194,17
36195,17
36196,17
36197,17
36198,21
36199,21
36200,23
36201,17
36202,17
36203,17
36204,17
36205,21
36206,21
36207,23
36208,17
36209,17
36210,17
36211,17
36212,21
36213,22
36214,23
36215,17
36216,17
36217,17
36218,17
36219,22
36220,22
36221,24
36222,17
36223,17
36224,17
36225,17
36226,22
36227,22
36228,24
36229,17
36230,18
36231,18
36232,18
36233,22
36234,22
36235,24
36236,17
36237,18
36238,18
36239,24
36240,29
36241,29
36242,29
36243,22
36244,23
36245,23
36246,24
36247,29
36248,30
36249,30
36250,22
36251,23
36252,23
36253,24
36254,29
36255,30
36256,30
36257,22
36258,23
36259,23
36260,24
36261,29
36262,30
36263,30
36264,22
36265,23
36266,23
36267,24
36268,29
36269,30
36270,17
36271,17
36272,17
36273,17
36274,20
36275,21
36276,21
36277,17
36278,17
36279,17
36280,17
36281,20
36282,21
36283,21
36284,17
36285,17
36286,17
36287,17
36288,20
36289,21
36290,21
36291,17
36292,17
36293,17
36294,17
36295,20
36296,21
36297,21
36298,17
36299,17
36300,17
36301,17
36302,21
36303,21
36304,22
36305,17
36306,17
36307,17
36308,17
36309,21
36310,21
36311,22
36312,17
36313,17
36314,17
36315,17
36316,21
36317,21
36318,22
36319,17
36320,18
36321,18
36322,18
36323,21
36324,21
36325,22
36326,17
36327,18
36328,18
36329,24
36330,29
36331,29
36332,29
36333,22
36334,23
36335,23
36336,24
36337,29
36338,29
36339,29
36340,22
36341,23
36342,23
36343,24
36344,29
36345,29
36346,29
36347,22
36348,23
36349,23
36350,24
36351,29
36352,29
36353,29
36354,22
36355,23
36356,23
36357,24
36358,29
36359,29
36360,12
36361,12
36362,12
36363,12
36364,13
36365,14
36366,15
36367,11
36368,12
36369,12
36370,12
36371,13
36372,14
36373,15
36374,11
36375,11
36376,12
36377,12
36378,13
36379,14
36380,15
36381,11
36382,11
36383,11
36384,11
36385,14
36386,15
36387,15
36388,11
36389,11
36390,11
36391,13
36392,15
36393,15
36394,16
36395,12
36396,12
36397,12
36398,12
36399,15
36400,15
36401,16
36402,12
36403,12
36404,12
36405,12
36406,16
36407,16
36408,16
36409,11
36410,12
36411,12
36412,12
36413,16
36414,16
36415,16
36416,11
36417,11
36418,11
36419,16
36420,18
36421,18
36422,18
36423,13
36424,16
36425,16
36426,16
36427,18
36428,18
36429,18
36430,13
36431,15
36432,15
36433,16
36434,18
36435,18
36436,18
36437,12
36438,15
36439,15
36440,16
36441,18
36442,18
36443,18
36444,12
36445,15
36446,15
36447,16
36448,18
36449,18
36450,12
36451,12
36452,12
36453,12
36454,13
36455,14
36456,15
36457,11
36458,12
36459,12
36460,12
36461,13
36462,14
36463,15
36464,11
36465,11
36466,11
36467,11
36468,13
36469,14
36470,15
36471,11
36472,11
36473,11
36474,11
36475,14
36476,15
36477,15
36478,10
36479,11
36480,11
36481,13
36482,15
36483,15
36484,16
36485,11
36486,12
36487,12
36488,12
36489,15
36490,15
36491,16
36492,11
36493,12
36494,12
36495,12
36496,15
36497,15
36498,16
36499,11
36500,11
36501,12
36502,12
36503,15
36504,15
36505,16
36506,11
36507,11
36508,11
36509,16
36510,18
36511,18
36512,18
36513,13
36514,16
36515,16
36516,16
36517,18
36518,18
36519,18
36520,12
36521,16
36522,15
36523,16
36524,18
36525,18
36526,18
36527,12
36528,16
36529,15
36530,16
36531,18
36532,18
36533,18
36534,12
36535,15
36536,15
36537,16
36538,18
36539,18
36540,12
36541,12
36542,12
36543,12
36544,13
36545,14
36546,14
36547,11
36548,11
36549,12
36550,12
36551,13
36552,14
36553,14
36554,11
36555,11
36556,11
36557,11
36558,13
36559,14
36560,15
36561,11
36562,11
36563,11
36564,11
36565,14
36566,15
36567,15
36568,10
36569,11
36570,11
36571,13
36572,15
36573,15
36574,16
36575,11
36576,12
36577,12
36578,12
36579,15
36580,15
36581,15
36582,11
36583,12
36584,12
36585,12
36586,15
36587,15
36588,16
36589,11
36590,11
36591,12
36592,12
36593,15
36594,15
36595,15
36596,11
36597,11
36598,11
36599,16
36600,18
36601,18
36602,18
36603,13
36604,16
36605,16
36606,16
36607,18
36608,18
36609,17
36610,12
36611,16
36612,15
36613,16
36614,17
36615,17
36616,18
36617,12
36618,16
36619,15
36620,16
36621,18
36622,18
36623,18
36624,12
36625,15
36626,15
36627,16
36628,18
36629,18
36630,18
36631,19
36632,20
36633,20
36634,24
36635,25
36636,26
36637,18
36638,19
36639,19
36640,19
36641,24
36642,25
36643,26
36644,17
36645,19
36646,19
36647,19
36648,24
36649,24
36650,26
36651,17
36652,18
36653,18
36654,19
36655,24
36656,25
36657,26
36658,17
36659,19
36660,19
36661,20
36662,25
36663,25
36664,26
36665,18
36666,20
36667,20
36668,20
36669,25
36670,25
36671,27
36672,18
36673,20
36674,20
36675,20
36676,24
36677,25
36678,26
36679,18
36680,20
36681,21
36682,21
36683,24
36684,25
36685,25
36686,18
36687,20
36688,20
36689,26
36690,29
36691,30
36692,33
36693,23
36694,24
36695,24
36696,25
36697,30
36698,31
36699,33
36700,22
36701,24
36702,24
36703,26
36704,30
36705,31
36706,33
36707,23
36708,24
36709,24
36710,26
36711,30
36712,31
36713,33
36714,23
36715,24
36716,24
36717,26
36718,29
36719,29
36720,16
36721,17
36722,17
36723,17
36724,21
36725,21
36726,22
36727,16
36728,17
36729,17
36730,17
36731,21
36732,22
36733,22
36734,16
36735,17
36736,17
36737,17
36738,20
36739,21
36740,21
36741,15
36742,16
36743,16
36744,17
36745,20
36746,21
36747,22
36748,16
36749,17
36750,18
36751,18
36752,22
36753,22
36754,22
36755,17
36756,18
36757,18
36758,18
36759,22
36760,22
36761,23
36762,16
36763,18
36764,18
36765,18
36766,22
36767,22
36768,23
36769,16
36770,18
36771,18
36772,18
36773,21
36774,22
36775,22
36776,17
36777,18
36778,18
36779,24
36780,26
36781,26
36782,28
36783,21
36784,23
36785,23
36786,24
36787,26
36788,26
36789,28
36790,21
36791,22
36792,23
36793,24
36794,26
36795,26
36796,28
36797,20
36798,23
36799,23
36800,25
36801,26
36802,26
36803,28
36804,20
36805,22
36806,23
36807,24
36808,26
36809,26
36810,16
36811,17
36812,17
36813,17
36814,21
36815,22
36816,22
36817,16
36818,17
36819,17
36820,17
36821,21
36822,22
36823,22
36824,16
36825,17
36826,17
36827,17
36828,20
36829,21
36830,21
36831,16
36832,16
36833,16
36834,17
36835,20
36836,21
36837,22
36838,16
36839,17
36840,18
36841,18
36842,22
36843,22
36844,22
36845,17
36846,18
36847,18
36848,18
36849,22
36850,22
36851,23
36852,16
36853,18
36854,18
36855,18
36856,22
36857,22
36858,23
36859,16
36860,18
36861,18
36862,18
36863,21
36864,22
36865,22
36866,17
36867,18
36868,18
36869,24
36870,27
36871,27
36872,29
36873,21
36874,22
36875,23
36876,24
36877,27
36878,27
36879,28
36880,21
36881,22
36882,23
36883,24
36884,26
36885,27
36886,29
36887,20
36888,23
36889,23
36890,24
36891,27
36892,27
36893,29
36894,20
36895,22
36896,23
36897,24
36898,26
36899,26
36900,24
36901,24
36902,25
36903,25
36904,28
36905,28
36906,29
36907,24
36908,25
36909,25
36910,25
36911,28
36912,28
36913,29
36914,24
36915,25
36916,25
36917,25
36918,29
36919,29
36920,29
36921,24
36922,25
36923,25
36924,25
36925,29
36926,29
36927,30
36928,24
36929,25
36930,25
36931,25
36932,29
36933,30
36934,31
36935,24
36936,25
36937,25
36938,26
36939,30
36940,30
36941,31
36942,24
36943,25
36944,25
36945,26
36946,30
36947,30
36948,31
36949,24
36950,25
36951,25
36952,26
36953,31
36954,31
36955,32
36956,24
36957,25
36958,25
36959,35
36960,39
36961,40
36962,40
36963,31
36964,32
36965,33
36966,34
36967,38
36968,39
36969,39
36970,32
36971,33
36972,33
36973,35
36974,39
36975,39
36976,39
36977,31
36978,32
36979,33
36980,35
36981,39
36982,39
36983,39
36984,31
36985,32
36986,33
36987,35
36988,39
36989,39
36990,26
36991,28
36992,28
36993,29
36994,40
36995,40
36996,40
36997,26
36998,28
36999,28
37000,29
37001,40
37002,40
37003,40
37004,26
37005,28
37006,28
37007,29
37008,40
37009,40
37010,40
37011,26
37012,28
37013,28
37014,29
37015,40
37016,40
37017,40
37018,26
37019,28
37020,28
37021,29
37022,41
37023,41
37024,41
37025,26
37026,29
37027,29
37028,29
37029,41
37030,41
37031,41
37032,27
37033,29
37034,29
37035,29
37036,41
37037,41
37038,41
37039,27
37040,29
37041,29
37042,29
37043,41
37044,41
37045,41
37046,27
37047,29
37048,29
37049,42
37050,49
37051,50
37052,51
37053,37
37054,39
37055,39
37056,42
37057,49
37058,50
37059,51
37060,37
37061,39
37062,39
37063,42
37064,49
37065,50
37066,51
37067,37
37068,39
37069,39
37070,42
37071,49
37072,50
37073,51
37074,37
37075,39
37076,39
37077,42
37078,49
37079,50
37080,26
37081,28
37082,28
37083,28
37084,35
37085,35
37086,35
37087,26
37088,28
37089,28
37090,28
37091,35
37092,35
37093,35
37094,26
37095,28
37096,28
37097,28
37098,35
37099,35
37100,35
37101,26
37102,28
37103,28
37104,28
37105,35
37106,35
37107,36
37108,26
37109,28
37110,28
37111,29
37112,37
37113,37
37114,37
37115,26
37116,28
37117,28
37118,29
37119,37
37120,37
37121,37
37122,26
37123,28
37124,28
37125,29
37126,37
37127,37
37128,37
37129,26
37130,28
37131,28
37132,29
37133,37
37134,37
37135,37
37136,26
37137,28
37138,28
37139,40
37140,47
37141,48
37142,49
37143,36
37144,38
37145,38
37146,40
37147,47
37148,48
37149,49
37150,36
37151,38
37152,38
37153,40
37154,47
37155,48
37156,49
37157,36
37158,38
37159,38
37160,40
37161,47
37162,48
37163,49
37164,36
37165,38
37166,38
37167,40
37168,47
37169,48
37170,26
37171,28
37172,28
37173,28
37174,35
37175,35
37176,35
37177,26
37178,28
37179,28
37180,28
37181,35
37182,35
37183,35
37184,26
37185,28
37186,28
37187,28
37188,35
37189,35
37190,35
37191,26
37192,28
37193,28
37194,28
37195,35
37196,35
37197,35
37198,26
37199,28
37200,28
37201,29
37202,37
37203,37
37204,37
37205,26
37206,28
37207,28
37208,29
37209,37
37210,37
37211,37
37212,26
37213,28
37214,28
37215,29
37216,37
37217,37
37218,37
37219,26
37220,28
37221,28
37222,29
37223,37
37224,37
37225,37
37226,26
37227,28
37228,28
37229,39
37230,45
37231,45
37232,46
37233,36
37234,38
37235,38
37236,39
37237,45
37238,45
37239,46
37240,36
37241,38
37242,38
37243,39
37244,45
37245,45
37246,46
37247,36
37248,38
37249,38
37250,39
37251,45
37252,45
37253,46
37254,36
37255,38
37256,38
37257,39
37258,45
37259,45
37260,19
37261,20
37262,20
37263,20
37264,22
37265,23
37266,23
37267,18
37268,20
37269,20
37270,20
37271,22
37272,23
37273,23
37274,18
37275,20
37276,20
37277,20
37278,22
37279,23
37280,23
37281,18
37282,20
37283,20
37284,20
37285,22
37286,22
37287,22
37288,18
37289,20
37290,20
37291,20
37292,23
37293,24
37294,24
37295,19
37296,20
37297,20
37298,20
37299,24
37300,25
37301,25
37302,18
37303,20
37304,20
37305,20
37306,23
37307,24
37308,24
37309,18
37310,20
37311,20
37312,20
37313,23
37314,25
37315,25
37316,19
37317,20
37318,20
37319,28
37320,31
37321,32
37322,32
37323,24
37324,25
37325,25
37326,27
37327,31
37328,31
37329,32
37330,24
37331,25
37332,25
37333,27
37334,31
37335,31
37336,32
37337,24
37338,25
37339,25
37340,27
37341,31
37342,31
37343,32
37344,24
37345,25
37346,25
37347,27
37348,31
37349,32
37350,18
37351,20
37352,20
37353,20
37354,22
37355,23
37356,23
37357,18
37358,20
37359,20
37360,20
37361,22
37362,23
37363,23
37364,18
37365,20
37366,20
37367,20
37368,22
37369,23
37370,23
37371,18
37372,20
37373,20
37374,20
37375,22
37376,22
37377,22
37378,18
37379,20
37380,20
37381,20
37382,23
37383,24
37384,24
37385,18
37386,20
37387,20
37388,20
37389,24
37390,25
37391,25
37392,18
37393,20
37394,20
37395,20
37396,23
37397,24
37398,24
37399,18
37400,20
37401,20
37402,20
37403,23
37404,25
37405,25
37406,18
37407,20
37408,20
37409,28
37410,31
37411,31
37412,32
37413,24
37414,25
37415,25
37416,27
37417,31
37418,31
37419,31
37420,24
37421,25
37422,25
37423,27
37424,31
37425,31
37426,32
37427,24
37428,25
37429,25
37430,27
37431,31
37432,31
37433,32
37434,24
37435,25
37436,25
37437,27
37438,31
37439,31
37440,18
37441,20
37442,20
37443,20
37444,22
37445,22
37446,22
37447,18
37448,20
37449,20
37450,20
37451,22
37452,22
37453,22
37454,18
37455,20
37456,20
37457,20
37458,22
37459,22
37460,22
37461,18
37462,20
37463,20
37464,20
37465,21
37466,22
37467,22
37468,18
37469,20
37470,20
37471,20
37472,22
37473,24
37474,24
37475,18
37476,20
37477,20
37478,20
37479,23
37480,24
37481,24
37482,18
37483,20
37484,20
37485,20
37486,23
37487,24
37488,24
37489,18
37490,20
37491,20
37492,20
37493,23
37494,24
37495,24
37496,18
37497,20
37498,20
37499,28
37500,31
37501,31
37502,31
37503,24
37504,25
37505,25
37506,27
37507,30
37508,31
37509,31
37510,24
37511,25
37512,25
37513,27
37514,30
37515,31
37516,31
37517,24
37518,25
37519,25
37520,27
37521,31
37522,31
37523,31
37524,24
37525,25
37526,25
37527,27
37528,31
37529,31
37530,31
37531,32
37532,32
37533,33
37534,36
37535,37
37536,38
37537,31
37538,32
37539,32
37540,32
37541,36
37542,37
37543,38
37544,31
37545,32
37546,32
37547,32
37548,36
37549,37
37550,38
37551,31
37552,32
37553,32
37554,32
37555,36
37556,37
37557,38
37558,31
37559,32
37560,33
37561,34
37562,37
37563,38
37564,39
37565,32
37566,33
37567,34
37568,34
37569,37
37570,38
37571,39
37572,32
37573,34
37574,34
37575,34
37576,37
37577,38
37578,40
37579,33
37580,34
37581,34
37582,34
37583,38
37584,38
37585,39
37586,32
37587,34
37588,34
37589,45
37590,48
37591,48
37592,48
37593,33
37594,41
37595,41
37596,45
37597,48
37598,48
37599,48
37600,32
37601,41
37602,41
37603,45
37604,48
37605,48
37606,48
37607,33
37608,41
37609,41
37610,44
37611,47
37612,47
37613,48
37614,33
37615,41
37616,41
37617,45
37618,49
37619,49
37620,27
37621,28
37622,28
37623,28
37624,34
37625,35
37626,35
37627,27
37628,28
37629,28
37630,28
37631,34
37632,34
37633,35
37634,27
37635,28
37636,28
37637,28
37638,34
37639,34
37640,35
37641,27
37642,28
37643,28
37644,28
37645,34
37646,34
37647,35
37648,27
37649,28
37650,28
37651,29
37652,35
37653,36
37654,36
37655,28
37656,29
37657,29
37658,30
37659,35
37660,36
37661,36
37662,28
37663,30
37664,30
37665,30
37666,35
37667,36
37668,36
37669,28
37670,30
37671,30
37672,30
37673,35
37674,36
37675,36
37676,28
37677,29
37678,29
37679,41
37680,45
37681,45
37682,45
37683,32
37684,38
37685,38
37686,41
37687,44
37688,45
37689,46
37690,32
37691,38
37692,38
37693,41
37694,44
37695,45
37696,46
37697,32
37698,38
37699,38
37700,41
37701,44
37702,45
37703,45
37704,32
37705,38
37706,38
37707,41
37708,45
37709,45
37710,27
37711,28
37712,28
37713,28
37714,35
37715,35
37716,36
37717,27
37718,28
37719,28
37720,28
37721,35
37722,35
37723,36
37724,27
37725,28
37726,28
37727,28
37728,34
37729,35
37730,36
37731,27
37732,28
37733,28
37734,28
37735,34
37736,35
37737,36
37738,27
37739,28
37740,28
37741,29
37742,35
37743,36
37744,37
37745,28
37746,29
37747,29
37748,30
37749,36
37750,36
37751,37
37752,28
37753,30
37754,30
37755,30
37756,35
37757,36
37758,37
37759,28
37760,30
37761,30
37762,30
37763,35
37764,36
37765,37
37766,28
37767,29
37768,29
37769,42
37770,45
37771,45
37772,46
37773,32
37774,38
37775,38
37776,41
37777,45
37778,45
37779,46
37780,32
37781,38
37782,38
37783,41
37784,45
37785,45
37786,46
37787,32
37788,38
37789,38
37790,41
37791,45
37792,45
37793,46
37794,32
37795,38
37796,38
37797,41
37798,45
37799,46
37800,32
37801,32
37802,32
37803,33
37804,38
37805,38
37806,38
37807,32
37808,32
37809,32
37810,33
37811,38
37812,38
37813,38
37814,32
37815,32
37816,32
37817,33
37818,38
37819,38
37820,38
37821,32
37822,32
37823,32
37824,33
37825,38
37826,38
37827,38
37828,32
37829,32
37830,33
37831,33
37832,39
37833,40
37834,40
37835,33
37836,33
37837,33
37838,33
37839,39
37840,39
37841,40
37842,33
37843,33
37844,33
37845,33
37846,39
37847,40
37848,40
37849,33
37850,33
37851,33
37852,33
37853,41
37854,41
37855,41
37856,33
37857,33
37858,33
37859,45
37860,53
37861,53
37862,54
37863,42
37864,43
37865,43
37866,46
37867,53
37868,54
37869,54
37870,42
37871,43
37872,43
37873,46
37874,53
37875,54
37876,54
37877,42
37878,43
37879,43
37880,46
37881,53
37882,54
37883,54
37884,42
37885,43
37886,43
37887,46
37888,53
37889,54
37890,40
37891,41
37892,41
37893,41
37894,55
37895,55
37896,55
37897,40
37898,41
37899,41
37900,41
37901,55
37902,55
37903,55
37904,40
37905,41
37906,41
37907,41
37908,55
37909,55
37910,55
37911,40
37912,41
37913,41
37914,41
37915,56
37916,56
37917,56
37918,40
37919,41
37920,41
37921,41
37922,56
37923,56
37924,56
37925,40
37926,41
37927,41
37928,41
37929,56
37930,56
37931,56
37932,40
37933,41
37934,41
37935,41
37936,56
37937,56
37938,56
37939,40
37940,41
37941,41
37942,41
37943,56
37944,56
37945,56
37946,40
37947,41
37948,41
37949,57
37950,68
37951,68
37952,68
37953,53
37954,53
37955,53
37956,57
37957,68
37958,68
37959,68
37960,53
37961,53
37962,53
37963,57
37964,68
37965,68
37966,68
37967,53
37968,53
37969,53
37970,57
37971,68
37972,68
37973,68
37974,53
37975,53
37976,53
37977,57
37978,68
37979,68
37980,39
37981,40
37982,40
37983,40
37984,50
37985,50
37986,50
37987,39
37988,40
37989,40
37990,40
37991,50
37992,50
37993,50
37994,39
37995,40
37996,40
37997,40
37998,50
37999,50
38000,50
38001,39
38002,40
38003,40
38004,40
38005,50
38006,50
38007,51
38008,39
38009,40
38010,40
38011,40
38012,50
38013,50
38014,51
38015,39
38016,40
38017,40
38018,40
38019,50
38020,50
38021,51
38022,39
38023,40
38024,40
38025,40
38026,50
38027,50
38028,51
38029,39
38030,40
38031,40
38032,40
38033,50
38034,50
38035,51
38036,39
38037,40
38038,40
38039,56
38040,66
38041,66
38042,67
38043,52
38044,52
38045,52
38046,56
38047,66
38048,66
38049,67
38050,52
38051,52
38052,52
38053,56
38054,66
38055,66
38056,67
38057,52
38058,52
38059,52
38060,56
38061,66
38062,66
38063,67
38064,52
38065,52
38066,52
38067,56
38068,66
38069,66
38070,39
38071,40
38072,40
38073,40
38074,49
38075,49
38076,49
38077,39
38078,40
38079,40
38080,40
38081,49
38082,49
38083,49
38084,39
38085,40
38086,40
38087,40
38088,49
38089,49
38090,49
38091,39
38092,40
38093,40
38094,40
38095,50
38096,50
38097,50
38098,39
38099,40
38100,40
38101,40
38102,50
38103,50
38104,50
38105,39
38106,40
38107,40
38108,40
38109,50
38110,50
38111,50
38112,39
38113,40
38114,40
38115,40
38116,50
38117,50
38118,50
38119,39
38120,40
38121,40
38122,40
38123,50
38124,50
38125,50
38126,39
38127,40
38128,40
38129,56
38130,64
38131,65
38132,65
38133,52
38134,52
38135,52
38136,56
38137,64
38138,65
38139,65
38140,52
38141,52
38142,52
38143,56
38144,64
38145,65
38146,65
38147,52
38148,52
38149,52
38150,56
38151,64
38152,65
38153,65
38154,52
38155,52
38156,52
38157,56
38158,64
38159,65
38160,25
38161,26
38162,26
38163,26
38164,33
38165,34
38166,35
38167,25
38168,26
38169,26
38170,26
38171,33
38172,34
38173,35
38174,25
38175,26
38176,26
38177,26
38178,33
38179,34
38180,35
38181,25
38182,26
38183,27
38184,27
38185,34
38186,34
38187,35
38188,25
38189,27
38190,27
38191,27
38192,34
38193,35
38194,35
38195,26
38196,27
38197,27
38198,27
38199,34
38200,35
38201,35
38202,26
38203,27
38204,27
38205,27
38206,34
38207,35
38208,35
38209,26
38210,27
38211,27
38212,27
38213,34
38214,35
38215,35
38216,26
38217,27
38218,27
38219,39
38220,47
38221,47
38222,47
38223,31
38224,34
38225,34
38226,38
38227,46
38228,46
38229,46
38230,31
38231,34
38232,34
38233,38
38234,46
38235,46
38236,46
38237,31
38238,34
38239,35
38240,38
38241,46
38242,46
38243,46
38244,31
38245,34
38246,35
38247,38
38248,46
38249,46
38250,25
38251,26
38252,26
38253,26
38254,33
38255,34
38256,34
38257,25
38258,26
38259,26
38260,26
38261,33
38262,34
38263,35
38264,25
38265,26
38266,26
38267,26
38268,33
38269,34
38270,35
38271,25
38272,26
38273,27
38274,27
38275,33
38276,34
38277,35
38278,25
38279,27
38280,27
38281,27
38282,34
38283,35
38284,35
38285,26
38286,27
38287,27
38288,27
38289,34
38290,35
38291,35
38292,26
38293,27
38294,27
38295,27
38296,34
38297,35
38298,35
38299,26
38300,27
38301,27
38302,27
38303,34
38304,35
38305,35
38306,26
38307,27
38308,27
38309,39
38310,47
38311,47
38312,47
38313,31
38314,34
38315,34
38316,38
38317,45
38318,45
38319,45
38320,31
38321,34
38322,34
38323,38
38324,45
38325,45
38326,45
38327,31
38328,34
38329,35
38330,38
38331,45
38332,45
38333,45
38334,31
38335,34
38336,35
38337,38
38338,45
38339,45
38340,25
38341,26
38342,26
38343,26
38344,31
38345,32
38346,33
38347,25
38348,26
38349,26
38350,26
38351,32
38352,32
38353,33
38354,25
38355,26
38356,26
38357,26
38358,32
38359,32
38360,33
38361,25
38362,26
38363,26
38364,26
38365,31
38366,32
38367,32
38368,25
38369,27
38370,27
38371,27
38372,32
38373,33
38374,33
38375,26
38376,27
38377,27
38378,27
38379,32
38380,33
38381,33
38382,26
38383,27
38384,27
38385,27
38386,32
38387,33
38388,33
38389,26
38390,27
38391,27
38392,27
38393,32
38394,32
38395,33
38396,26
38397,27
38398,27
38399,38
38400,45
38401,45
38402,45
38403,31
38404,34
38405,34
38406,37
38407,44
38408,44
38409,44
38410,31
38411,34
38412,34
38413,37
38414,44
38415,44
38416,44
38417,31
38418,34
38419,35
38420,37
38421,44
38422,44
38423,44
38424,31
38425,34
38426,35
38427,37
38428,44
38429,44
38430,38
38431,44
38432,45
38433,45
38434,51
38435,52
38436,53
38437,39
38438,44
38439,45
38440,45
38441,51
38442,52
38443,53
38444,39
38445,44
38446,45
38447,45
38448,51
38449,52
38450,53
38451,39
38452,44
38453,45
38454,46
38455,51
38456,52
38457,53
38458,39
38459,44
38460,45
38461,45
38462,53
38463,55
38464,56
38465,39
38466,45
38467,45
38468,46
38469,54
38470,56
38471,57
38472,39
38473,45
38474,45
38475,46
38476,54
38477,56
38478,56
38479,40
38480,46
38481,46
38482,47
38483,54
38484,56
38485,56
38486,41
38487,46
38488,46
38489,62
38490,66
38491,66
38492,70
38493,55
38494,59
38495,60
38496,62
38497,66
38498,66
38499,70
38500,54
38501,59
38502,60
38503,62
38504,66
38505,66
38506,70
38507,54
38508,59
38509,60
38510,62
38511,66
38512,66
38513,70
38514,55
38515,59
38516,62
38517,62
38518,66
38519,66
38520,37
38521,41
38522,42
38523,43
38524,47
38525,48
38526,49
38527,38
38528,42
38529,43
38530,43
38531,47
38532,47
38533,48
38534,38
38535,42
38536,43
38537,43
38538,46
38539,47
38540,48
38541,38
38542,42
38543,43
38544,43
38545,46
38546,47
38547,48
38548,38
38549,42
38550,43
38551,43
38552,49
38553,52
38554,52
38555,38
38556,42
38557,43
38558,43
38559,49
38560,52
38561,53
38562,39
38563,43
38564,43
38565,44
38566,49
38567,52
38568,53
38569,39
38570,43
38571,44
38572,44
38573,49
38574,52
38575,53
38576,40
38577,43
38578,44
38579,57
38580,62
38581,63
38582,69
38583,50
38584,52
38585,54
38586,57
38587,62
38588,63
38589,69
38590,50
38591,52
38592,54
38593,57
38594,62
38595,63
38596,69
38597,50
38598,52
38599,54
38600,57
38601,62
38602,63
38603,68
38604,50
38605,52
38606,55
38607,58
38608,62
38609,63
38610,37
38611,42
38612,43
38613,43
38614,47
38615,48
38616,49
38617,38
38618,42
38619,43
38620,44
38621,47
38622,47
38623,48
38624,38
38625,42
38626,43
38627,44
38628,46
38629,47
38630,48
38631,38
38632,42
38633,43
38634,44
38635,46
38636,47
38637,48
38638,38
38639,42
38640,43
38641,44
38642,49
38643,52
38644,53
38645,39
38646,43
38647,43
38648,44
38649,49
38650,52
38651,53
38652,39
38653,43
38654,43
38655,44
38656,49
38657,52
38658,53
38659,39
38660,43
38661,44
38662,44
38663,49
38664,52
38665,53
38666,40
38667,43
38668,44
38669,58
38670,63
38671,63
38672,69
38673,51
38674,53
38675,55
38676,58
38677,63
38678,63
38679,69
38680,50
38681,53
38682,54
38683,58
38684,63
38685,63
38686,69
38687,50
38688,53
38689,54
38690,58
38691,63
38692,63
38693,68
38694,50
38695,53
38696,55
38697,57
38698,62
38699,63
38700,18
38701,20
38702,20
38703,20
38704,23
38705,23
38706,23
38707,18
38708,20
38709,20
38710,20
38711,23
38712,23
38713,23
38714,18
38715,20
38716,20
38717,20
38718,23
38719,23
38720,23
38721,18
38722,20
38723,20
38724,20
38725,23
38726,23
38727,23
38728,18
38729,19
38730,20
38731,20
38732,24
38733,24
38734,24
38735,18
38736,20
38737,20
38738,20
38739,25
38740,25
38741,25
38742,18
38743,20
38744,20
38745,20
38746,25
38747,25
38748,25
38749,19
38750,20
38751,20
38752,20
38753,25
38754,25
38755,25
38756,18
38757,19
38758,20
38759,28
38760,31
38761,31
38762,31
38763,24
38764,25
38765,25
38766,27
38767,29
38768,30
38769,30
38770,23
38771,25
38772,24
38773,28
38774,30
38775,30
38776,30
38777,23
38778,25
38779,25
38780,28
38781,30
38782,30
38783,30
38784,24
38785,25
38786,25
38787,28
38788,30
38789,31
38790,22
38791,24
38792,24
38793,25
38794,30
38795,30
38796,31
38797,22
38798,24
38799,24
38800,25
38801,30
38802,30
38803,31
38804,22
38805,24
38806,24
38807,25
38808,29
38809,30
38810,31
38811,21
38812,24
38813,24
38814,25
38815,29
38816,30
38817,31
38818,22
38819,24
38820,24
38821,25
38822,31
38823,32
38824,33
38825,22
38826,24
38827,24
38828,25
38829,31
38830,32
38831,33
38832,22
38833,25
38834,25
38835,25
38836,31
38837,32
38838,34
38839,22
38840,25
38841,25
38842,25
38843,31
38844,33
38845,34
38846,22
38847,24
38848,24
38849,33
38850,41
38851,42
38852,42
38853,30
38854,32
38855,33
38856,33
38857,41
38858,42
38859,42
38860,30
38861,33
38862,33
38863,34
38864,41
38865,42
38866,42
38867,30
38868,33
38869,33
38870,34
38871,41
38872,42
38873,42
38874,30
38875,32
38876,33
38877,34
38878,41
38879,42
38880,21
38881,24
38882,24
38883,24
38884,30
38885,30
38886,30
38887,21
38888,24
38889,24
38890,24
38891,30
38892,30
38893,30
38894,21
38895,24
38896,24
38897,24
38898,29
38899,30
38900,30
38901,21
38902,24
38903,24
38904,24
38905,29
38906,29
38907,30
38908,21
38909,24
38910,24
38911,25
38912,30
38913,31
38914,32
38915,21
38916,24
38917,24
38918,25
38919,31
38920,31
38921,33
38922,21
38923,24
38924,24
38925,25
38926,31
38927,31
38928,33
38929,21
38930,24
38931,24
38932,25
38933,31
38934,32
38935,33
38936,22
38937,24
38938,24
38939,32
38940,36
38941,37
38942,37
38943,27
38944,31
38945,31
38946,32
38947,36
38948,37
38949,37
38950,28
38951,31
38952,31
38953,32
38954,36
38955,37
38956,37
38957,28
38958,31
38959,31
38960,32
38961,36
38962,37
38963,37
38964,28
38965,31
38966,31
38967,32
38968,36
38969,36
38970,21
38971,24
38972,24
38973,24
38974,28
38975,28
38976,28
38977,21
38978,24
38979,24
38980,24
38981,28
38982,28
38983,28
38984,21
38985,24
38986,24
38987,24
38988,28
38989,28
38990,28
38991,21
38992,24
38993,24
38994,24
38995,28
38996,28
38997,28
38998,21
38999,24
39000,24
39001,24
39002,29
39003,29
39004,30
39005,21
39006,24
39007,24
39008,24
39009,29
39010,29
39011,30
39012,21
39013,24
39014,24
39015,25
39016,29
39017,29
39018,30
39019,21
39020,24
39021,24
39022,25
39023,29
39024,29
39025,30
39026,21
39027,24
39028,24
39029,31
39030,35
39031,36
39032,36
39033,28
39034,30
39035,31
39036,31
39037,35
39038,35
39039,36
39040,28
39041,30
39042,31
39043,31
39044,35
39045,35
39046,36
39047,28
39048,30
39049,31
39050,31
39051,35
39052,35
39053,35
39054,28
39055,30
39056,31
39057,31
39058,35
39059,35
39060,14
39061,15
39062,15
39063,16
39064,18
39065,19
39066,19
39067,15
39068,15
39069,15
39070,16
39071,18
39072,19
39073,19
39074,15
39075,16
39076,16
39077,16
39078,18
39079,19
39080,19
39081,15
39082,15
39083,16
39084,17
39085,18
39086,19
39087,18
39088,15
39089,15
39090,16
39091,17
39092,19
39093,20
39094,20
39095,15
39096,16
39097,16
39098,17
39099,19
39100,20
39101,21
39102,15
39103,16
39104,16
39105,17
39106,20
39107,20
39108,20
39109,15
39110,16
39111,16
39112,17
39113,20
39114,20
39115,20
39116,15
39117,16
39118,16
39119,22
39120,22
39121,23
39122,23
39123,18
39124,21
39125,21
39126,21
39127,22
39128,23
39129,23
39130,17
39131,21
39132,21
39133,21
39134,22
39135,24
39136,24
39137,17
39138,21
39139,21
39140,21
39141,22
39142,24
39143,24
39144,17
39145,21
39146,21
39147,22
39148,23
39149,24
39150,14
39151,15
39152,15
39153,16
39154,18
39155,19
39156,19
39157,15
39158,15
39159,15
39160,16
39161,18
39162,19
39163,19
39164,15
39165,15
39166,16
39167,16
39168,18
39169,19
39170,19
39171,15
39172,16
39173,16
39174,17
39175,18
39176,19
39177,18
39178,15
39179,15
39180,16
39181,17
39182,19
39183,20
39184,20
39185,15
39186,16
39187,16
39188,17
39189,19
39190,20
39191,20
39192,15
39193,16
39194,16
39195,17
39196,19
39197,20
39198,20
39199,15
39200,16
39201,16
39202,17
39203,19
39204,20
39205,20
39206,15
39207,16
39208,16
39209,22
39210,21
39211,22
39212,23
39213,18
39214,21
39215,21
39216,21
39217,21
39218,23
39219,23
39220,17
39221,21
39222,21
39223,21
39224,22
39225,23
39226,24
39227,17
39228,21
39229,21
39230,21
39231,22
39232,23
39233,24
39234,17
39235,21
39236,21
39237,22
39238,22
39239,24
39240,14
39241,15
39242,15
39243,16
39244,17
39245,18
39246,18
39247,15
39248,15
39249,15
39250,16
39251,17
39252,18
39253,18
39254,15
39255,15
39256,15
39257,16
39258,17
39259,18
39260,18
39261,15
39262,15
39263,15
39264,17
39265,17
39266,18
39267,18
39268,15
39269,15
39270,16
39271,17
39272,18
39273,19
39274,19
39275,15
39276,16
39277,16
39278,17
39279,18
39280,19
39281,20
39282,15
39283,16
39284,16
39285,17
39286,19
39287,20
39288,20
39289,15
39290,16
39291,16
39292,17
39293,18
39294,19
39295,19
39296,15
39297,16
39298,16
39299,22
39300,21
39301,22
39302,23
39303,17
39304,21
39305,21
39306,21
39307,21
39308,22
39309,23
39310,16
39311,21
39312,21
39313,21
39314,22
39315,23
39316,23
39317,16
39318,21
39319,21
39320,21
39321,22
39322,23
39323,23
39324,16
39325,21
39326,21
39327,21
39328,22
39329,23
39330,23
39331,26
39332,26
39333,26
39334,29
39335,30
39336,30
39337,22
39338,24
39339,24
39340,24
39341,27
39342,28
39343,29
39344,22
39345,24
39346,24
39347,24
39348,28
39349,29
39350,29
39351,23
39352,24
39353,24
39354,24
39355,28
39356,29
39357,29
39358,23
39359,24
39360,24
39361,25
39362,30
39363,31
39364,33
39365,25
39366,26
39367,26
39368,27
39369,31
39370,34
39371,35
39372,25
39373,27
39374,27
39375,28
39376,31
39377,34
39378,36
39379,25
39380,27
39381,27
39382,28
39383,32
39384,35
39385,37
39386,25
39387,27
39388,27
39389,36
39390,37
39391,39
39392,41
39393,32
39394,34
39395,33
39396,33
39397,36
39398,39
39399,41
39400,29
39401,31
39402,32
39403,32
39404,36
39405,39
39406,41
39407,28
39408,31
39409,31
39410,32
39411,37
39412,38
39413,41
39414,28
39415,31
39416,32
39417,33
39418,38
39419,38
39420,21
39421,24
39422,24
39423,24
39424,26
39425,26
39426,27
39427,21
39428,23
39429,23
39430,23
39431,26
39432,26
39433,27
39434,20
39435,23
39436,23
39437,23
39438,26
39439,26
39440,27
39441,20
39442,24
39443,24
39444,24
39445,25
39446,25
39447,26
39448,21
39449,23
39450,23
39451,24
39452,27
39453,28
39454,29
39455,21
39456,24
39457,24
39458,25
39459,29
39460,29
39461,30
39462,21
39463,26
39464,26
39465,26
39466,29
39467,30
39468,31
39469,21
39470,26
39471,26
39472,26
39473,29
39474,30
39475,31
39476,21
39477,25
39478,25
39479,32
39480,34
39481,36
39482,36
39483,27
39484,30
39485,30
39486,30
39487,34
39488,36
39489,37
39490,27
39491,30
39492,30
39493,30
39494,33
39495,36
39496,37
39497,26
39498,29
39499,29
39500,31
39501,34
39502,36
39503,36
39504,26
39505,30
39506,30
39507,32
39508,33
39509,34
39510,21
39511,24
39512,24
39513,24
39514,26
39515,26
39516,27
39517,21
39518,23
39519,23
39520,23
39521,26
39522,26
39523,27
39524,20
39525,23
39526,23
39527,23
39528,26
39529,26
39530,27
39531,20
39532,24
39533,24
39534,24
39535,25
39536,25
39537,26
39538,20
39539,23
39540,23
39541,24
39542,27
39543,28
39544,29
39545,21
39546,24
39547,24
39548,25
39549,29
39550,30
39551,31
39552,21
39553,26
39554,26
39555,26
39556,29
39557,31
39558,32
39559,21
39560,26
39561,26
39562,26
39563,28
39564,31
39565,32
39566,21
39567,25
39568,25
39569,32
39570,34
39571,36
39572,37
39573,27
39574,30
39575,30
39576,30
39577,34
39578,37
39579,37
39580,27
39581,30
39582,30
39583,30
39584,33
39585,37
39586,38
39587,26
39588,30
39589,30
39590,31
39591,34
39592,37
39593,38
39594,26
39595,30
39596,31
39597,32
39598,34
39599,35
39600,44
39601,54
39602,54
39603,55
39604,57
39605,61
39606,65
39607,44
39608,54
39609,55
39610,55
39611,58
39612,63
39613,66
39614,44
39615,54
39616,54
39617,54
39618,59
39619,63
39620,65
39621,45
39622,54
39623,54
39624,54
39625,59
39626,62
39627,64
39628,45
39629,54
39630,54
39631,55
39632,64
39633,70
39634,72
39635,48
39636,54
39637,54
39638,55
39639,64
39640,70
39641,71
39642,50
39643,57
39644,57
39645,57
39646,64
39647,69
39648,70
39649,50
39650,59
39651,59
39652,59
39653,65
39654,71
39655,72
39656,49
39657,58
39658,58
39659,71
39660,77
39661,80
39662,82
39663,55
39664,71
39665,72
39666,72
39667,77
39668,79
39669,83
39670,55
39671,71
39672,71
39673,69
39674,76
39675,79
39676,86
39677,54
39678,70
39679,71
39680,68
39681,75
39682,78
39683,84
39684,57
39685,70
39686,70
39687,67
39688,76
39689,80
39690,62
39691,74
39692,74
39693,74
39694,87
39695,90
39696,91
39697,62
39698,74
39699,74
39700,74
39701,87
39702,90
39703,91
39704,62
39705,74
39706,74
39707,74
39708,87
39709,91
39710,91
39711,62
39712,74
39713,74
39714,75
39715,87
39716,90
39717,91
39718,65
39719,75
39720,75
39721,76
39722,89
39723,94
39724,95
39725,69
39726,77
39727,78
39728,78
39729,92
39730,96
39731,96
39732,70
39733,78
39734,78
39735,78
39736,92
39737,98
39738,98
39739,70
39740,78
39741,78
39742,78
39743,93
39744,98
39745,98
39746,72
39747,78
39748,78
39749,103
39750,114
39751,116
39752,123
39753,80
39754,100
39755,100
39756,103
39757,115
39758,116
39759,121
39760,81
39761,100
39762,100
39763,103
39764,116
39765,117
39766,119
39767,81
39768,100
39769,100
39770,102
39771,116
39772,117
39773,120
39774,80
39775,99
39776,99
39777,101
39778,116
39779,119
39780,55
39781,63
39782,63
39783,63
39784,71
39785,75
39786,77
39787,56
39788,63
39789,63
39790,63
39791,72
39792,75
39793,77
39794,56
39795,63
39796,63
39797,63
39798,72
39799,75
39800,77
39801,55
39802,63
39803,63
39804,63
39805,72
39806,76
39807,78
39808,56
39809,64
39810,64
39811,65
39812,76
39813,78
39814,81
39815,59
39816,66
39817,66
39818,66
39819,76
39820,78
39821,82
39822,59
39823,66
39824,66
39825,66
39826,76
39827,79
39828,82
39829,59
39830,66
39831,66
39832,66
39833,77
39834,79
39835,82
39836,59
39837,66
39838,66
39839,91
39840,99
39841,99
39842,102
39843,72
39844,87
39845,87
39846,91
39847,99
39848,99
39849,103
39850,72
39851,87
39852,87
39853,91
39854,100
39855,100
39856,103
39857,73
39858,86
39859,87
39860,90
39861,99
39862,100
39863,103
39864,72
39865,86
39866,87
39867,90
39868,98
39869,98
39870,55
39871,63
39872,63
39873,63
39874,69
39875,72
39876,74
39877,56
39878,62
39879,63
39880,63
39881,70
39882,73
39883,75
39884,56
39885,62
39886,63
39887,63
39888,70
39889,73
39890,75
39891,56
39892,63
39893,63
39894,63
39895,71
39896,74
39897,76
39898,56
39899,64
39900,64
39901,64
39902,74
39903,76
39904,79
39905,59
39906,65
39907,65
39908,66
39909,74
39910,76
39911,79
39912,59
39913,65
39914,65
39915,66
39916,75
39917,77
39918,80
39919,59
39920,65
39921,65
39922,66
39923,75
39924,77
39925,80
39926,59
39927,65
39928,65
39929,88
39930,98
39931,98
39932,100
39933,70
39934,83
39935,83
39936,87
39937,98
39938,98
39939,102
39940,71
39941,83
39942,83
39943,87
39944,98
39945,99
39946,102
39947,72
39948,83
39949,83
39950,87
39951,97
39952,98
39953,102
39954,70
39955,83
39956,83
39957,87
39958,96
39959,97
39960,38
39961,41
39962,42
39963,42
39964,48
39965,50
39966,54
39967,37
39968,41
39969,41
39970,42
39971,49
39972,51
39973,55
39974,37
39975,41
39976,42
39977,42
39978,49
39979,51
39980,56
39981,36
39982,41
39983,41
39984,42
39985,49
39986,51
39987,56
39988,37
39989,41
39990,42
39991,47
39992,53
39993,55
39994,57
39995,40
39996,46
39997,47
39998,48
39999,56
40000,58
40001,60
40002,39
40003,46
40004,47
40005,48
40006,59
40007,59
40008,60
40009,39
40010,47
40011,48
40012,49
40013,61
40014,62
40015,62
40016,40
40017,46
40018,47
40019,63
40020,68
40021,68
40022,75
40023,49
40024,60
40025,60
40026,62
40027,67
40028,67
40029,76
40030,50
40031,59
40032,59
40033,62
40034,67
40035,67
40036,76
40037,49
40038,59
40039,59
40040,62
40041,67
40042,67
40043,75
40044,48
40045,59
40046,59
40047,62
40048,67
40049,67
40050,38
40051,40
40052,41
40053,41
40054,48
40055,50
40056,54
40057,37
40058,40
40059,41
40060,41
40061,49
40062,51
40063,55
40064,36
40065,40
40066,41
40067,41
40068,49
40069,52
40070,56
40071,36
40072,40
40073,41
40074,41
40075,49
40076,51
40077,56
40078,37
40079,40
40080,42
40081,46
40082,54
40083,56
40084,58
40085,40
40086,45
40087,46
40088,46
40089,57
40090,59
40091,61
40092,39
40093,46
40094,46
40095,47
40096,60
40097,60
40098,60
40099,39
40100,46
40101,46
40102,48
40103,62
40104,62
40105,62
40106,40
40107,45
40108,46
40109,63
40110,68
40111,67
40112,72
40113,49
40114,60
40115,60
40116,62
40117,67
40118,67
40119,73
40120,50
40121,59
40122,59
40123,62
40124,66
40125,66
40126,73
40127,48
40128,59
40129,59
40130,62
40131,66
40132,66
40133,73
40134,48
40135,58
40136,59
40137,63
40138,67
40139,67
40140,33
40141,38
40142,40
40143,40
40144,47
40145,49
40146,52
40147,33
40148,38
40149,40
40150,41
40151,48
40152,49
40153,53
40154,31
40155,39
40156,40
40157,40
40158,48
40159,50
40160,53
40161,32
40162,38
40163,40
40164,40
40165,48
40166,50
40167,54
40168,33
40169,38
40170,40
40171,44
40172,52
40173,53
40174,55
40175,37
40176,43
40177,44
40178,45
40179,51
40180,52
40181,53
40182,38
40183,44
40184,45
40185,46
40186,51
40187,51
40188,53
40189,37
40190,44
40191,45
40192,46
40193,52
40194,53
40195,54
40196,39
40197,44
40198,45
40199,56
40200,56
40201,57
40202,60
40203,46
40204,55
40205,55
40206,55
40207,58
40208,59
40209,64
40210,47
40211,54
40212,54
40213,55
40214,57
40215,58
40216,63
40217,46
40218,55
40219,55
40220,56
40221,59
40222,60
40223,64
40224,45
40225,56
40226,56
40227,57
40228,58
40229,60
40230,63
40231,66
40232,67
40233,74
40234,83
40235,86
40236,87
40237,63
40238,66
40239,66
40240,74
40241,82
40242,85
40243,86
40244,61
40245,66
40246,67
40247,74
40248,80
40249,84
40250,86
40251,64
40252,67
40253,67
40254,78
40255,80
40256,83
40257,84
40258,67
40259,69
40260,70
40261,78
40262,82
40263,83
40264,85
40265,69
40266,72
40267,73
40268,78
40269,94
40270,99
40271,102
40272,66
40273,72
40274,74
40275,81
40276,97
40277,98
40278,103
40279,65
40280,74
40281,76
40282,81
40283,94
40284,96
40285,99
40286,67
40287,75
40288,76
40289,98
40290,102
40291,102
40292,113
40293,73
40294,93
40295,94
40296,95
40297,101
40298,101
40299,114
40300,75
40301,92
40302,92
40303,97
40304,103
40305,106
40306,113
40307,75
40308,92
40309,92
40310,98
40311,105
40312,108
40313,114
40314,74
40315,93
40316,94
40317,100
40318,106
40319,108
40320,56
40321,63
40322,63
40323,65
40324,73
40325,75
40326,75
40327,55
40328,64
40329,64
40330,66
40331,70
40332,75
40333,76
40334,54
40335,64
40336,64
40337,67
40338,70
40339,75
40340,77
40341,54
40342,64
40343,65
40344,69
40345,68
40346,73
40347,74
40348,54
40349,66
40350,68
40351,69
40352,73
40353,79
40354,82
40355,58
40356,67
40357,69
40358,70
40359,78
40360,85
40361,87
40362,56
40363,67
40364,69
40365,70
40366,76
40367,83
40368,86
40369,55
40370,68
40371,70
40372,70
40373,76
40374,86
40375,89
40376,55
40377,69
40378,71
40379,81
40380,95
40381,100
40382,101
40383,66
40384,75
40385,77
40386,80
40387,95
40388,100
40389,101
40390,68
40391,75
40392,76
40393,79
40394,95
40395,101
40396,101
40397,69
40398,75
40399,76
40400,79
40401,96
40402,100
40403,101
40404,69
40405,76
40406,78
40407,80
40408,96
40409,101
40410,56
40411,65
40412,64
40413,65
40414,75
40415,77
40416,77
40417,56
40418,65
40419,65
40420,66
40421,72
40422,78
40423,79
40424,54
40425,64
40426,64
40427,66
40428,71
40429,77
40430,78
40431,54
40432,65
40433,66
40434,69
40435,70
40436,76
40437,78
40438,53
40439,66
40440,68
40441,70
40442,75
40443,81
40444,84
40445,59
40446,67
40447,69
40448,71
40449,81
40450,87
40451,89
40452,57
40453,67
40454,69
40455,71
40456,80
40457,86
40458,88
40459,55
40460,68
40461,71
40462,71
40463,79
40464,88
40465,91
40466,55
40467,70
40468,72
40469,91
40470,97
40471,106
40472,111
40473,65
40474,88
40475,88
40476,90
40477,97
40478,107
40479,112
40480,67
40481,86
40482,86
40483,88
40484,98
40485,107
40486,112
40487,71
40488,85
40489,85
40490,88
40491,98
40492,107
40493,112
40494,71
40495,85
40496,85
40497,88
40498,99
40499,108
40500,34
40501,36
40502,36
40503,40
40504,46
40505,46
40506,46
40507,34
40508,36
40509,36
40510,39
40511,46
40512,46
40513,46
40514,34
40515,36
40516,36
40517,40
40518,46
40519,46
40520,46
40521,34
40522,36
40523,36
40524,39
40525,45
40526,46
40527,46
40528,33
40529,35
40530,36
40531,40
40532,47
40533,47
40534,48
40535,34
40536,36
40537,36
40538,40
40539,47
40540,47
40541,48
40542,34
40543,36
40544,36
40545,41
40546,47
40547,47
40548,48
40549,34
40550,36
40551,37
40552,41
40553,48
40554,48
40555,49
40556,33
40557,35
40558,36
40559,52
40560,59
40561,60
40562,61
40563,47
40564,47
40565,50
40566,52
40567,58
40568,59
40569,61
40570,47
40571,47
40572,50
40573,52
40574,58
40575,59
40576,61
40577,47
40578,47
40579,50
40580,52
40581,58
40582,59
40583,61
40584,47
40585,47
40586,50
40587,52
40588,58
40589,59
40590,46
40591,49
40592,49
40593,50
40594,61
40595,61
40596,61
40597,46
40598,49
40599,49
40600,50
40601,61
40602,61
40603,61
40604,46
40605,49
40606,49
40607,50
40608,61
40609,61
40610,61
40611,46
40612,49
40613,49
40614,50
40615,61
40616,61
40617,61
40618,46
40619,50
40620,50
40621,51
40622,63
40623,63
40624,63
40625,47
40626,50
40627,50
40628,51
40629,63
40630,63
40631,63
40632,47
40633,50
40634,50
40635,51
40636,63
40637,63
40638,63
40639,47
40640,50
40641,50
40642,51
40643,63
40644,63
40645,63
40646,47
40647,50
40648,50
40649,72
40650,79
40651,79
40652,80
40653,66
40654,66
40655,67
40656,72
40657,79
40658,79
40659,80
40660,66
40661,66
40662,67
40663,72
40664,79
40665,79
40666,80
40667,66
40668,66
40669,67
40670,72
40671,79
40672,79
40673,80
40674,65
40675,66
40676,67
40677,72
40678,79
40679,79
40680,42
40681,46
40682,46
40683,46
40684,58
40685,58
40686,58
40687,42
40688,46
40689,46
40690,46
40691,58
40692,58
40693,58
40694,42
40695,46
40696,46
40697,46
40698,58
40699,58
40700,58
40701,42
40702,46
40703,46
40704,46
40705,58
40706,58
40707,58
40708,42
40709,46
40710,46
40711,47
40712,60
40713,60
40714,60
40715,42
40716,46
40717,47
40718,47
40719,60
40720,60
40721,60
40722,42
40723,46
40724,47
40725,47
40726,60
40727,60
40728,60
40729,42
40730,46
40731,47
40732,47
40733,60
40734,60
40735,60
40736,42
40737,46
40738,46
40739,67
40740,76
40741,76
40742,77
40743,61
40744,61
40745,61
40746,67
40747,76
40748,76
40749,77
40750,61
40751,61
40752,61
40753,67
40754,76
40755,76
40756,77
40757,61
40758,61
40759,61
40760,67
40761,76
40762,76
40763,77
40764,61
40765,61
40766,61
40767,67
40768,76
40769,76
40770,42
40771,45
40772,45
40773,45
40774,56
40775,56
40776,56
40777,42
40778,45
40779,45
40780,45
40781,56
40782,56
40783,56
40784,41
40785,45
40786,45
40787,45
40788,56
40789,56
40790,56
40791,41
40792,45
40793,45
40794,46
40795,56
40796,56
40797,56
40798,42
40799,46
40800,46
40801,46
40802,56
40803,56
40804,57
40805,42
40806,46
40807,46
40808,46
40809,56
40810,56
40811,57
40812,41
40813,46
40814,46
40815,46
40816,57
40817,57
40818,57
40819,41
40820,46
40821,46
40822,46
40823,57
40824,57
40825,57
40826,41
40827,46
40828,46
40829,67
40830,74
40831,75
40832,75
40833,59
40834,60
40835,61
40836,67
40837,74
40838,74
40839,75
40840,60
40841,60
40842,61
40843,67
40844,74
40845,74
40846,75
40847,60
40848,60
40849,61
40850,66
40851,74
40852,74
40853,75
40854,60
40855,60
40856,61
40857,66
40858,74
40859,74
40860,28
40861,31
40862,32
40863,33
40864,37
40865,37
40866,37
40867,28
40868,31
40869,32
40870,33
40871,37
40872,38
40873,38
40874,28
40875,31
40876,32
40877,33
40878,37
40879,38
40880,38
40881,28
40882,31
40883,32
40884,33
40885,38
40886,38
40887,38
40888,28
40889,31
40890,32
40891,34
40892,40
40893,41
40894,41
40895,28
40896,31
40897,32
40898,34
40899,40
40900,40
40901,40
40902,28
40903,31
40904,32
40905,34
40906,40
40907,40
40908,40
40909,28
40910,31
40911,33
40912,34
40913,40
40914,40
40915,40
40916,28
40917,31
40918,32
40919,43
40920,47
40921,48
40922,51
40923,36
40924,42
40925,42
40926,43
40927,48
40928,49
40929,51
40930,36
40931,42
40932,42
40933,43
40934,47
40935,48
40936,50
40937,36
40938,41
40939,42
40940,43
40941,47
40942,48
40943,51
40944,35
40945,42
40946,42
40947,44
40948,48
40949,49
40950,28
40951,31
40952,32
40953,33
40954,37
40955,37
40956,37
40957,28
40958,31
40959,32
40960,33
40961,37
40962,37
40963,37
40964,28
40965,31
40966,32
40967,33
40968,37
40969,38
40970,38
40971,28
40972,31
40973,32
40974,33
40975,37
40976,37
40977,37
40978,28
40979,31
40980,32
40981,33
40982,40
40983,40
40984,41
40985,28
40986,31
40987,32
40988,34
40989,40
40990,40
40991,40
40992,28
40993,31
40994,32
40995,34
40996,40
40997,40
40998,40
40999,28
41000,31
41001,32
41002,34
41003,40
41004,40
41005,40
41006,28
41007,31
41008,32
41009,43
41010,47
41011,48
41012,51
41013,35
41014,42
41015,42
41016,43
41017,47
41018,48
41019,51
41020,35
41021,42
41022,42
41023,43
41024,47
41025,48
41026,50
41027,35
41028,41
41029,42
41030,43
41031,47
41032,48
41033,51
41034,35
41035,42
41036,42
41037,43
41038,48
41039,49
41040,27
41041,30
41042,31
41043,32
41044,34
41045,35
41046,35
41047,27
41048,30
41049,31
41050,32
41051,35
41052,35
41053,35
41054,27
41055,30
41056,31
41057,32
41058,34
41059,35
41060,34
41061,27
41062,30
41063,32
41064,33
41065,34
41066,35
41067,35
41068,27
41069,30
41070,31
41071,33
41072,39
41073,39
41074,39
41075,27
41076,30
41077,32
41078,33
41079,38
41080,38
41081,39
41082,27
41083,30
41084,32
41085,33
41086,38
41087,38
41088,38
41089,27
41090,30
41091,32
41092,33
41093,38
41094,38
41095,38
41096,28
41097,30
41098,32
41099,43
41100,46
41101,47
41102,50
41103,35
41104,42
41105,42
41106,43
41107,47
41108,47
41109,50
41110,35
41111,41
41112,42
41113,43
41114,46
41115,47
41116,50
41117,34
41118,41
41119,41
41120,43
41121,46
41122,47
41123,50
41124,34
41125,42
41126,42
41127,43
41128,47
41129,48
41130,46
41131,52
41132,52
41133,54
41134,58
41135,60
41136,64
41137,46
41138,52
41139,52
41140,53
41141,58
41142,60
41143,64
41144,47
41145,52
41146,52
41147,53
41148,58
41149,60
41150,64
41151,46
41152,52
41153,52
41154,53
41155,58
41156,60
41157,64
41158,46
41159,51
41160,51
41161,54
41162,61
41163,62
41164,66
41165,47
41166,53
41167,53
41168,56
41169,62
41170,63
41171,67
41172,49
41173,53
41174,53
41175,56
41176,62
41177,63
41178,67
41179,50
41180,53
41181,53
41182,56
41183,62
41184,64
41185,67
41186,51
41187,54
41188,54
41189,66
41190,79
41191,79
41192,79
41193,53
41194,65
41195,66
41196,67
41197,78
41198,78
41199,79
41200,53
41201,64
41202,65
41203,67
41204,77
41205,78
41206,79
41207,54
41208,64
41209,65
41210,67
41211,77
41212,80
41213,80
41214,56
41215,64
41216,65
41217,67
41218,78
41219,80
41220,40
41221,45
41222,44
41223,45
41224,50
41225,52
41226,60
41227,40
41228,45
41229,45
41230,45
41231,50
41232,52
41233,60
41234,41
41235,45
41236,45
41237,46
41238,50
41239,52
41240,60
41241,40
41242,46
41243,45
41244,46
41245,50
41246,53
41247,60
41248,40
41249,46
41250,46
41251,47
41252,55
41253,56
41254,63
41255,41
41256,47
41257,47
41258,47
41259,55
41260,56
41261,63
41262,43
41263,48
41264,47
41265,47
41266,55
41267,56
41268,63
41269,43
41270,48
41271,48
41272,48
41273,55
41274,56
41275,62
41276,43
41277,48
41278,48
41279,62
41280,68
41281,70
41282,72
41283,51
41284,62
41285,62
41286,62
41287,69
41288,72
41289,74
41290,51
41291,61
41292,61
41293,62
41294,70
41295,72
41296,74
41297,52
41298,61
41299,61
41300,62
41301,70
41302,72
41303,74
41304,54
41305,61
41306,61
41307,62
41308,70
41309,72
41310,40
41311,45
41312,44
41313,45
41314,50
41315,53
41316,61
41317,41
41318,45
41319,45
41320,45
41321,50
41322,52
41323,61
41324,41
41325,45
41326,45
41327,46
41328,50
41329,52
41330,61
41331,40
41332,46
41333,45
41334,46
41335,50
41336,53
41337,61
41338,40
41339,46
41340,46
41341,47
41342,55
41343,56
41344,64
41345,41
41346,47
41347,47
41348,47
41349,55
41350,56
41351,64
41352,43
41353,48
41354,47
41355,48
41356,55
41357,57
41358,63
41359,43
41360,48
41361,48
41362,48
41363,55
41364,56
41365,63
41366,43
41367,48
41368,48
41369,63
41370,69
41371,71
41372,73
41373,50
41374,62
41375,62
41376,64
41377,70
41378,72
41379,74
41380,50
41381,62
41382,62
41383,64
41384,70
41385,72
41386,74
41387,53
41388,62
41389,62
41390,64
41391,70
41392,72
41393,75
41394,55
41395,61
41396,61
41397,64
41398,70
41399,72
41400,14
41401,15
41402,15
41403,15
41404,15
41405,15
41406,15
41407,14
41408,15
41409,15
41410,15
41411,15
41412,15
41413,16
41414,14
41415,15
41416,15
41417,15
41418,16
41419,16
41420,16
41421,14
41422,15
41423,15
41424,15
41425,16
41426,17
41427,17
41428,14
41429,15
41430,15
41431,15
41432,17
41433,17
41434,17
41435,14
41436,15
41437,15
41438,15
41439,17
41440,17
41441,17
41442,14
41443,15
41444,15
41445,15
41446,17
41447,17
41448,17
41449,14
41450,15
41451,15
41452,15
41453,17
41454,17
41455,17
41456,14
41457,15
41458,15
41459,21
41460,24
41461,25
41462,25
41463,19
41464,20
41465,20
41466,21
41467,24
41468,25
41469,25
41470,19
41471,20
41472,20
41473,21
41474,24
41475,25
41476,25
41477,19
41478,20
41479,20
41480,21
41481,24
41482,25
41483,25
41484,19
41485,20
41486,20
41487,21
41488,24
41489,25
41490,17
41491,18
41492,18
41493,18
41494,22
41495,22
41496,22
41497,17
41498,18
41499,18
41500,18
41501,22
41502,22
41503,22
41504,17
41505,18
41506,18
41507,18
41508,22
41509,22
41510,22
41511,17
41512,18
41513,18
41514,18
41515,22
41516,22
41517,22
41518,17
41519,18
41520,18
41521,18
41522,22
41523,22
41524,22
41525,17
41526,18
41527,18
41528,18
41529,22
41530,22
41531,22
41532,17
41533,18
41534,18
41535,18
41536,22
41537,22
41538,22
41539,17
41540,18
41541,18
41542,18
41543,22
41544,23
41545,23
41546,17
41547,18
41548,18
41549,24
41550,27
41551,28
41552,28
41553,23
41554,23
41555,23
41556,24
41557,27
41558,28
41559,28
41560,23
41561,23
41562,23
41563,24
41564,27
41565,28
41566,28
41567,23
41568,23
41569,23
41570,24
41571,27
41572,28
41573,28
41574,23
41575,23
41576,23
41577,24
41578,27
41579,28
41580,17
41581,17
41582,17
41583,17
41584,21
41585,21
41586,21
41587,17
41588,17
41589,17
41590,17
41591,21
41592,21
41593,21
41594,17
41595,17
41596,17
41597,17
41598,21
41599,21
41600,21
41601,17
41602,17
41603,17
41604,17
41605,21
41606,21
41607,21
41608,17
41609,17
41610,17
41611,17
41612,21
41613,21
41614,21
41615,17
41616,17
41617,17
41618,17
41619,21
41620,21
41621,21
41622,17
41623,17
41624,17
41625,17
41626,21
41627,21
41628,22
41629,17
41630,17
41631,17
41632,17
41633,22
41634,22
41635,22
41636,17
41637,17
41638,17
41639,24
41640,27
41641,27
41642,27
41643,22
41644,23
41645,23
41646,24
41647,27
41648,27
41649,27
41650,22
41651,23
41652,23
41653,24
41654,27
41655,27
41656,27
41657,22
41658,23
41659,23
41660,24
41661,27
41662,27
41663,27
41664,22
41665,23
41666,23
41667,24
41668,27
41669,27
41670,17
41671,17
41672,17
41673,17
41674,21
41675,21
41676,21
41677,17
41678,17
41679,17
41680,17
41681,21
41682,21
41683,21
41684,17
41685,17
41686,17
41687,17
41688,21
41689,21
41690,21
41691,17
41692,17
41693,17
41694,17
41695,21
41696,21
41697,21
41698,17
41699,17
41700,17
41701,17
41702,21
41703,21
41704,21
41705,17
41706,17
41707,17
41708,17
41709,21
41710,21
41711,21
41712,17
41713,17
41714,17
41715,17
41716,21
41717,21
41718,22
41719,17
41720,17
41721,17
41722,17
41723,21
41724,22
41725,22
41726,17
41727,17
41728,17
41729,24
41730,27
41731,27
41732,27
41733,22
41734,22
41735,23
41736,24
41737,27
41738,27
41739,27
41740,22
41741,22
41742,23
41743,24
41744,27
41745,27
41746,27
41747,22
41748,22
41749,23
41750,24
41751,27
41752,27
41753,27
41754,22
41755,22
41756,22
41757,24
41758,27
41759,27
41760,11
41761,11
41762,12
41763,12
41764,14
41765,14
41766,15
41767,11
41768,11
41769,11
41770,12
41771,14
41772,14
41773,15
41774,11
41775,11
41776,11
41777,12
41778,14
41779,14
41780,15
41781,11
41782,11
41783,11
41784,12
41785,14
41786,14
41787,15
41788,11
41789,11
41790,11
41791,12
41792,14
41793,14
41794,15
41795,11
41796,11
41797,11
41798,12
41799,14
41800,15
41801,15
41802,11
41803,11
41804,12
41805,12
41806,14
41807,15
41808,15
41809,11
41810,11
41811,12
41812,12
41813,14
41814,15
41815,16
41816,11
41817,12
41818,12
41819,16
41820,18
41821,19
41822,19
41823,13
41824,15
41825,15
41826,16
41827,18
41828,19
41829,19
41830,13
41831,15
41832,15
41833,16
41834,18
41835,19
41836,19
41837,13
41838,15
41839,15
41840,16
41841,18
41842,19
41843,19
41844,13
41845,15
41846,16
41847,16
41848,18
41849,19
41850,11
41851,11
41852,12
41853,12
41854,14
41855,14
41856,15
41857,11
41858,11
41859,11
41860,12
41861,14
41862,14
41863,15
41864,11
41865,11
41866,11
41867,12
41868,14
41869,14
41870,15
41871,11
41872,11
41873,11
41874,12
41875,14
41876,14
41877,15
41878,11
41879,11
41880,11
41881,12
41882,14
41883,14
41884,15
41885,11
41886,11
41887,11
41888,12
41889,14
41890,15
41891,15
41892,11
41893,11
41894,12
41895,12
41896,14
41897,14
41898,15
41899,11
41900,11
41901,12
41902,12
41903,14
41904,15
41905,16
41906,11
41907,12
41908,12
41909,16
41910,18
41911,19
41912,19
41913,14
41914,15
41915,15
41916,16
41917,18
41918,19
41919,19
41920,14
41921,15
41922,15
41923,16
41924,18
41925,19
41926,19
41927,14
41928,15
41929,15
41930,16
41931,18
41932,19
41933,19
41934,13
41935,15
41936,16
41937,16
41938,18
41939,19
41940,11
41941,11
41942,12
41943,12
41944,13
41945,14
41946,14
41947,11
41948,11
41949,11
41950,12
41951,13
41952,14
41953,14
41954,11
41955,11
41956,11
41957,12
41958,13
41959,14
41960,14
41961,11
41962,11
41963,11
41964,12
41965,13
41966,14
41967,14
41968,11
41969,11
41970,11
41971,12
41972,13
41973,14
41974,14
41975,11
41976,11
41977,11
41978,12
41979,14
41980,14
41981,14
41982,11
41983,11
41984,12
41985,12
41986,14
41987,14
41988,14
41989,11
41990,11
41991,11
41992,12
41993,14
41994,14
41995,15
41996,11
41997,11
41998,12
41999,16
42000,18
42001,19
42002,19
42003,14
42004,15
42005,15
42006,16
42007,18
42008,19
42009,19
42010,14
42011,15
42012,15
42013,16
42014,18
42015,19
42016,19
42017,14
42018,15
42019,15
42020,16
42021,18
42022,19
42023,19
42024,14
42025,15
42026,16
42027,16
42028,18
42029,19
42030,17
42031,18
42032,18
42033,18
42034,21
42035,21
42036,21
42037,17
42038,18
42039,18
42040,18
42041,21
42042,21
42043,21
42044,17
42045,18
42046,18
42047,18
42048,22
42049,22
42050,22
42051,17
42052,17
42053,18
42054,18
42055,22
42056,22
42057,22
42058,17
42059,18
42060,18
42061,19
42062,23
42063,23
42064,23
42065,18
42066,19
42067,19
42068,20
42069,24
42070,23
42071,24
42072,18
42073,19
42074,20
42075,20
42076,24
42077,24
42078,24
42079,18
42080,19
42081,19
42082,19
42083,24
42084,24
42085,24
42086,18
42087,19
42088,19
42089,26
42090,27
42091,30
42092,30
42093,23
42094,26
42095,26
42096,27
42097,27
42098,29
42099,30
42100,23
42101,26
42102,26
42103,27
42104,27
42105,29
42106,29
42107,23
42108,26
42109,26
42110,27
42111,27
42112,29
42113,29
42114,23
42115,26
42116,26
42117,26
42118,26
42119,28
42120,16
42121,17
42122,17
42123,17
42124,20
42125,20
42126,20
42127,16
42128,17
42129,17
42130,17
42131,20
42132,20
42133,20
42134,16
42135,17
42136,17
42137,17
42138,21
42139,21
42140,21
42141,16
42142,17
42143,17
42144,17
42145,22
42146,22
42147,22
42148,16
42149,17
42150,17
42151,18
42152,22
42153,22
42154,22
42155,17
42156,18
42157,18
42158,18
42159,23
42160,23
42161,23
42162,17
42163,18
42164,18
42165,19
42166,23
42167,23
42168,24
42169,17
42170,18
42171,18
42172,18
42173,23
42174,23
42175,23
42176,17
42177,18
42178,18
42179,25
42180,26
42181,29
42182,29
42183,21
42184,23
42185,23
42186,25
42187,26
42188,29
42189,29
42190,21
42191,23
42192,23
42193,25
42194,26
42195,28
42196,28
42197,21
42198,23
42199,23
42200,25
42201,26
42202,28
42203,29
42204,21
42205,23
42206,23
42207,25
42208,25
42209,28
42210,16
42211,17
42212,17
42213,17
42214,20
42215,21
42216,21
42217,16
42218,17
42219,17
42220,17
42221,20
42222,20
42223,20
42224,16
42225,17
42226,17
42227,17
42228,21
42229,21
42230,22
42231,16
42232,17
42233,17
42234,17
42235,22
42236,22
42237,22
42238,16
42239,17
42240,17
42241,18
42242,22
42243,22
42244,22
42245,17
42246,18
42247,18
42248,18
42249,23
42250,23
42251,23
42252,17
42253,18
42254,18
42255,19
42256,23
42257,23
42258,24
42259,17
42260,18
42261,18
42262,18
42263,23
42264,23
42265,23
42266,17
42267,18
42268,18
42269,25
42270,26
42271,29
42272,29
42273,22
42274,24
42275,24
42276,25
42277,26
42278,29
42279,29
42280,22
42281,24
42282,24
42283,25
42284,26
42285,28
42286,28
42287,22
42288,24
42289,24
42290,25
42291,26
42292,28
42293,29
42294,21
42295,24
42296,24
42297,25
42298,25
42299,28
42300,35
42301,36
42302,36
42303,36
42304,43
42305,43
42306,44
42307,35
42308,36
42309,36
42310,36
42311,43
42312,43
42313,44
42314,35
42315,36
42316,36
42317,36
42318,43
42319,43
42320,44
42321,36
42322,36
42323,36
42324,36
42325,43
42326,43
42327,44
42328,36
42329,36
42330,36
42331,36
42332,43
42333,43
42334,44
42335,36
42336,36
42337,36
42338,36
42339,44
42340,44
42341,45
42342,36
42343,36
42344,36
42345,36
42346,44
42347,44
42348,45
42349,36
42350,36
42351,36
42352,36
42353,44
42354,44
42355,44
42356,36
42357,36
42358,36
42359,51
42360,58
42361,58
42362,58
42363,46
42364,47
42365,47
42366,51
42367,58
42368,58
42369,58
42370,46
42371,47
42372,47
42373,51
42374,58
42375,58
42376,58
42377,46
42378,47
42379,47
42380,51
42381,58
42382,58
42383,58
42384,46
42385,47
42386,47
42387,51
42388,58
42389,58
42390,38
42391,38
42392,38
42393,38
42394,50
42395,50
42396,50
42397,38
42398,38
42399,38
42400,38
42401,50
42402,50
42403,50
42404,38
42405,38
42406,38
42407,38
42408,50
42409,50
42410,50
42411,37
42412,38
42413,38
42414,38
42415,50
42416,50
42417,50
42418,38
42419,38
42420,38
42421,38
42422,50
42423,50
42424,50
42425,38
42426,38
42427,38
42428,38
42429,50
42430,50
42431,50
42432,38
42433,38
42434,38
42435,38
42436,50
42437,50
42438,50
42439,38
42440,38
42441,38
42442,38
42443,50
42444,50
42445,50
42446,38
42447,38
42448,38
42449,53
42450,61
42451,61
42452,61
42453,48
42454,49
42455,49
42456,53
42457,61
42458,61
42459,61
42460,48
42461,49
42462,49
42463,53
42464,61
42465,61
42466,61
42467,48
42468,49
42469,49
42470,53
42471,61
42472,61
42473,61
42474,48
42475,49
42476,49
42477,53
42478,61
42479,61
42480,37
42481,38
42482,38
42483,38
42484,49
42485,49
42486,49
42487,37
42488,38
42489,38
42490,38
42491,49
42492,49
42493,49
42494,37
42495,38
42496,38
42497,38
42498,49
42499,49
42500,49
42501,37
42502,38
42503,38
42504,38
42505,49
42506,49
42507,49
42508,37
42509,38
42510,38
42511,38
42512,49
42513,49
42514,49
42515,37
42516,38
42517,38
42518,38
42519,49
42520,49
42521,49
42522,37
42523,38
42524,38
42525,38
42526,49
42527,49
42528,49
42529,37
42530,38
42531,38
42532,38
42533,49
42534,49
42535,49
42536,38
42537,38
42538,38
42539,53
42540,60
42541,61
42542,61
42543,48
42544,49
42545,49
42546,53
42547,60
42548,61
42549,61
42550,48
42551,49
42552,49
42553,53
42554,60
42555,61
42556,61
42557,48
42558,49
42559,49
42560,53
42561,60
42562,61
42563,61
42564,48
42565,49
42566,49
42567,53
42568,60
42569,61
42570,37
42571,38
42572,38
42573,38
42574,48
42575,48
42576,48
42577,37
42578,38
42579,38
42580,38
42581,48
42582,48
42583,48
42584,37
42585,38
42586,38
42587,38
42588,48
42589,48
42590,48
42591,37
42592,38
42593,38
42594,38
42595,48
42596,48
42597,48
42598,37
42599,38
42600,38
42601,38
42602,49
42603,49
42604,49
42605,37
42606,38
42607,38
42608,38
42609,49
42610,49
42611,49
42612,37
42613,38
42614,38
42615,38
42616,49
42617,49
42618,49
42619,37
42620,38
42621,38
42622,38
42623,49
42624,49
42625,49
42626,37
42627,38
42628,38
42629,52
42630,60
42631,60
42632,60
42633,48
42634,49
42635,49
42636,52
42637,60
42638,60
42639,60
42640,48
42641,49
42642,49
42643,52
42644,60
42645,60
42646,60
42647,48
42648,49
42649,49
42650,52
42651,60
42652,60
42653,60
42654,48
42655,49
42656,49
42657,52
42658,60
42659,60
42660,29
42661,29
42662,29
42663,29
42664,34
42665,34
42666,35
42667,29
42668,29
42669,29
42670,29
42671,35
42672,35
42673,35
42674,29
42675,29
42676,29
42677,29
42678,35
42679,35
42680,35
42681,29
42682,29
42683,29
42684,29
42685,35
42686,35
42687,35
42688,29
42689,29
42690,29
42691,29
42692,36
42693,36
42694,35
42695,29
42696,29
42697,30
42698,30
42699,36
42700,36
42701,36
42702,30
42703,30
42704,30
42705,30
42706,36
42707,36
42708,36
42709,30
42710,30
42711,30
42712,30
42713,36
42714,36
42715,36
42716,29
42717,30
42718,30
42719,39
42720,45
42721,45
42722,46
42723,35
42724,36
42725,36
42726,39
42727,45
42728,45
42729,46
42730,35
42731,36
42732,36
42733,39
42734,45
42735,45
42736,46
42737,35
42738,36
42739,36
42740,39
42741,45
42742,46
42743,46
42744,35
42745,36
42746,36
42747,39
42748,45
42749,46
42750,29
42751,29
42752,29
42753,29
42754,34
42755,34
42756,35
42757,29
42758,29
42759,29
42760,29
42761,35
42762,35
42763,35
42764,29
42765,29
42766,29
42767,29
42768,35
42769,35
42770,35
42771,29
42772,29
42773,29
42774,29
42775,35
42776,35
42777,35
42778,29
42779,29
42780,29
42781,29
42782,36
42783,36
42784,35
42785,29
42786,29
42787,30
42788,30
42789,36
42790,36
42791,36
42792,30
42793,30
42794,30
42795,30
42796,36
42797,36
42798,36
42799,30
42800,30
42801,30
42802,30
42803,36
42804,36
42805,36
42806,29
42807,30
42808,30
42809,39
42810,45
42811,45
42812,46
42813,35
42814,36
42815,36
42816,39
42817,45
42818,45
42819,46
42820,35
42821,36
42822,36
42823,39
42824,45
42825,45
42826,46
42827,35
42828,36
42829,36
42830,39
42831,45
42832,46
42833,46
42834,35
42835,36
42836,36
42837,39
42838,45
42839,46
42840,29
42841,29
42842,29
42843,29
42844,34
42845,34
42846,35
42847,29
42848,29
42849,29
42850,29
42851,35
42852,35
42853,35
42854,29
42855,29
42856,29
42857,29
42858,35
42859,35
42860,35
42861,29
42862,29
42863,29
42864,29
42865,35
42866,35
42867,35
42868,29
42869,29
42870,29
42871,29
42872,36
42873,36
42874,35
42875,29
42876,29
42877,30
42878,30
42879,36
42880,36
42881,36
42882,30
42883,30
42884,30
42885,30
42886,36
42887,36
42888,36
42889,30
42890,30
42891,30
42892,30
42893,36
42894,36
42895,36
42896,29
42897,30
42898,30
42899,39
42900,44
42901,45
42902,46
42903,35
42904,36
42905,36
42906,39
42907,44
42908,45
42909,46
42910,35
42911,36
42912,36
42913,39
42914,44
42915,45
42916,46
42917,35
42918,36
42919,36
42920,39
42921,45
42922,45
42923,46
42924,35
42925,36
42926,36
42927,39
42928,45
42929,45
42930,36
42931,40
42932,40
42933,40
42934,50
42935,51
42936,51
42937,35
42938,40
42939,40
42940,40
42941,50
42942,51
42943,51
42944,35
42945,40
42946,40
42947,40
42948,50
42949,51
42950,51
42951,35
42952,40
42953,40
42954,40
42955,50
42956,51
42957,51
42958,36
42959,40
42960,40
42961,40
42962,51
42963,51
42964,52
42965,36
42966,40
42967,40
42968,40
42969,51
42970,52
42971,52
42972,36
42973,40
42974,40
42975,40
42976,51
42977,52
42978,52
42979,36
42980,40
42981,40
42982,40
42983,51
42984,52
42985,52
42986,36
42987,40
42988,40
42989,56
42990,64
42991,64
42992,65
42993,50
42994,54
42995,55
42996,56
42997,63
42998,64
42999,64
43000,50
43001,54
43002,55
43003,56
43004,64
43005,64
43006,64
43007,50
43008,54
43009,55
43010,56
43011,64
43012,64
43013,64
43014,51
43015,54
43016,55
43017,56
43018,64
43019,64
43020,36
43021,40
43022,40
43023,40
43024,49
43025,49
43026,50
43027,35
43028,40
43029,40
43030,40
43031,49
43032,50
43033,50
43034,35
43035,40
43036,40
43037,40
43038,49
43039,50
43040,50
43041,35
43042,40
43043,40
43044,40
43045,48
43046,50
43047,50
43048,36
43049,40
43050,40
43051,40
43052,49
43053,50
43054,50
43055,36
43056,40
43057,40
43058,40
43059,49
43060,50
43061,50
43062,36
43063,40
43064,40
43065,40
43066,49
43067,50
43068,50
43069,36
43070,40
43071,40
43072,40
43073,49
43074,50
43075,50
43076,36
43077,40
43078,40
43079,55
43080,62
43081,62
43082,63
43083,49
43084,53
43085,54
43086,55
43087,62
43088,62
43089,63
43090,49
43091,53
43092,54
43093,55
43094,62
43095,62
43096,63
43097,49
43098,53
43099,54
43100,55
43101,62
43102,63
43103,63
43104,50
43105,53
43106,54
43107,55
43108,62
43109,62
43110,36
43111,40
43112,40
43113,40
43114,49
43115,49
43116,50
43117,35
43118,40
43119,40
43120,40
43121,49
43122,50
43123,50
43124,35
43125,40
43126,40
43127,40
43128,49
43129,50
43130,50
43131,35
43132,40
43133,40
43134,40
43135,48
43136,50
43137,50
43138,36
43139,40
43140,40
43141,40
43142,49
43143,50
43144,50
43145,36
43146,40
43147,40
43148,40
43149,49
43150,50
43151,50
43152,36
43153,40
43154,40
43155,40
43156,49
43157,50
43158,50
43159,36
43160,40
43161,40
43162,40
43163,49
43164,50
43165,50
43166,36
43167,40
43168,40
43169,55
43170,62
43171,62
43172,63
43173,49
43174,53
43175,54
43176,55
43177,62
43178,62
43179,63
43180,49
43181,53
43182,54
43183,55
43184,62
43185,63
43186,63
43187,49
43188,53
43189,54
43190,55
43191,62
43192,63
43193,63
43194,50
43195,53
43196,54
43197,55
43198,62
43199,63
43200,19
43201,20
43202,20
43203,20
43204,25
43205,25
43206,25
43207,19
43208,20
43209,20
43210,20
43211,25
43212,25
43213,25
43214,20
43215,20
43216,20
43217,20
43218,24
43219,25
43220,25
43221,20
43222,20
43223,20
43224,20
43225,24
43226,25
43227,25
43228,20
43229,20
43230,20
43231,20
43232,24
43233,25
43234,25
43235,20
43236,20
43237,20
43238,20
43239,24
43240,25
43241,25
43242,20
43243,20
43244,20
43245,20
43246,24
43247,25
43248,25
43249,20
43250,20
43251,20
43252,20
43253,24
43254,25
43255,25
43256,20
43257,20
43258,20
43259,27
43260,32
43261,32
43262,32
43263,26
43264,26
43265,26
43266,27
43267,32
43268,32
43269,32
43270,26
43271,26
43272,26
43273,27
43274,32
43275,32
43276,32
43277,26
43278,26
43279,26
43280,27
43281,32
43282,32
43283,32
43284,26
43285,26
43286,26
43287,28
43288,32
43289,32
43290,22
43291,22
43292,22
43293,22
43294,29
43295,29
43296,29
43297,22
43298,22
43299,22
43300,22
43301,29
43302,29
43303,29
43304,22
43305,22
43306,22
43307,22
43308,29
43309,29
43310,29
43311,22
43312,22
43313,22
43314,22
43315,29
43316,29
43317,29
43318,22
43319,22
43320,22
43321,22
43322,29
43323,29
43324,29
43325,22
43326,22
43327,22
43328,22
43329,29
43330,29
43331,29
43332,22
43333,22
43334,22
43335,22
43336,29
43337,29
43338,29
43339,22
43340,22
43341,22
43342,22
43343,29
43344,29
43345,29
43346,22
43347,22
43348,22
43349,29
43350,34
43351,34
43352,34
43353,28
43354,28
43355,28
43356,29
43357,34
43358,34
43359,34
43360,28
43361,28
43362,28
43363,29
43364,34
43365,34
43366,34
43367,28
43368,28
43369,28
43370,29
43371,34
43372,34
43373,34
43374,28
43375,28
43376,28
43377,29
43378,34
43379,34
43380,22
43381,22
43382,22
43383,22
43384,28
43385,28
43386,28
43387,22
43388,22
43389,22
43390,22
43391,28
43392,28
43393,28
43394,22
43395,22
43396,22
43397,22
43398,28
43399,28
43400,28
43401,22
43402,22
43403,22
43404,22
43405,28
43406,28
43407,28
43408,22
43409,22
43410,22
43411,22
43412,28
43413,28
43414,28
43415,22
43416,22
43417,22
43418,22
43419,28
43420,28
43421,28
43422,22
43423,22
43424,22
43425,22
43426,28
43427,28
43428,28
43429,22
43430,22
43431,22
43432,22
43433,28
43434,28
43435,28
43436,22
43437,22
43438,22
43439,29
43440,34
43441,34
43442,34
43443,28
43444,28
43445,28
43446,29
43447,34
43448,34
43449,34
43450,28
43451,28
43452,28
43453,29
43454,34
43455,34
43456,34
43457,28
43458,28
43459,28
43460,29
43461,34
43462,34
43463,34
43464,28
43465,28
43466,28
43467,29
43468,34
43469,34
43470,22
43471,22
43472,22
43473,22
43474,27
43475,27
43476,27
43477,22
43478,22
43479,22
43480,22
43481,27
43482,27
43483,27
43484,22
43485,22
43486,22
43487,22
43488,27
43489,27
43490,27
43491,22
43492,22
43493,22
43494,22
43495,27
43496,27
43497,27
43498,22
43499,22
43500,22
43501,22
43502,27
43503,27
43504,27
43505,22
43506,22
43507,22
43508,22
43509,27
43510,27
43511,27
43512,22
43513,22
43514,22
43515,22
43516,27
43517,27
43518,27
43519,22
43520,22
43521,22
43522,22
43523,27
43524,27
43525,27
43526,22
43527,22
43528,22
43529,28
43530,33
43531,33
43532,33
43533,27
43534,27
43535,27
43536,28
43537,33
43538,33
43539,33
43540,27
43541,27
43542,27
43543,28
43544,33
43545,33
43546,33
43547,27
43548,27
43549,27
43550,28
43551,33
43552,33
43553,33
43554,27
43555,27
43556,27
43557,28
43558,33
43559,33
43560,15
43561,15
43562,15
43563,15
43564,20
43565,20
43566,20
43567,15
43568,15
43569,15
43570,15
43571,20
43572,20
43573,20
43574,15
43575,15
43576,15
43577,15
43578,20
43579,20
43580,20
43581,15
43582,15
43583,15
43584,15
43585,20
43586,20
43587,20
43588,15
43589,15
43590,15
43591,15
43592,21
43593,21
43594,21
43595,15
43596,15
43597,15
43598,15
43599,21
43600,21
43601,21
43602,15
43603,15
43604,15
43605,15
43606,21
43607,21
43608,21
43609,15
43610,15
43611,15
43612,15
43613,21
43614,21
43615,21
43616,15
43617,15
43618,15
43619,22
43620,28
43621,28
43622,28
43623,20
43624,21
43625,21
43626,22
43627,28
43628,28
43629,28
43630,20
43631,21
43632,21
43633,22
43634,28
43635,28
43636,28
43637,20
43638,21
43639,21
43640,22
43641,28
43642,28
43643,28
43644,20
43645,21
43646,21
43647,22
43648,28
43649,28
43650,15
43651,15
43652,15
43653,15
43654,20
43655,20
43656,20
43657,15
43658,15
43659,15
43660,15
43661,20
43662,20
43663,20
43664,15
43665,15
43666,15
43667,15
43668,20
43669,20
43670,20
43671,15
43672,15
43673,15
43674,15
43675,20
43676,20
43677,20
43678,15
43679,15
43680,15
43681,15
43682,21
43683,21
43684,21
43685,15
43686,15
43687,15
43688,15
43689,21
43690,21
43691,21
43692,15
43693,15
43694,15
43695,15
43696,21
43697,21
43698,21
43699,15
43700,15
43701,15
43702,15
43703,21
43704,21
43705,21
43706,15
43707,15
43708,15
43709,22
43710,28
43711,28
43712,28
43713,20
43714,21
43715,21
43716,22
43717,28
43718,28
43719,28
43720,20
43721,21
43722,21
43723,22
43724,28
43725,28
43726,28
43727,20
43728,21
43729,21
43730,22
43731,28
43732,28
43733,28
43734,20
43735,21
43736,21
43737,22
43738,28
43739,28
43740,15
43741,15
43742,15
43743,15
43744,20
43745,20
43746,20
43747,15
43748,15
43749,15
43750,15
43751,20
43752,20
43753,20
43754,15
43755,15
43756,15
43757,15
43758,20
43759,20
43760,20
43761,15
43762,15
43763,15
43764,15
43765,20
43766,20
43767,20
43768,15
43769,15
43770,15
43771,15
43772,21
43773,21
43774,21
43775,15
43776,15
43777,15
43778,15
43779,21
43780,21
43781,21
43782,15
43783,15
43784,15
43785,15
43786,21
43787,21
43788,21
43789,15
43790,15
43791,15
43792,15
43793,21
43794,21
43795,21
43796,15
43797,15
43798,15
43799,22
43800,28
43801,28
43802,28
43803,20
43804,21
43805,21
43806,22
43807,28
43808,28
43809,28
43810,20
43811,21
43812,21
43813,22
43814,28
43815,28
43816,28
43817,20
43818,21
43819,21
43820,22
43821,28
43822,28
43823,28
43824,20
43825,21
43826,21
43827,22
43828,28
43829,28
43830,22
43831,22
43832,22
43833,23
43834,29
43835,29
43836,29
43837,22
43838,22
43839,22
43840,23
43841,29
43842,29
43843,29
43844,22
43845,22
43846,22
43847,23
43848,29
43849,29
43850,29
43851,22
43852,22
43853,22
43854,23
43855,29
43856,29
43857,29
43858,22
43859,22
43860,23
43861,23
43862,29
43863,29
43864,30
43865,22
43866,23
43867,23
43868,23
43869,30
43870,30
43871,30
43872,22
43873,23
43874,23
43875,23
43876,30
43877,30
43878,30
43879,22
43880,23
43881,23
43882,23
43883,30
43884,30
43885,30
43886,22
43887,23
43888,23
43889,32
43890,37
43891,37
43892,37
43893,30
43894,31
43895,31
43896,32
43897,37
43898,37
43899,38
43900,30
43901,31
43902,31
43903,32
43904,37
43905,37
43906,38
43907,30
43908,31
43909,31
43910,32
43911,37
43912,37
43913,38
43914,30
43915,31
43916,31
43917,32
43918,37
43919,37
43920,21
43921,22
43922,22
43923,22
43924,29
43925,29
43926,29
43927,21
43928,22
43929,22
43930,22
43931,29
43932,29
43933,29
43934,21
43935,22
43936,22
43937,22
43938,29
43939,29
43940,29
43941,21
43942,22
43943,22
43944,22
43945,29
43946,29
43947,29
43948,21
43949,22
43950,22
43951,23
43952,29
43953,29
43954,29
43955,22
43956,22
43957,23
43958,23
43959,29
43960,29
43961,30
43962,22
43963,22
43964,23
43965,23
43966,29
43967,29
43968,30
43969,22
43970,22
43971,23
43972,23
43973,29
43974,29
43975,30
43976,22
43977,22
43978,23
43979,32
43980,36
43981,37
43982,37
43983,29
43984,31
43985,31
43986,32
43987,37
43988,37
43989,37
43990,29
43991,31
43992,31
43993,32
43994,37
43995,37
43996,37
43997,29
43998,31
43999,31
44000,32
44001,36
44002,37
44003,37
44004,29
44005,31
44006,31
44007,32
44008,36
44009,37
44010,21
44011,22
44012,22
44013,22
44014,29
44015,29
44016,29
44017,21
44018,22
44019,22
44020,22
44021,29
44022,29
44023,29
44024,21
44025,22
44026,22
44027,22
44028,29
44029,29
44030,29
44031,21
44032,22
44033,22
44034,22
44035,29
44036,29
44037,29
44038,21
44039,22
44040,22
44041,23
44042,29
44043,29
44044,29
44045,22
44046,22
44047,23
44048,23
44049,29
44050,29
44051,30
44052,22
44053,22
44054,23
44055,23
44056,29
44057,29
44058,30
44059,22
44060,22
44061,23
44062,23
44063,29
44064,29
44065,30
44066,22
44067,22
44068,23
44069,32
44070,36
44071,37
44072,37
44073,29
44074,31
44075,31
44076,32
44077,37
44078,37
44079,37
44080,29
44081,31
44082,31
44083,32
44084,37
44085,37
44086,37
44087,29
44088,31
44089,31
44090,32
44091,36
44092,37
44093,37
44094,29
44095,31
44096,31
44097,32
44098,36
44099,37
44100,40
44101,42
44102,42
44103,42
44104,49
44105,49
44106,51
44107,39
44108,42
44109,42
44110,42
44111,50
44112,50
44113,52
44114,37
44115,41
44116,41
44117,41
44118,49
44119,49
44120,52
44121,36
44122,41
44123,41
44124,42
44125,49
44126,50
44127,51
44128,38
44129,44
44130,44
44131,46
44132,51
44133,52
44134,56
44135,40
44136,45
44137,46
44138,46
44139,51
44140,54
44141,60
44142,39
44143,45
44144,45
44145,45
44146,51
44147,56
44148,60
44149,39
44150,44
44151,45
44152,45
44153,51
44154,56
44155,59
44156,39
44157,44
44158,45
44159,63
44160,68
44161,68
44162,70
44163,50
44164,57
44165,57
44166,63
44167,66
44168,65
44169,66
44170,51
44171,58
44172,58
44173,63
44174,65
44175,65
44176,67
44177,51
44178,59
44179,59
44180,62
44181,64
44182,64
44183,67
44184,50
44185,58
44186,59
44187,63
44188,66
44189,67
44190,49
44191,58
44192,58
44193,59
44194,69
44195,69
44196,69
44197,49
44198,58
44199,58
44200,59
44201,69
44202,69
44203,69
44204,50
44205,58
44206,58
44207,59
44208,69
44209,69
44210,69
44211,50
44212,58
44213,58
44214,59
44215,68
44216,68
44217,68
44218,51
44219,58
44220,58
44221,59
44222,70
44223,70
44224,71
44225,50
44226,58
44227,58
44228,59
44229,74
44230,74
44231,76
44232,50
44233,58
44234,58
44235,59
44236,75
44237,75
44238,75
44239,50
44240,58
44241,58
44242,59
44243,76
44244,76
44245,76
44246,50
44247,58
44248,58
44249,84
44250,98
44251,100
44252,100
44253,69
44254,78
44255,79
44256,83
44257,97
44258,98
44259,99
44260,69
44261,78
44262,78
44263,83
44264,97
44265,98
44266,99
44267,68
44268,78
44269,78
44270,83
44271,97
44272,98
44273,99
44274,69
44275,77
44276,78
44277,83
44278,98
44279,99
44280,46
44281,53
44282,53
44283,55
44284,62
44285,62
44286,63
44287,46
44288,53
44289,53
44290,55
44291,62
44292,62
44293,63
44294,46
44295,53
44296,53
44297,55
44298,62
44299,62
44300,63
44301,47
44302,53
44303,53
44304,55
44305,62
44306,62
44307,63
44308,47
44309,53
44310,53
44311,55
44312,62
44313,63
44314,65
44315,47
44316,53
44317,54
44318,55
44319,65
44320,66
44321,68
44322,47
44323,53
44324,54
44325,55
44326,68
44327,68
44328,68
44329,47
44330,53
44331,54
44332,55
44333,68
44334,68
44335,68
44336,47
44337,53
44338,54
44339,72
44340,81
44341,84
44342,85
44343,65
44344,70
44345,70
44346,72
44347,81
44348,83
44349,84
44350,65
44351,70
44352,70
44353,72
44354,80
44355,83
44356,84
44357,64
44358,70
44359,70
44360,72
44361,80
44362,83
44363,84
44364,65
44365,70
44366,70
44367,72
44368,80
44369,83
44370,45
44371,52
44372,52
44373,53
44374,60
44375,60
44376,61
44377,45
44378,52
44379,52
44380,53
44381,60
44382,60
44383,61
44384,45
44385,52
44386,52
44387,53
44388,60
44389,60
44390,61
44391,45
44392,52
44393,52
44394,53
44395,60
44396,60
44397,61
44398,46
44399,52
44400,52
44401,53
44402,60
44403,61
44404,63
44405,46
44406,52
44407,52
44408,53
44409,64
44410,65
44411,67
44412,46
44413,52
44414,52
44415,53
44416,66
44417,67
44418,67
44419,46
44420,52
44421,52
44422,53
44423,66
44424,67
44425,67
44426,46
44427,52
44428,52
44429,71
44430,80
44431,83
44432,84
44433,59
44434,66
44435,66
44436,71
44437,80
44438,83
44439,84
44440,60
44441,66
44442,67
44443,71
44444,80
44445,83
44446,83
44447,60
44448,66
44449,67
44450,71
44451,79
44452,83
44453,83
44454,59
44455,66
44456,66
44457,71
44458,79
44459,82
44460,31
44461,33
44462,34
44463,35
44464,45
44465,45
44466,47
44467,30
44468,33
44469,34
44470,35
44471,44
44472,44
44473,46
44474,30
44475,33
44476,34
44477,35
44478,44
44479,44
44480,46
44481,30
44482,33
44483,34
44484,35
44485,44
44486,45
44487,47
44488,30
44489,33
44490,35
44491,38
44492,46
44493,47
44494,50
44495,31
44496,35
44497,37
44498,39
44499,47
44500,47
44501,49
44502,32
44503,37
44504,38
44505,39
44506,46
44507,47
44508,49
44509,32
44510,37
44511,38
44512,39
44513,48
44514,48
44515,50
44516,31
44517,36
44518,37
44519,50
44520,53
44521,55
44522,57
44523,38
44524,46
44525,48
44526,50
44527,53
44528,55
44529,57
44530,38
44531,45
44532,48
44533,50
44534,54
44535,56
44536,58
44537,38
44538,45
44539,48
44540,51
44541,55
44542,57
44543,59
44544,39
44545,45
44546,47
44547,52
44548,56
44549,59
44550,31
44551,33
44552,34
44553,35
44554,44
44555,45
44556,46
44557,30
44558,33
44559,34
44560,35
44561,44
44562,44
44563,45
44564,30
44565,33
44566,34
44567,35
44568,44
44569,44
44570,45
44571,30
44572,33
44573,34
44574,35
44575,44
44576,44
44577,45
44578,30
44579,33
44580,35
44581,38
44582,46
44583,48
44584,49
44585,31
44586,35
44587,37
44588,39
44589,47
44590,47
44591,49
44592,32
44593,36
44594,37
44595,39
44596,46
44597,47
44598,49
44599,32
44600,36
44601,37
44602,39
44603,48
44604,48
44605,49
44606,32
44607,36
44608,37
44609,49
44610,53
44611,55
44612,56
44613,38
44614,44
44615,46
44616,49
44617,54
44618,56
44619,57
44620,37
44621,44
44622,46
44623,49
44624,55
44625,57
44626,57
44627,37
44628,43
44629,46
44630,50
44631,55
44632,57
44633,58
44634,38
44635,44
44636,46
44637,51
44638,56
44639,59
44640,27
44641,32
44642,33
44643,34
44644,40
44645,41
44646,42
44647,26
44648,31
44649,33
44650,35
44651,40
44652,41
44653,41
44654,26
44655,31
44656,33
44657,34
44658,40
44659,41
44660,41
44661,27
44662,31
44663,33
44664,35
44665,40
44666,41
44667,43
44668,27
44669,32
44670,34
44671,38
44672,43
44673,45
44674,47
44675,28
44676,34
44677,36
44678,39
44679,43
44680,45
44681,48
44682,27
44683,35
44684,37
44685,39
44686,44
44687,46
44688,48
44689,28
44690,35
44691,37
44692,39
44693,44
44694,45
44695,47
44696,28
44697,35
44698,37
44699,48
44700,52
44701,53
44702,54
44703,37
44704,42
44705,44
44706,47
44707,52
44708,53
44709,55
44710,36
44711,42
44712,44
44713,47
44714,52
44715,53
44716,55
44717,36
44718,42
44719,44
44720,48
44721,52
44722,54
44723,56
44724,38
44725,42
44726,44
44727,48
44728,53
44729,54
44730,52
44731,56
44732,56
44733,58
44734,62
44735,65
44736,66
44737,50
44738,54
44739,54
44740,57
44741,62
44742,66
44743,67
44744,51
44745,54
44746,54
44747,57
44748,63
44749,66
44750,67
44751,51
44752,54
44753,55
44754,58
44755,64
44756,67
44757,67
44758,54
44759,60
44760,60
44761,62
44762,71
44763,72
44764,77
44765,51
44766,59
44767,60
44768,62
44769,75
44770,75
44771,79
44772,55
44773,61
44774,61
44775,64
44776,75
44777,75
44778,79
44779,55
44780,62
44781,62
44782,64
44783,76
44784,76
44785,80
44786,55
44787,62
44788,62
44789,84
44790,92
44791,99
44792,98
44793,65
44794,82
44795,82
44796,84
44797,92
44798,98
44799,98
44800,66
44801,82
44802,82
44803,84
44804,91
44805,97
44806,96
44807,67
44808,83
44809,83
44810,85
44811,90
44812,96
44813,96
44814,66
44815,82
44816,83
44817,85
44818,91
44819,97
44820,42
44821,50
44822,52
44823,53
44824,55
44825,62
44826,64
44827,42
44828,50
44829,51
44830,52
44831,55
44832,63
44833,63
44834,42
44835,50
44836,51
44837,52
44838,56
44839,62
44840,63
44841,44
44842,51
44843,52
44844,53
44845,56
44846,63
44847,64
44848,44
44849,52
44850,54
44851,56
44852,60
44853,66
44854,68
44855,46
44856,53
44857,55
44858,57
44859,66
44860,67
44861,68
44862,48
44863,53
44864,55
44865,57
44866,67
44867,69
44868,70
44869,47
44870,54
44871,55
44872,57
44873,66
44874,67
44875,69
44876,47
44877,53
44878,55
44879,69
44880,81
44881,82
44882,84
44883,56
44884,63
44885,65
44886,69
44887,81
44888,82
44889,84
44890,57
44891,62
44892,64
44893,68
44894,79
44895,80
44896,82
44897,58
44898,62
44899,64
44900,67
44901,77
44902,79
44903,80
44904,58
44905,62
44906,63
44907,66
44908,76
44909,78
44910,43
44911,51
44912,53
44913,53
44914,57
44915,64
44916,66
44917,43
44918,51
44919,52
44920,52
44921,57
44922,64
44923,64
44924,43
44925,51
44926,52
44927,52
44928,57
44929,63
44930,64
44931,45
44932,52
44933,53
44934,53
44935,57
44936,64
44937,65
44938,46
44939,53
44940,54
44941,57
44942,61
44943,66
44944,67
44945,47
44946,54
44947,56
44948,57
44949,66
44950,67
44951,67
44952,48
44953,54
44954,56
44955,57
44956,67
44957,69
44958,70
44959,49
44960,54
44961,56
44962,57
44963,66
44964,67
44965,68
44966,49
44967,54
44968,56
44969,74
44970,82
44971,82
44972,85
44973,59
44974,67
44975,70
44976,73
44977,82
44978,83
44979,85
44980,60
44981,65
44982,69
44983,72
44984,80
44985,81
44986,83
44987,61
44988,64
44989,67
44990,70
44991,77
44992,79
44993,80
44994,60
44995,64
44996,66
44997,69
44998,76
44999,78
